Property Name,Floorplan,Unit,Floor,Bedrooms,Bathrooms,Partial Bathrooms,SF,Available On,Deposit,Term,Est AMI Level,Last Asking Rent,Asking Rent PSF,Last Effective Rent,Effective Rent PSF,On Market Date,Off Market Date,Days on Market,Days Vacant
Seasons of Traverse Mountain,1BD/1Bth Jr,O2124,2,1,1,,654,3/20/2026,500,12,60%,1235,1.89,1132,1.73,2026-02-06,2026-02-09,4,0
Seasons of Traverse Mountain,1BD/1Bth Jr,I3074,3,1,1,,654,11/8/2023,400,,60%,1425,2.18,1425,2.18,2023-11-08,2023-11-14,7,7
Seasons of Traverse Mountain,1BD/1Bth Jr,I3074,3,1,1,,654,5/2/2025,400,,60%,1339,2.05,1339,2.05,2025-05-06,2025-05-17,12,12
Seasons of Traverse Mountain,1BD/1Bth Jr,I3074,3,1,1,,654,2/26/2026,500,18,60%,1225,1.87,1157,1.77,2026-02-24,2026-03-14,19,17
Seasons of Traverse Mountain,1BD/1Bth Jr,H2066,2,1,1,,654,4/18/2026,500,18,60%,1225,1.87,1157,1.77,2026-02-24,2026-03-04,9,0
Seasons of Traverse Mountain,1BD/1Bth Jr,O3127,3,1,1,,654,5/6/2026,500,14,60%,1245,1.9,1156,1.77,2026-02-26,2026-03-17,20,0
Seasons of Traverse Mountain,1BD/1Bth Jr,P1135,1,1,1,,654,3/22/2026,500,12,60%,1265,1.93,1160,1.77,2026-02-14,2026-03-19,34,0
Seasons of Traverse Mountain,1BD/1Bth Jr,H2068,2,1,1,,654,2/6/2026,500,12,60%,1277,1.95,1171,1.79,2026-02-06,2026-03-11,34,34
Seasons of Traverse Mountain,1BD/1Bth Jr,J1087,1,1,1,,654,6/4/2025,400,,60%,1334,2.04,1334,2.04,2025-05-06,2025-06-06,32,3
Seasons of Traverse Mountain,1BD/1Bth Jr,J1087,1,1,1,,654,3/4/2026,500,12,60%,1280,1.96,1173,1.79,2026-02-06,2026-02-14,9,0
Seasons of Traverse Mountain,1BD/1Bth Jr,I2076,2,1,1,,654,5/9/2026,500,16,60%,1265,1.93,1186,1.81,2026-03-08,2026-03-19,12,0
Seasons of Traverse Mountain,1BD/1Bth Jr,O1127,1,1,1,,654,4/3/2026,500,15,60%,1295,1.98,1209,1.85,2026-03-10,2026-04-11,33,9
Seasons of Traverse Mountain,1BD/1Bth Jr,O1124,1,1,1,,654,4/14/2026,500,16,60%,1295,1.98,1214,1.86,2026-02-24,2026-04-15,51,2
Seasons of Traverse Mountain,1BD/1Bth Jr,P2133,2,1,1,,654,4/20/2026,500,15,60%,1295,1.98,1295,1.98,2026-04-20,2026-05-27,38,38
Seasons of Traverse Mountain,1BD/1Bth Jr,P3130,3,1,1,,654,11/8/2023,400,,60%,1425,2.18,1425,2.18,2023-11-08,2023-11-14,7,7
Seasons of Traverse Mountain,1BD/1Bth Jr,P3130,3,1,1,,654,5/23/2026,500,15,60%,1295,1.98,1295,1.98,2026-05-15,2026-05-21,7,0
Seasons of Traverse Mountain,1BD/1Bth Jr,O2122,2,1,1,,654,6/3/2026,500,17,60%,1305,2,1305,2,2026-03-31,2026-04-07,8,0
Seasons of Traverse Mountain,1BD/1Bth Jr,O3122,3,1,1,,654,7/11/2025,400,,60%,1286,1.97,1286,1.97,2025-05-09,2025-06-04,27,0
Seasons of Traverse Mountain,1BD/1Bth Jr,O3122,3,1,1,,654,7/31/2026,500,15,60%,1315,2.01,1315,2.01,2026-04-20,2026-06-09,51,0
Seasons of Traverse Mountain,1BD/1Bth Jr,J1084,1,1,1,,654,2/12/2026,500,14,60%,1255,1.92,1165,1.78,2026-01-31,2026-02-27,28,16
Seasons of Traverse Mountain,1BD/1Bth Jr,J1084,1,1,1,,654,7/7/2026,500,15,60%,1325,2.03,1325,2.03,2026-06-01,2026-06-18,18,0
Seasons of Traverse Mountain,1BD/1Bth Jr,P4135,4,1,1,,654,6/17/2023,400,,60%,1490,2.28,1490,2.28,,2023-11-14,,
Seasons of Traverse Mountain,1BD/1Bth Jr,P4135,4,1,1,,654,5/30/2026,500,14,60%,1325,2.03,1325,2.03,2026-05-19,2026-05-30,12,1
Seasons of Traverse Mountain,1BD/1Bth Jr,P2135,2,1,1,,654,6/25/2026,500,15,60%,1325,2.03,1325,2.03,2026-04-20,2026-06-02,44,0
Seasons of Traverse Mountain,1BD/1Bth Jr,J3082,3,1,1,,654,8/15/2026,500,15,60%,1355,2.07,1355,2.07,2026-07-07,2026-07-10,4,0
Seasons of Traverse Mountain,1BD/1Bth Jr,H1068,1,1,1,,654,7/24/2026,500,15,80%,1445,2.21,1445,2.21,2026-07-08,,6,0
Seasons of Traverse Mountain,1BD/1Bth Jr,J-J2087,2,1,1,,654,10/7/2025,500,,50%,1021,1.56,959,1.47,2025-08-30,2025-11-08,71,33
Seasons of Traverse Mountain,1BD/1Bth Jr,H-H2069,2,1,1,,654,1/21/2026,500,,50%,1163,1.78,1163,1.78,2026-01-21,2026-01-22,2,2
Seasons of Traverse Mountain,1Bd/1Bth Jr,J-J3085,3,1,1,,654,8/17/2025,,,60%,1190,1.82,1190,1.82,2025-08-09,2025-08-28,20,12
Seasons of Traverse Mountain,1BD/1Bth Jr,P-P3133,3,1,1,,654,10/25/2025,500,,60%,1199,1.83,1140,1.74,2025-09-11,2025-11-12,63,19
Seasons of Traverse Mountain,1BD/1Bth Jr,I-I4079,4,1,1,,654,9/23/2025,500,,60%,1199,1.83,1140,1.74,2025-08-16,2025-11-12,89,51
Seasons of Traverse Mountain,1BD/1Bth Jr,J-J2085,2,1,1,,654,10/26/2025,500,,60%,1199,1.83,1153,1.76,2025-10-19,2025-11-16,29,22
Seasons of Traverse Mountain,1BD/1Bth Jr,H-H2068,2,1,1,,654,2/7/2026,500,,60%,1205,1.84,1105,1.69,2026-01-17,2026-01-29,13,0
Seasons of Traverse Mountain,1BD/1Bth Jr,O-O4127,4,1,1,,654,12/25/2025,500,,60%,1207,1.85,1207,1.85,2025-12-17,2025-12-22,6,0
Seasons of Traverse Mountain,1Bd/1Bth Jr,J-J2084,2,1,1,,654,10/15/2025,500,,60%,1214,1.86,1214,1.86,2025-10-10,2025-10-14,5,0
Seasons of Traverse Mountain,1BD/1Bth Jr,J-J1084,1,1,1,,654,2/13/2026,500,,60%,1215,1.86,1114,1.7,2026-01-17,2026-01-31,15,0
Seasons of Traverse Mountain,1BD/1Bth Jr,H-H3071,3,1,1,,654,10/7/2025,500,,60%,1218,1.86,1218,1.86,2025-09-13,2025-12-14,93,69
Seasons of Traverse Mountain,1Bd/1Bth Jr,O-O2127,2,1,1,,654,12/3/2025,500,,60%,1233,1.89,1233,1.89,2025-10-04,2025-10-10,7,0
Seasons of Traverse Mountain,1Bd/1Bth Jr,J-J2082,2,1,1,,654,8/20/2025,,,60%,1235,1.89,1235,1.89,2025-08-20,2025-08-22,3,3
Seasons of Traverse Mountain,1 Bedroom 1 Bath Jr.,P2132,2,1,1,,654,7/26/2025,400,,60%,1236,1.89,1236,1.89,2025-05-22,2025-07-29,69,4
Seasons of Traverse Mountain,1BD/1Bth Jr,P-P3130,3,1,1,,654,11/15/2025,500,,60%,1237,1.89,1237,1.89,2025-11-11,2025-12-17,37,33
Seasons of Traverse Mountain,1Bd/1Bth Jr,J-J3082,3,1,1,,654,9/23/2025,500,,60%,1251,1.91,1251,1.91,2025-08-16,2025-09-25,41,3
Seasons of Traverse Mountain,1Bd/1Bth Jr,H-H4068,4,1,1,,654,9/26/2025,,,60%,1270,1.94,1270,1.94,2025-08-07,2025-08-12,6,0
Seasons of Traverse Mountain,1BD/1Bth Jr,O2125,2,1,1,,654,6/8/2025,400,,60%,1336,2.04,1336,2.04,2025-05-06,2025-05-16,11,0
Seasons of Traverse Mountain,1BD/1Bth Jr,O2125,2,1,1,,654,5/31/2026,500,15,60%,1280,1.96,1280,1.96,2026-05-27,2026-06-17,22,18
Seasons of Traverse Mountain,1 Bedroom 1 Bath Jr.,P4132,4,1,1,,654,6/27/2025,400,,60%,1281,1.96,1281,1.96,2025-05-09,2025-06-17,40,0
Seasons of Traverse Mountain,1 Bedroom 1 Bath Jr.,H4071,4,1,1,,654,7/23/2025,400,,60%,1281,1.96,1281,1.96,2025-05-06,2025-07-29,85,7
Seasons of Traverse Mountain,1 Bedroom 1 Bath Jr.,H1071,1,1,1,,654,7/11/2025,400,,60%,1283,1.96,1283,1.96,2025-06-10,2025-07-29,50,19
Seasons of Traverse Mountain,1 Bedroom 1 Bath Jr.,J2084,2,1,1,,654,6/2/2025,400,,60%,1336,2.04,1336,2.04,2025-05-06,2025-05-09,4,0
Seasons of Traverse Mountain,1 Bedroom 1 Bath Jr.,H2071,2,1,1,,654,11/8/2023,400,,60%,1425,2.18,1425,2.18,2023-11-08,2023-11-14,7,7
Seasons of Traverse Mountain,1 Bedroom 1 Bath Jr.,O3125,3,1,1,,654,11/8/2023,400,,60%,1425,2.18,1425,2.18,2023-11-08,2023-11-14,7,7
Seasons of Traverse Mountain,1 Bedroom 1 Bath Jr.,I3077,3,1,1,,654,11/8/2023,400,,60%,1425,2.18,1425,2.18,2023-11-08,2023-11-14,7,7
Seasons of Traverse Mountain,1 Bedroom 1 Bath Jr.,J2087,2,1,1,,654,12/3/2023,400,,60%,1425,2.18,1425,2.18,2023-11-11,2023-11-14,4,0
Seasons of Traverse Mountain,1 Bedroom 1 Bath Jr.,H4066,4,1,1,,654,11/28/2023,400,,80%,1445,2.21,1445,2.21,2023-11-08,2023-11-14,7,0
Seasons of Traverse Mountain,1 Bedroom 1 Bath Jr.,O4125,4,1,1,,654,12/2/2023,400,,80%,1445,2.21,1445,2.21,2023-11-08,2023-11-14,7,0
Seasons of Traverse Mountain,1 Bedroom 1 Bath Jr.,I1079,1,1,1,,654,6/16/2025,400,,80%,1461,2.23,1461,2.23,2025-05-06,2025-05-16,11,0
Seasons of Traverse Mountain,1BD/1Bth Large,N3119,3,1,1,,747,10/11/2025,500,,60%,1245,1.67,1245,1.67,2025-09-11,2025-09-16,6,0
Seasons of Traverse Mountain,1BD/1Bth Large,N3119,3,1,1,,747,2/15/2026,500,12,60%,1235,1.65,1132,1.52,2026-01-30,2026-02-01,3,0
Seasons of Traverse Mountain,1BD/1Bth Large,E4045,4,1,1,,747,4/11/2026,500,12,60%,1255,1.68,1150,1.54,2026-02-24,2026-02-25,2,0
Seasons of Traverse Mountain,1BD/1Bth Large,L2100,2,1,1,,747,7/4/2026,500,15,60%,1285,1.72,1285,1.72,2026-04-20,2026-05-23,34,0
Seasons of Traverse Mountain,1BD/1Bth Large,A3008,3,1,1,,747,2/19/2026,500,12,60%,1335,1.79,1224,1.64,2026-02-10,2026-02-27,18,9
Seasons of Traverse Mountain,1BD/1Bth Large,C4022,4,1,1,,747,7/9/2026,500,15,60%,1315,1.76,1227,1.64,2026-03-31,2026-05-18,49,0
Seasons of Traverse Mountain,1BD/1Bth Large,K4092,4,1,1,,747,3/10/2026,500,12,60%,1360,1.82,1247,1.67,2026-02-06,2026-02-15,10,0
Seasons of Traverse Mountain,1BD/1Bth Large,A1008,1,1,1,,747,4/10/2026,500,12,60%,1384,1.85,1269,1.7,2026-01-31,2026-03-08,37,0
Seasons of Traverse Mountain,1BD/1Bth Large,C2022,2,1,1,,747,3/31/2026,500,12,60%,1396,1.87,1280,1.71,2026-03-31,2026-04-01,2,2
Seasons of Traverse Mountain,1BD/1Bth Large,M4106,4,1,1,,747,6/2/2025,400,,60%,1326,1.78,1326,1.78,2025-05-06,2025-06-01,27,0
Seasons of Traverse Mountain,1BD/1Bth Large,M4106,4,1,1,,747,6/10/2026,500,13,60%,1406,1.88,1298,1.74,2026-03-31,2026-04-01,2,0
Seasons of Traverse Mountain,1BD/1Bth Large,E3044,3,1,1,,747,6/8/2025,400,,60%,1406,1.88,1406,1.88,2025-05-09,2025-05-23,15,0
Seasons of Traverse Mountain,1BD/1Bth Large,E3044,3,1,1,,747,6/18/2026,500,14,60%,1385,1.85,1385,1.85,2026-04-28,2026-05-21,24,0
Seasons of Traverse Mountain,1BD/1Bth Large,E4044,4,1,1,,747,7/14/2026,500,13,60%,1405,1.88,1297,1.74,2026-04-30,2026-05-19,20,0
Seasons of Traverse Mountain,1BD/1Bth Large,C4027,4,1,1,,747,5/14/2026,500,15,60%,1425,1.91,1330,1.78,2026-04-19,2026-04-24,6,0
Seasons of Traverse Mountain,1BD/1Bth Large,C1024,1,1,1,,747,5/26/2025,400,,80%,1454,1.95,1454,1.95,2025-05-06,2025-05-28,23,3
Seasons of Traverse Mountain,1BD/1Bth Large,C1024,1,1,1,,747,7/7/2026,500,14,80%,1435,1.92,1435,1.92,2026-05-01,2026-06-15,46,0
Seasons of Traverse Mountain,1BD/1Bth Large,A2002,2,1,1,,747,8/18/2026,500,15,80%,1445,1.93,1445,1.93,2026-07-10,,4,0
Seasons of Traverse Mountain,1BD/1Bth Large,M3106,3,1,1,,747,9/10/2026,500,15,80%,1455,1.95,1455,1.95,2026-07-06,2026-07-07,2,0
Seasons of Traverse Mountain,1BD/1Bth Large,M1111,1,1,1,,747,7/23/2026,500,14,80%,1475,1.97,1475,1.97,2026-06-26,2026-07-12,17,0
Seasons of Traverse Mountain,1BD/1Bth Large,N4119,4,1,1,,747,7/26/2025,400,,80%,1321,1.77,1321,1.77,2025-06-05,2025-07-29,55,4
Seasons of Traverse Mountain,1BD/1Bth Large,N4119,4,1,1,,747,8/9/2026,500,15,80%,1475,1.97,1475,1.97,2026-07-02,,12,0
Seasons of Traverse Mountain,1BD/1Bth Large,M3111,3,1,1,,747,11/9/2023,400,,80%,1470,1.97,1470,1.97,2023-11-08,2023-11-14,7,6
Seasons of Traverse Mountain,1BD/1Bth Large,M3111,3,1,1,,747,9/9/2026,500,15,80%,1505,2.01,1505,2.01,2026-07-02,,12,0
Seasons of Traverse Mountain,1BD/1Bth Large,C3028,3,1,1,,747,7/14/2026,500,15,80%,1505,2.01,1505,2.01,2026-05-19,2026-07-07,50,0
Seasons of Traverse Mountain,1BD/1Bth Large,N1116,1,1,1,,747,7/21/2025,400,,80%,1321,1.77,1321,1.77,2025-05-20,2025-07-29,71,9
Seasons of Traverse Mountain,1BD/1Bth Large,N1116,1,1,1,,747,8/26/2026,500,15,80%,1505,2.01,1505,2.01,2026-05-21,,54,0
Seasons of Traverse Mountain,1BD/1Bth Large,C4024,4,1,1,,747,8/9/2026,500,15,80%,1505,2.01,1505,2.01,2026-06-16,2026-06-23,8,0
Seasons of Traverse Mountain,1BD/1Bth Large,C1028,1,1,1,,747,8/30/2026,500,15,80%,1585,2.12,1585,2.12,2026-04-28,,77,0
Seasons of Traverse Mountain,1BD/1Bth Large,A-A1004,1,1,1,,747,1/27/2026,500,,50%,1175,1.57,1092,1.46,2026-01-17,2026-01-18,2,0
Seasons of Traverse Mountain,1BD/1Bth Large,N3116,3,1,1,,747,8/9/2025,500,,50%,1182,1.58,1182,1.58,2025-06-11,2025-09-20,102,43
Seasons of Traverse Mountain,1BD/1Bth Large,N3117,3,1,1,,747,7/26/2025,400,,60%,1189,1.59,1189,1.59,2025-05-23,2025-08-08,78,14
Seasons of Traverse Mountain,1BD/1Bth Large,M-M2108,2,1,1,,747,12/10/2025,500,,60%,1190,1.59,1107,1.48,2025-12-03,2026-01-13,42,35
Seasons of Traverse Mountain,1BD/1Bth Large,L-L4101,4,1,1,,747,2/25/2026,500,,60%,1195,1.6,1112,1.49,2026-01-17,2026-01-19,3,0
Seasons of Traverse Mountain,1BD/1Bth Large,K-K4095,4,1,1,,747,10/9/2025,500,,60%,1201,1.61,1145,1.53,2025-08-29,2025-11-13,77,36
Seasons of Traverse Mountain,1BD/1Bth Large,A-A2002,2,1,1,,747,12/12/2025,500,,60%,1205,1.61,1122,1.5,2025-12-03,2026-01-14,43,34
Seasons of Traverse Mountain,1BD/1Bth Large,C-C2028,2,1,1,,747,10/1/2025,500,,60%,1220,1.63,1143,1.53,2025-08-28,2025-11-07,72,38
Seasons of Traverse Mountain,1BD/1Bth Large,M-M4109,4,1,1,,747,11/4/2025,500,,60%,1220,1.63,1146,1.53,2025-09-26,2025-11-08,44,5
Seasons of Traverse Mountain,1BD/1Bth Large,A-A1008,1,1,1,,747,10/9/2025,500,,60%,1233,1.65,1186,1.59,2025-08-20,2025-10-31,73,23
Seasons of Traverse Mountain,1BD/1Bth Large,K-K1092,1,1,1,,747,8/24/2025,,,60%,1234,1.65,1234,1.65,2025-07-31,2025-08-07,8,0
Seasons of Traverse Mountain,1BD/1Bth Large,E-E4045,4,1,1,,747,11/7/2025,500,,60%,1234,1.65,1234,1.65,2025-10-01,2025-10-10,10,0
Seasons of Traverse Mountain,1BD/1Bth Large,L-L1103,1,1,1,,747,12/26/2025,500,,60%,1235,1.65,1152,1.54,2025-12-20,2026-01-03,15,9
Seasons of Traverse Mountain,1BD/1Bth Large,K-K4090,4,1,1,,747,11/22/2025,500,,60%,1235,1.65,1235,1.65,2025-09-26,2025-10-01,6,0
Seasons of Traverse Mountain,1BD/1Bth Large,C-C3024,3,1,1,,747,12/18/2025,500,,60%,1238,1.66,1238,1.66,2025-12-13,2025-12-16,4,0
Seasons of Traverse Mountain,1BD/1Bth Large,A-A3008,3,1,1,,747,2/14/2026,500,,60%,1245,1.67,1141,1.53,2026-01-30,2026-01-31,2,0
Seasons of Traverse Mountain,1BD/1Bth Large,C-C4025,4,1,1,,747,10/9/2025,500,,60%,1257,1.68,1257,1.68,2025-08-28,2025-09-13,17,0
Seasons of Traverse Mountain,1 Bedroom 1 Bath Large,A3005,3,1,1,,747,6/16/2025,400,,60%,1276,1.71,1276,1.71,2025-05-06,2025-06-17,43,2
Seasons of Traverse Mountain,1 Bedroom 1 Bath Large,A3002,3,1,1,,747,6/30/2025,400,,60%,1278,1.71,1278,1.71,2025-05-22,2025-07-29,69,30
Seasons of Traverse Mountain,1 Bedroom 1 Bath Large,K3093,3,1,1,,747,6/11/2025,400,,60%,1279,1.71,1279,1.71,2025-05-06,2025-07-29,85,49
Seasons of Traverse Mountain,1 Bedroom 1 Bath Large,K3092,3,1,1,,747,6/13/2025,400,,60%,1279,1.71,1279,1.71,2025-06-04,2025-06-17,14,5
Seasons of Traverse Mountain,1 Bedroom 1 Bath Large,C3025,3,1,1,,747,6/21/2025,400,,60%,1279,1.71,1279,1.71,2025-05-06,2025-07-29,85,39
Seasons of Traverse Mountain,1BD/1Bth Large,E-E1044,1,1,1,,747,11/25/2025,500,,60%,1283,1.72,1283,1.72,2025-09-28,2025-12-05,69,11
Seasons of Traverse Mountain,1BD/1Bth Large,C-C2024,2,1,1,,747,9/14/2025,,,60%,1287,1.72,1287,1.72,2025-08-06,2025-08-08,3,0
Seasons of Traverse Mountain,1BD/1Bth Large,M2108,2,1,1,,747,5/23/2026,500,15,60%,1290,1.73,1290,1.73,2026-05-15,2026-06-01,18,10
Seasons of Traverse Mountain,1BD/1Bth Large,E-E1047,1,1,1,,747,10/26/2025,500,,60%,1299,1.74,1299,1.74,2025-09-20,2025-11-20,62,26
Seasons of Traverse Mountain,1BD/1Bth Large,E-E3047,3,1,1,,747,9/19/2025,,,60%,1302,1.74,1302,1.74,2025-08-08,2025-08-23,16,0
Seasons of Traverse Mountain,1BD/1Bth Large,C3022,3,1,1,,747,5/30/2025,400,,60%,1326,1.78,1326,1.78,2025-05-20,2025-05-30,11,1
Seasons of Traverse Mountain,1BD/1Bth Large,C3022,3,1,1,,747,6/12/2026,500,,60%,1315,1.76,1315,1.76,2026-05-13,2026-05-22,10,0
Seasons of Traverse Mountain,1BD/1Bth Large,L1100,1,1,1,,747,6/13/2025,400,,60%,1324,1.77,1324,1.77,2025-05-06,2025-07-29,85,47
Seasons of Traverse Mountain,1BD/1Bth Large,L1100,1,1,1,,747,7/24/2026,500,15,60%,1355,1.81,1355,1.81,2026-06-15,2026-06-22,8,0
Seasons of Traverse Mountain,1BD/1Bth Large,C-C1028,1,1,1,,747,8/14/2025,,,60%,1358,1.82,1358,1.82,2025-07-31,2025-08-21,22,8
Seasons of Traverse Mountain,1 Bedroom 1 Bath Large,A2004,2,1,1,,747,11/8/2023,400,,60%,1470,1.97,1470,1.97,2023-11-08,2023-11-14,7,7
Seasons of Traverse Mountain,1 Bedroom 1 Bath Large,A2004,2,1,1,,747,5/6/2025,400,,60%,1359,1.82,1359,1.82,2025-05-06,2025-07-29,85,85
Seasons of Traverse Mountain,1 Bedroom 1 Bath Large,E4047,4,1,1,,747,7/10/2025,400,,60%,1359,1.82,1359,1.82,2025-05-30,2025-07-29,61,20
Seasons of Traverse Mountain,1BD/1Bth Large,N1119,1,1,1,,747,6/25/2026,500,15,60%,1365,1.83,1365,1.83,2026-06-17,2026-06-20,4,0
Seasons of Traverse Mountain,1 Bedroom 1 Bath Large,C1027,1,1,1,,747,7/15/2025,400,,60%,1404,1.88,1404,1.88,2025-05-06,2025-07-29,85,15
Seasons of Traverse Mountain,1 Bedroom 1 Bath Large,K4095,4,1,1,,747,10/29/2023,400,,80%,1490,1.99,1490,1.99,2023-11-08,2023-11-14,7,7
Seasons of Traverse Mountain,1 Bedroom 1 Bath Large,C2028,2,1,1,,747,6/17/2023,400,,80%,1655,2.22,1655,2.22,,2023-11-14,,
Seasons of Traverse Mountain,Summerwild - 2/2.5,R-189,1,2,2,1,1493,10/24/2025,1000,,80%,1957,1.31,1957,1.31,2025-08-26,2025-09-24,30,0
Seasons of Traverse Mountain,Summerwild - 2/2.5,I-141,,2,2,1,1493,8/6/2025,,,80%,1957,1.31,1957,1.31,2025-07-29,2025-08-13,16,8
Seasons of Traverse Mountain,Summerwild - 2/2.5,L-157,1,2,2,1,1493,2/27/2026,1000,,80%,1990,1.33,1824,1.22,2026-01-17,2026-01-27,11,0
Seasons of Traverse Mountain,Summerwild - 2/2.5,R-192,1,2,2,1,1493,11/27/2025,1000,,80%,2025,1.36,1856,1.24,2025-11-15,2026-01-27,74,62
Seasons of Traverse Mountain,Summerwild - 2/2.5,G-129,1,2,2,1,1493,1/17/2026,1000,,80%,2055,1.38,1884,1.26,2026-01-09,2026-01-27,19,11
Seasons of Traverse Mountain,Summerwild - 2/2.5,H137,1,2,2,1,1493,2/13/2026,1000,,80%,2075,1.39,1902,1.27,2026-01-17,2026-01-27,11,0
Seasons of Traverse Mountain,Summerwild - 2/2.5,H134,1,2,2,1,1493,2/24/2026,1000,,80%,2105,1.41,2105,1.41,2026-01-17,2026-01-21,5,0
Seasons of Traverse Mountain,Summerwild - 2/2.5,G-127,1,2,2,1,1493,3/22/2026,1000,,80%,2110,1.41,1934,1.3,2026-01-21,2026-01-27,7,0
Seasons of Traverse Mountain,2BD/2Bth Jr,G3059,3,2,2,,952,2/24/2026,500,12,50%,1370,1.44,1256,1.32,2026-02-15,2026-02-17,3,0
Seasons of Traverse Mountain,2BD/2Bth Jr,O3121,3,2,2,,952,2/28/2026,500,12,60%,1390,1.46,1274,1.34,2026-02-14,2026-02-15,2,0
Seasons of Traverse Mountain,2BD/2Bth Jr,G3063,3,2,2,,952,3/12/2026,500,12,60%,1429,1.5,1310,1.38,2026-01-31,2026-02-11,12,0
Seasons of Traverse Mountain,2BD/2Bth Jr,O2128,2,2,2,,952,4/17/2026,500,12,60%,1436,1.51,1316,1.38,2026-02-04,2026-02-11,8,0
Seasons of Traverse Mountain,2BD/2Bth Jr,I3078,3,2,2,,952,2/10/2026,500,12,60%,1449,1.52,1328,1.39,2026-01-31,2026-02-10,11,1
Seasons of Traverse Mountain,2BD/2Bth Jr,O2123,2,2,2,,952,4/2/2026,500,15,60%,1471,1.55,1373,1.44,2026-02-24,2026-03-02,7,0
Seasons of Traverse Mountain,2BD/2Bth Jr,G1063,1,2,2,,952,5/13/2025,400,,60%,1671,1.76,1671,1.76,2025-05-11,2025-06-12,33,31
Seasons of Traverse Mountain,2BD/2Bth Jr,G1063,1,2,2,,952,4/14/2026,500,16,60%,1475,1.55,1383,1.45,2026-03-10,2026-03-14,5,0
Seasons of Traverse Mountain,2BD/2Bth Jr,I1075,1,2,2,,952,10/22/2023,400,,60%,1671,1.76,1671,1.76,2023-11-08,2023-11-14,7,7
Seasons of Traverse Mountain,2BD/2Bth Jr,I1075,1,2,2,,952,1/31/2026,500,12,60%,1498,1.57,1373,1.44,2026-01-31,2026-02-03,4,4
Seasons of Traverse Mountain,2BD/2Bth Jr,P3134,3,2,2,,952,6/12/2025,400,,60%,1570,1.65,1570,1.65,2025-06-04,2025-07-29,56,48
Seasons of Traverse Mountain,2BD/2Bth Jr,P3134,3,2,2,,952,4/20/2026,500,15,60%,1510,1.59,1409,1.48,2026-02-27,2026-05-17,80,28
Seasons of Traverse Mountain,2BD/2Bth Jr,H2067,2,2,2,,952,4/28/2026,500,16,60%,1515,1.59,1420,1.49,2026-03-31,2026-04-17,18,0
Seasons of Traverse Mountain,2BD/2Bth Jr,P2131,2,2,2,,952,11/8/2023,400,,60%,1576,1.66,1576,1.66,2023-11-08,2023-11-14,7,7
Seasons of Traverse Mountain,2BD/2Bth Jr,P2131,2,2,2,,952,9/25/2025,400,,60%,1567,1.65,1567,1.65,2025-06-12,2025-07-29,48,0
Seasons of Traverse Mountain,2BD/2Bth Jr,P2131,2,2,2,,952,5/6/2026,500,14,60%,1520,1.6,1411,1.48,2026-04-20,2026-04-29,10,0
Seasons of Traverse Mountain,2BD/2Bth Jr,P2136,2,2,2,,952,6/11/2025,400,,60%,1570,1.65,1570,1.65,2025-05-20,2025-07-29,71,49
Seasons of Traverse Mountain,2BD/2Bth Jr,P2136,2,2,2,,952,6/21/2026,500,15,60%,1535,1.61,1535,1.61,2026-05-16,2026-05-31,16,0
Seasons of Traverse Mountain,2BD/2Bth Jr,I2080,2,2,2,,952,5/7/2026,500,15,60%,1555,1.63,1451,1.52,2026-04-05,2026-04-18,14,0
Seasons of Traverse Mountain,2BD/2Bth Jr,G3061,3,2,2,,952,Now,500,14,60%,1585,1.66,1585,1.66,2026-04-20,,85,85
Seasons of Traverse Mountain,2BD/2Bth Jr,G4062,4,2,2,,952,Now,500,15,60%,1595,1.68,1595,1.68,2026-05-11,,64,33
Seasons of Traverse Mountain,2BD/2Bth Jr,H3070,3,2,2,,952,9/24/2026,500,15,60%,1595,1.68,1595,1.68,2026-04-02,,103,0
Seasons of Traverse Mountain,2BD/2Bth Jr,G4064,4,2,2,,952,11/26/2023,400,,80%,1541,1.62,1541,1.62,2023-11-08,2023-11-14,7,0
Seasons of Traverse Mountain,2BD/2Bth Jr,G4064,4,2,2,,952,5/3/2025,400,,80%,1605,1.69,1605,1.69,2025-05-06,2025-06-17,43,43
Seasons of Traverse Mountain,2BD/2Bth Jr,G4064,4,2,2,,952,7/24/2026,500,15,80%,1605,1.69,1605,1.69,2026-05-11,2026-05-29,19,0
Seasons of Traverse Mountain,2BD/2Bth Jr,I2078,2,2,2,,952,6/17/2023,400,,80%,2436,2.56,2436,2.56,,2023-11-14,,
Seasons of Traverse Mountain,2BD/2Bth Jr,I2078,2,2,2,,952,6/7/2026,500,15,80%,1625,1.71,1625,1.71,2026-04-30,2026-06-17,49,11
Seasons of Traverse Mountain,2BD/2Bth Jr,J4088,4,2,2,,952,6/24/2026,500,15,80%,1645,1.73,1645,1.73,2026-06-15,2026-07-09,25,16
Seasons of Traverse Mountain,2BD/2Bth Jr,P3129,3,2,2,,952,6/8/2025,400,,80%,1570,1.65,1570,1.65,2025-05-06,2025-07-29,85,52
Seasons of Traverse Mountain,2BD/2Bth Jr,P3129,3,2,2,,952,9/13/2026,500,15,80%,1645,1.73,1645,1.73,2026-07-07,,7,0
Seasons of Traverse Mountain,2BD/2Bth Jr,O4128,4,2,2,,952,7/1/2025,400,,80%,1615,1.7,1615,1.7,2025-05-21,2025-07-29,70,29
Seasons of Traverse Mountain,2BD/2Bth Jr,O4128,4,2,2,,952,8/9/2026,500,15,80%,1645,1.73,1645,1.73,2026-06-01,,43,0
Seasons of Traverse Mountain,2BD/2Bth Jr,H3067,3,2,2,,952,6/9/2026,500,15,80%,1645,1.73,1645,1.73,2026-04-24,2026-06-20,58,12
Seasons of Traverse Mountain,2BD/2Bth Jr,I3075,3,2,2,,952,8/9/2026,500,15,80%,1715,1.8,1715,1.8,2026-06-18,2026-07-03,16,0
Seasons of Traverse Mountain,2BD/2Bth Jr,J-J1083,1,2,2,,952,9/7/2025,,,60%,1523,1.6,1523,1.6,2025-08-16,2025-08-22,7,0
Seasons of Traverse Mountain,2BD/2Bth Jr,J-J1083,1,2,2,,952,2/22/2026,500,,60%,1350,1.42,1267,1.33,2026-01-17,2026-01-23,7,0
Seasons of Traverse Mountain,2BD/2Bth Jr,J-J4083,4,2,2,,952,12/9/2025,500,,60%,1360,1.43,1360,1.43,2025-11-30,2025-12-02,3,0
Seasons of Traverse Mountain,2BD/2Bth Jr,G-G4061,4,2,2,,952,9/9/2025,,,60%,1478,1.55,1478,1.55,2025-07-31,2025-08-25,26,0
Seasons of Traverse Mountain,2BD/2Bth Jr,G-G4061,4,2,2,,952,2/21/2026,500,,60%,1360,1.43,1247,1.31,2026-01-21,2026-01-27,7,0
Seasons of Traverse Mountain,2BD/2Bth Jr,P-P2129,2,2,2,,952,11/14/2025,500,,60%,1360,1.43,1360,1.43,2025-11-07,2025-11-22,16,9
Seasons of Traverse Mountain,2BD/2Bth Jr,O-O3123,3,2,2,,952,12/1/2025,500,,60%,1360,1.43,1349,1.42,2025-11-22,2025-11-27,6,0
Seasons of Traverse Mountain,2BD/2Bth Jr,O-O2121,2,2,2,,952,11/27/2025,500,,60%,1360,1.43,1360,1.43,2025-11-15,2026-01-15,62,50
Seasons of Traverse Mountain,2BD/2Bth Jr,O-O4121,4,2,2,,952,1/11/2026,500,,60%,1398,1.47,1315,1.38,2026-01-01,2026-01-07,7,0
Seasons of Traverse Mountain,2BD/2Bth Jr,G-G2064,2,2,2,,952,12/3/2025,500,,60%,1398,1.47,1315,1.38,2025-11-25,2026-01-08,45,37
Seasons of Traverse Mountain,2BD/2Bth Jr,G-G3063,3,2,2,,952,7/29/2025,,,60%,1582,1.66,1582,1.66,2025-07-29,2025-08-07,10,10
Seasons of Traverse Mountain,2BD/2Bth Jr,G-G3063,3,2,2,,952,3/26/2026,500,,60%,1400,1.47,1283,1.35,2026-01-26,2026-01-31,6,0
Seasons of Traverse Mountain,2BD/2Bth Jr,I-I3078,3,2,2,,952,2/10/2026,500,,60%,1400,1.47,1283,1.35,2026-01-18,2026-01-31,14,0
Seasons of Traverse Mountain,2BD/2Bth Jr,G-G3062,3,2,2,,952,12/26/2025,500,,60%,1405,1.48,1322,1.39,2025-12-19,2026-01-18,31,24
Seasons of Traverse Mountain,2BD/2Bth Jr,O-O3128,3,2,2,,952,12/25/2025,500,,60%,1410,1.48,1327,1.39,2025-12-19,2026-01-13,26,20
Seasons of Traverse Mountain,2BD/2Bth Jr,I-I1075,1,2,2,,952,1/23/2026,500,,60%,1415,1.49,1297,1.36,2026-01-14,2026-01-31,18,9
Seasons of Traverse Mountain,2BD/2Bth Jr,O-O3126,3,2,2,,952,11/11/2025,500,,60%,1452,1.53,1452,1.53,2025-10-04,2025-12-23,81,43
Seasons of Traverse Mountain,2BD/2Bth Jr,P-P1131,1,2,2,,952,8/10/2025,,,60%,1461,1.53,1461,1.53,2025-07-29,2025-07-30,2,0
Seasons of Traverse Mountain,2BD/2Bth Jr,P-P4129,4,2,2,,952,9/10/2025,500,,60%,1472,1.55,1472,1.55,2025-08-02,2025-10-04,64,25
Seasons of Traverse Mountain,2BD/2Bth Jr,O-O4126,4,2,2,,952,10/11/2025,500,,60%,1472,1.55,1472,1.55,2025-09-04,2025-10-05,32,0
Seasons of Traverse Mountain,2BD/2Bth Jr,I-I2075,2,2,2,,952,7/29/2025,,,60%,1475,1.55,1475,1.55,2025-07-29,2025-07-30,2,2
Seasons of Traverse Mountain,2BD/2Bth Jr,P-P2131,2,2,2,,952,9/22/2025,500,,60%,1478,1.55,1478,1.55,2025-07-29,2025-09-01,35,0
Seasons of Traverse Mountain,2BD/2Bth Jr,P-P4131,4,2,2,,952,7/29/2025,,,60%,1480,1.55,1480,1.55,2025-07-29,2025-08-16,19,19
Seasons of Traverse Mountain,2BD/2Bth Jr,J-J4081,4,2,2,,952,7/30/2025,,,60%,1487,1.56,1487,1.56,2025-07-30,2025-08-07,9,9
Seasons of Traverse Mountain,2BD/2Bth Jr,J-J3081,3,2,2,,952,8/28/2025,,,60%,1494,1.57,1494,1.57,2025-07-30,2025-08-09,11,0
Seasons of Traverse Mountain,2BD/2Bth Jr,O-O2128,2,2,2,,952,8/29/2025,,,60%,1502,1.58,1502,1.58,2025-08-08,2025-08-16,9,0
Seasons of Traverse Mountain,2BD/2Bth Jr,H-H1067,1,2,2,,952,1/10/2026,500,,60%,1510,1.59,1427,1.5,2025-12-30,2025-12-31,2,0
Seasons of Traverse Mountain,2BD/2Bth Jr,G-G3064,3,2,2,,952,11/9/2025,500,,60%,1518,1.59,1518,1.59,2025-11-02,2025-12-19,48,41
Seasons of Traverse Mountain,2BD/2Bth Jr,J-J2086,2,2,2,,952,10/20/2025,500,,60%,1522,1.6,1522,1.6,2025-09-11,2025-09-28,18,0
Seasons of Traverse Mountain,2BD/2Bth Jr,H-H2070,2,2,2,,952,10/5/2025,,,60%,1524,1.6,1524,1.6,2025-08-07,2025-08-21,15,0
Seasons of Traverse Mountain,2BD/2Bth Jr,I4078,4,2,2,,952,11/8/2023,400,,60%,1596,1.68,1596,1.68,2023-11-08,2023-11-14,7,7
Seasons of Traverse Mountain,2BD/2Bth Jr,I4078,4,2,2,,952,6/2/2026,500,15,60%,1540,1.62,1437,1.51,2026-04-25,2026-04-26,2,0
Seasons of Traverse Mountain,2BD/2Bth Jr,G4060,4,2,2,,952,6/9/2026,500,15,60%,1549,1.63,1446,1.52,2026-04-29,2026-05-03,5,0
Seasons of Traverse Mountain,2 Bedroom 2 Bath Jr.,J2083,2,2,2,,952,11/8/2023,400,,60%,1541,1.62,1541,1.62,2023-11-08,2023-11-14,7,7
Seasons of Traverse Mountain,2 Bedroom 2 Bath Jr.,J2083,2,2,2,,952,5/6/2025,400,,60%,1570,1.65,1570,1.65,2025-05-06,2025-07-29,85,85
Seasons of Traverse Mountain,2 Bedroom 2 Bath Jr.,G2063,2,2,2,,952,5/11/2025,400,,60%,1570,1.65,1570,1.65,2025-05-06,2025-07-29,85,80
Seasons of Traverse Mountain,2 Bedroom 2 Bath Jr.,J4081,4,2,2,,952,7/9/2025,400,,60%,1570,1.65,1570,1.65,2025-05-29,2025-07-29,62,21
Seasons of Traverse Mountain,2 Bedroom 2 Bath Jr.,J2081,2,2,2,,952,5/27/2025,400,,60%,1570,1.65,1570,1.65,2025-05-06,2025-07-29,85,64
Seasons of Traverse Mountain,2 Bedroom 2 Bath Jr.,G2058,2,2,2,,952,6/6/2025,400,,60%,1570,1.65,1570,1.65,2025-05-06,2025-07-29,85,54
Seasons of Traverse Mountain,2 Bedroom 2 Bath Jr.,H3065,3,2,2,,952,11/8/2023,400,,60%,1576,1.66,1576,1.66,2023-11-08,2023-11-14,7,7
Seasons of Traverse Mountain,2 Bedroom 2 Bath Jr.,G2061,2,2,2,,952,11/8/2023,400,,60%,1576,1.66,1576,1.66,2023-11-08,2023-11-14,7,7
Seasons of Traverse Mountain,2 Bedroom 2 Bath Jr.,G2057,2,2,2,,952,10/8/2023,400,,60%,1576,1.66,1576,1.66,2023-11-08,2023-11-14,7,7
Seasons of Traverse Mountain,2 Bedroom 2 Bath Jr.,G2064,2,2,2,,952,12/17/2023,400,,60%,1576,1.66,1576,1.66,2023-11-08,2023-11-14,7,0
Seasons of Traverse Mountain,2 Bedroom 2 Bath Jr.,H4065,4,2,2,,952,11/29/2023,400,,60%,1596,1.68,1596,1.68,2023-11-08,2023-11-14,7,0
Seasons of Traverse Mountain,2 Bedroom 2 Bath Jr.,P4134,4,2,2,,952,11/17/2023,400,,60%,1596,1.68,1596,1.68,2023-11-08,2023-11-14,7,0
Seasons of Traverse Mountain,2 Bedroom 2 Bath Jr.,J4086,4,2,2,,952,10/22/2023,400,,60%,1596,1.68,1596,1.68,2023-11-08,2023-11-14,7,7
Seasons of Traverse Mountain,2 Bedroom 2 Bath Jr.,G4061,4,2,2,,952,11/8/2023,400,,60%,1596,1.68,1596,1.68,2023-11-08,2023-11-14,7,7
Seasons of Traverse Mountain,2 Bedroom 2 Bath Jr.,J1083,1,2,2,,952,9/7/2025,400,,80%,1612,1.69,1612,1.69,2025-06-05,2025-07-29,55,0
Seasons of Traverse Mountain,2 Bedroom 2 Bath Jr.,H1067,1,2,2,,952,6/23/2025,400,,80%,1615,1.7,1615,1.7,2025-06-12,2025-07-29,48,37
Seasons of Traverse Mountain,2 Bedroom 2 Bath Jr.,H4072,4,2,2,,952,5/27/2025,400,,80%,1615,1.7,1615,1.7,2025-05-16,2025-07-29,75,64
Seasons of Traverse Mountain,2 Bedroom 2 Bath Jr.,P4131,4,2,2,,952,7/1/2025,400,,80%,1615,1.7,1615,1.7,2025-05-15,2025-07-29,76,29
Seasons of Traverse Mountain,2 Bedroom 2 Bath Jr.,O2121,2,2,2,,952,7/6/2025,400,,80%,1648,1.73,1648,1.73,2025-05-22,2025-06-06,16,0
Seasons of Traverse Mountain,2 Bedroom 2 Bath Jr.,J3086,3,2,2,,952,5/5/2025,400,,80%,1662,1.75,1662,1.75,2025-05-06,2025-05-17,12,12
Seasons of Traverse Mountain,2 Bedroom 2 Bath Jr.,O2126,2,2,2,,952,11/8/2023,400,,80%,1576,1.66,1576,1.66,2023-11-08,2023-11-14,7,7
Seasons of Traverse Mountain,2 Bedroom 2 Bath Jr.,O2126,2,2,2,,952,6/30/2025,400,,80%,1664,1.75,1664,1.75,2025-05-20,2025-05-28,9,0
Seasons of Traverse Mountain,2 Bedroom 2 Bath Jr.,G2062,2,2,2,,952,7/26/2023,400,,80%,1776,1.87,1776,1.87,2023-07-26,2023-11-14,112,112
Seasons of Traverse Mountain,2BD/2Bth Large,C3030,3,2,2,,1027,1/31/2026,500,13,60%,1411,1.37,1302,1.27,2026-01-31,2026-02-01,2,2
Seasons of Traverse Mountain,2BD/2Bth Large,B3017,3,2,2,,1027,3/20/2026,500,12,60%,1454,1.42,1333,1.3,2026-02-14,2026-02-15,2,0
Seasons of Traverse Mountain,2BD/2Bth Large,F1052,1,2,2,,1027,3/5/2026,500,12,60%,1470,1.43,1348,1.31,2026-01-31,2026-02-01,2,0
Seasons of Traverse Mountain,2BD/2Bth Large,C4029,4,2,2,,1027,6/29/2025,400,,60%,1635,1.59,1635,1.59,2025-05-20,2025-07-29,71,31
Seasons of Traverse Mountain,2BD/2Bth Large,C4029,4,2,2,,1027,4/14/2026,500,15,60%,1525,1.48,1525,1.48,2026-02-24,2026-05-24,90,41
Seasons of Traverse Mountain,2BD/2Bth Large,B1016,1,2,2,,1027,3/13/2026,500,12,60%,1558,1.52,1428,1.39,2026-01-31,2026-02-01,2,0
Seasons of Traverse Mountain,2BD/2Bth Large,K2091,2,2,2,,1027,5/26/2026,500,15,60%,1575,1.53,1575,1.53,2026-04-02,2026-05-27,56,2
Seasons of Traverse Mountain,2BD/2Bth Large,A4012,4,2,2,,1027,4/4/2026,500,12,60%,1617,1.57,1482,1.44,2026-02-24,2026-03-02,7,0
Seasons of Traverse Mountain,2BD/2Bth Large,B4016,4,2,2,,1027,11/8/2023,400,,60%,1750,1.7,1750,1.7,2023-11-08,2023-11-14,7,7
Seasons of Traverse Mountain,2BD/2Bth Large,B4016,4,2,2,,1027,4/29/2026,500,12,60%,1628,1.59,1492,1.45,2026-02-24,2026-02-27,4,0
Seasons of Traverse Mountain,2BD/2Bth Large,E3046,3,2,2,,1027,11/8/2023,400,,60%,1650,1.61,1650,1.61,2023-11-08,2023-11-14,7,7
Seasons of Traverse Mountain,2BD/2Bth Large,E3046,3,2,2,,1027,3/17/2026,500,12,60%,1622,1.58,1487,1.45,2026-02-06,2026-02-11,6,0
Seasons of Traverse Mountain,2BD/2Bth Large,F3053,3,2,2,,1027,Now,500,15,80%,1635,1.59,1635,1.59,2026-05-01,,74,35
Seasons of Traverse Mountain,2BD/2Bth Large,D1039,1,2,2,,1027,5/2/2026,500,15,80%,1665,1.62,1554,1.51,2026-02-24,2026-05-16,82,15
Seasons of Traverse Mountain,2BD/2Bth Large,F1055,1,2,2,,1027,5/16/2026,500,15,80%,1665,1.62,1554,1.51,2026-05-11,2026-05-19,9,4
Seasons of Traverse Mountain,2BD/2Bth Large,M1107,1,2,2,,1027,5/9/2026,500,15,80%,1665,1.62,1665,1.62,2026-05-05,2026-05-21,17,13
Seasons of Traverse Mountain,2BD/2Bth Large,L4097,4,2,2,,1027,6/9/2026,500,15,80%,1665,1.62,1665,1.62,2026-04-29,2026-06-05,38,0
Seasons of Traverse Mountain,2BD/2Bth Large,B3014,3,2,2,,1027,1/31/2026,500,12,80%,1693,1.65,1552,1.51,2026-01-31,2026-02-11,12,12
Seasons of Traverse Mountain,2BD/2Bth Large,E4048,4,2,2,,1027,3/22/2026,500,12,80%,1717,1.67,1574,1.53,2026-02-24,2026-03-13,18,0
Seasons of Traverse Mountain,2BD/2Bth Large,K1096,1,2,2,,1027,Now,500,14,80%,1685,1.64,1685,1.64,2026-05-18,,57,26
Seasons of Traverse Mountain,2BD/2Bth Large,L3097,3,2,2,,1027,7/19/2026,500,15,80%,1685,1.64,1685,1.64,2026-05-27,2026-06-02,7,0
Seasons of Traverse Mountain,2BD/2Bth Large,F3055,3,2,2,,1027,8/7/2026,500,15,80%,1685,1.64,1685,1.64,2026-05-27,,48,0
Seasons of Traverse Mountain,2BD/2Bth Large,D4037,4,2,2,,1027,6/4/2025,400,,80%,1635,1.59,1635,1.59,2025-05-16,2025-07-29,75,56
Seasons of Traverse Mountain,2BD/2Bth Large,D4037,4,2,2,,1027,8/5/2026,500,15,80%,1685,1.64,1685,1.64,2026-05-28,2026-07-03,37,0
Seasons of Traverse Mountain,2BD/2Bth Large,B4014,4,2,2,,1027,11/8/2023,400,,80%,1645,1.6,1645,1.6,2023-11-08,2023-11-14,7,7
Seasons of Traverse Mountain,2BD/2Bth Large,B4014,4,2,2,,1027,5/9/2026,500,15,80%,1715,1.67,1601,1.56,2026-03-10,2026-05-01,53,0
Seasons of Traverse Mountain,2BD/2Bth Large,M2112,2,2,2,,1027,4/28/2026,500,15,80%,1715,1.67,1715,1.67,2026-03-31,2026-05-11,42,14
Seasons of Traverse Mountain,2BD/2Bth Large,C3031,3,2,2,,1027,6/14/2026,500,14,80%,1725,1.68,1725,1.68,2026-06-04,2026-06-08,5,0
Seasons of Traverse Mountain,2BD/2Bth Large,C4031,4,2,2,,1027,7/9/2026,500,15,80%,1735,1.69,1735,1.69,2026-05-22,2026-06-05,15,0
Seasons of Traverse Mountain,2BD/2Bth Large,D4039,4,2,2,,1027,4/7/2025,400,,80%,1832,1.78,1832,1.78,2025-05-06,2025-05-17,12,12
Seasons of Traverse Mountain,2BD/2Bth Large,D4039,4,2,2,,1027,6/2/2026,500,16,80%,1755,1.71,1755,1.71,2026-04-05,2026-04-08,4,0
Seasons of Traverse Mountain,2BD/2Bth Large,A1011,1,2,2,,1027,5/26/2026,500,15,80%,1765,1.72,1765,1.72,2026-04-19,2026-05-06,18,0
Seasons of Traverse Mountain,2BD/2Bth Large,B4019,4,2,2,,1027,4/19/2026,500,15,80%,1775,1.73,1657,1.61,2026-03-29,2026-04-22,25,4
Seasons of Traverse Mountain,2BD/2Bth Large,C-C3030,3,2,2,,1027,1/18/2026,500,,60%,1395,1.36,1279,1.25,2026-01-09,2026-01-31,23,14
Seasons of Traverse Mountain,2BD/2Bth Large,L-L2099,2,2,2,,1027,11/18/2025,500,,60%,1399,1.36,1345,1.31,2025-11-12,2025-11-16,5,0
Seasons of Traverse Mountain,2BD/2Bth Large,B-B3016,3,2,2,,1027,11/16/2025,500,,60%,1399,1.36,1330,1.3,2025-11-11,2025-11-12,2,0
Seasons of Traverse Mountain,2BD/2Bth Large,M-M4110,4,2,2,,1027,9/9/2025,500,,60%,1399,1.36,1315,1.28,2025-08-01,2025-11-08,100,61
Seasons of Traverse Mountain,2BD/2Bth Large,N4113,4,2,2,,1027,8/28/2025,500,,60%,1399,1.36,1315,1.28,2025-07-31,2025-11-08,101,73
Seasons of Traverse Mountain,2BD/2Bth Large,M-M4105,4,2,2,,1027,11/4/2025,500,,60%,1399,1.36,1311,1.28,2025-10-01,2025-11-07,38,4
Seasons of Traverse Mountain,2BD/2Bth Large,F-F4055,4,2,2,,1027,9/9/2025,500,,60%,1400,1.36,1358,1.32,2025-09-09,2025-11-19,72,72
Seasons of Traverse Mountain,2BD/2Bth Large,B-B3014,3,2,2,,1027,1/30/2026,500,,60%,1405,1.37,1288,1.25,2026-01-17,2026-01-31,15,2
Seasons of Traverse Mountain,2BD/2Bth Large,D-D3036,3,2,2,,1027,11/24/2025,500,,60%,1436,1.4,1436,1.4,2025-11-18,2025-11-21,4,0
Seasons of Traverse Mountain,2BD/2Bth Large,L-L4104,4,2,2,,1027,12/20/2025,500,,60%,1464,1.43,1381,1.34,2025-12-20,2026-01-09,21,21
Seasons of Traverse Mountain,2BD/2Bth Large,L-L3104,3,2,2,,1027,1/30/2026,500,,60%,1485,1.45,1485,1.45,2026-01-17,2026-01-21,5,0
Seasons of Traverse Mountain,2BD/2 Bth large,C-C4029,4,2,2,,1027,7/29/2025,500,,60%,1486,1.45,1486,1.45,2025-07-29,2025-08-29,32,32
Seasons of Traverse Mountain,2BD/2Bth Large,B-B1016,1,2,2,,1027,3/13/2026,500,,60%,1505,1.47,1380,1.34,2026-01-28,2026-01-31,4,0
Seasons of Traverse Mountain,2BD/2Bth Large,F-F2052,2,2,2,,1027,1/3/2026,500,,60%,1507,1.47,1424,1.39,2025-12-28,2025-12-30,3,0
Seasons of Traverse Mountain,2BD/2 Bth large,E-E4041,4,2,2,,1027,8/8/2025,500,,60%,1508,1.47,1508,1.47,2025-07-29,2025-08-30,33,23
Seasons of Traverse Mountain,2BD/2 Bth large,F-F2050,2,2,2,,1027,8/30/2025,500,,60%,1509,1.47,1509,1.47,2025-08-05,2025-10-04,61,36
Seasons of Traverse Mountain,2BD/2Bth Large,B-B1019,1,2,2,,1027,11/29/2025,500,,60%,1523,1.48,1440,1.4,2025-11-21,2026-01-08,49,41
Seasons of Traverse Mountain,2BD/2 Bth large,C-C4030,4,2,2,,1027,9/18/2025,500,,60%,1524,1.48,1524,1.48,2025-09-11,2025-10-12,32,25
Seasons of Traverse Mountain,2BD/2 Bth large,F-F2055,2,2,2,,1027,9/28/2025,500,,60%,1524,1.48,1524,1.48,2025-07-31,2025-10-10,72,13
Seasons of Traverse Mountain,2BD/2 Bth large,F-F3055,3,2,2,,1027,7/29/2025,,,60%,1532,1.49,1532,1.49,2025-07-29,2025-07-31,3,3
Seasons of Traverse Mountain,2BD/2Bth Large,D-D3037,3,2,2,,1027,10/9/2025,500,,60%,1538,1.5,1479,1.44,2025-09-04,2025-10-24,51,16
Seasons of Traverse Mountain,2BD/2 Bth large,N3115,3,2,2,,1027,11/7/2023,400,,60%,1695,1.65,1695,1.65,2023-11-08,2023-11-14,7,7
Seasons of Traverse Mountain,2BD/2 Bth large,N3115,3,2,2,,1027,10/9/2025,500,,60%,1555,1.51,1555,1.51,2025-08-11,2025-08-30,20,0
Seasons of Traverse Mountain,2BD/2 Bth large,A-A3011,3,2,2,,1027,7/29/2025,,,60%,1565,1.52,1565,1.52,2025-07-29,2025-07-31,3,3
Seasons of Traverse Mountain,2BD/2 Bth large,M-M3112,3,2,2,,1027,7/31/2025,500,,60%,1571,1.53,1571,1.53,2025-07-31,2025-09-30,62,62
Seasons of Traverse Mountain,2BD/2Bth Large,N1120,1,2,2,,1027,12/20/2025,500,,60%,1575,1.53,1492,1.45,2025-12-20,2026-01-14,26,26
Seasons of Traverse Mountain,2BD/2 Bth large,M-M2107,2,2,2,,1027,9/7/2025,500,,60%,1589,1.55,1589,1.55,2025-07-31,2025-09-25,57,19
Seasons of Traverse Mountain,2BD/2 Bth large,C-C4032,4,2,2,,1027,9/13/2025,500,,80%,1604,1.56,1604,1.56,2025-09-06,2025-09-13,8,1
Seasons of Traverse Mountain,2 Bedroom 2 Bath Large,F2055,2,2,2,,1027,11/8/2023,400,,80%,1625,1.58,1625,1.58,2023-11-08,2023-11-14,7,7
Seasons of Traverse Mountain,2BD/2 Bth large,A-A3012,3,2,2,,1027,9/1/2025,,,80%,1626,1.58,1626,1.58,2025-07-29,2025-08-12,15,0
Seasons of Traverse Mountain,2 Bedroom 2 Bath Large,F4053,4,2,2,,1027,5/27/2025,400,,80%,1635,1.59,1635,1.59,2025-05-06,2025-07-29,85,64
Seasons of Traverse Mountain,2 Bedroom 2 Bath Large,A3010,3,2,2,,1027,5/23/2025,400,,80%,1635,1.59,1635,1.59,2025-05-06,2025-07-29,85,68
Seasons of Traverse Mountain,2 Bedroom 2 Bath Large,F3052,3,2,2,,1027,6/3/2025,400,,80%,1635,1.59,1635,1.59,2025-05-06,2025-07-29,85,57
Seasons of Traverse Mountain,2 Bedroom 2 Bath Large,B4017,4,2,2,,1027,6/29/2025,400,,80%,1635,1.59,1635,1.59,2025-05-20,2025-07-29,71,31
Seasons of Traverse Mountain,2 Bedroom 2 Bath Large,L4102,4,2,2,,1027,11/8/2023,400,,80%,1645,1.6,1645,1.6,2023-11-08,2023-11-14,7,7
Seasons of Traverse Mountain,2 Bedroom 2 Bath Large,K4094,4,2,2,,1027,11/24/2023,400,,80%,1645,1.6,1645,1.6,2023-11-08,2023-11-14,7,0
Seasons of Traverse Mountain,2BD/2 Bth large,C-C1031,1,2,2,,1027,10/29/2025,500,,80%,1651,1.61,1651,1.61,2025-08-30,2025-10-18,50,0
Seasons of Traverse Mountain,2 Bedroom 2 Bath Large,K1091,1,2,2,,1027,11/28/2023,400,,80%,1665,1.62,1665,1.62,2023-11-08,2023-11-14,7,0
Seasons of Traverse Mountain,2 Bedroom 2 Bath Large,M4105,4,2,2,,1027,11/1/2023,400,,80%,1670,1.63,1670,1.63,2023-11-08,2023-11-14,7,7
Seasons of Traverse Mountain,2 Bedroom 2 Bath Large,M4110,4,2,2,,1027,12/5/2023,400,,80%,1670,1.63,1670,1.63,2023-11-08,2023-11-14,7,0
Seasons of Traverse Mountain,2BD/2Bth Large,D4034,4,2,2,,1027,5/29/2026,500,15,80%,1671,1.63,1671,1.63,2026-05-05,2026-06-22,49,25
Seasons of Traverse Mountain,2 Bedroom 2 Bath Large,L2104,2,2,2,,1027,12/2/2023,400,,80%,1675,1.63,1675,1.63,2023-11-08,2023-11-14,7,0
Seasons of Traverse Mountain,2BD/2Bth Large,M4112,4,2,2,,1027,5/6/2026,500,15,80%,1704,1.66,1704,1.66,2026-04-02,2026-06-15,75,41
Seasons of Traverse Mountain,2 Bedroom 2 Bath Large,C3032,3,2,2,,1027,11/6/2023,400,,80%,1705,1.66,1705,1.66,2023-11-08,2023-11-14,7,7
Seasons of Traverse Mountain,2 Bedroom 2 Bath Large,E-4043,4,2,2,,1027,10/9/2023,400,,80%,1725,1.68,1725,1.68,2023-11-08,2023-11-14,7,7
Seasons of Traverse Mountain,2 Bedroom 2 Bath Large,L3099,3,2,2,,1027,5/7/2025,400,,80%,1727,1.68,1727,1.68,2025-05-06,2025-05-16,11,10
Seasons of Traverse Mountain,2 Bedroom 2 Bath Large,A3011,3,2,2,,1027,7/11/2025,400,,80%,1740,1.69,1740,1.69,2025-05-14,2025-07-29,77,19
Seasons of Traverse Mountain,2BD/2Bth Large,N3120,3,2,2,,1027,7/1/2025,500,,80%,1741,1.7,1658,1.61,2025-05-11,2026-01-09,244,193
Seasons of Traverse Mountain,2 Bedroom 2 Bath Large,D4036,4,2,2,,1027,10/24/2023,400,,80%,1750,1.7,1750,1.7,2023-11-08,2023-11-14,7,7
Seasons of Traverse Mountain,2 Bedroom 2 Bath Large,E2043,2,2,2,,1027,11/8/2023,400,,80%,1755,1.71,1755,1.71,2023-11-08,2023-11-11,4,4
Seasons of Traverse Mountain,2 Bedroom 2 Bath Large,C2032,2,2,2,,1027,7/17/2025,400,,80%,1783,1.74,1783,1.74,2025-05-18,2025-06-11,25,0
Seasons of Traverse Mountain,2 Bedroom 2 Bath Large,F2050,2,2,2,,1027,11/6/2023,400,,120%,2525,2.46,2525,2.46,2023-11-08,2023-11-11,4,4
Seasons of Traverse Mountain,Lakeview - 2/2D,F-124,1,2,2,,1462,10/17/2025,1000,,80%,1935,1.32,1774,1.21,2025-10-10,2026-01-27,110,103
Seasons of Traverse Mountain,Lakeview - 2/2D,B-104,1,2,2,,1462,12/13/2025,1000,,80%,1940,1.33,1778,1.22,2025-12-09,2026-01-27,50,46
Seasons of Traverse Mountain,Lakeview - 2/2D,165,,2,2,,1462,9/18/2025,,,80%,1960,1.34,1960,1.34,2025-07-29,2025-08-26,29,0
Seasons of Traverse Mountain,Lakeview - 2/2D,M161,1,2,2,,1462,2/12/2026,1000,,80%,1965,1.34,1801,1.23,2026-01-17,2026-01-27,11,0
Seasons of Traverse Mountain,Lakeview - 2/2D,O171,1,2,2,,1462,3/3/2026,1000,,80%,1985,1.36,1820,1.24,2026-01-17,2026-01-27,11,0
Seasons of Traverse Mountain,Lakeview - 2/2D,E-120,1,2,2,,1462,11/12/2025,1000,,80%,1990,1.36,1907,1.3,2025-09-24,2026-01-13,112,63
Seasons of Traverse Mountain,Lakeview - 2/2D,C-109,1,2,2,,1462,9/24/2025,1000,,120%,2152,1.47,2152,1.47,2025-07-29,2025-10-18,82,25
Seasons of Traverse Mountain,Skyline - 3/2.5,Q-184,1,3,2,1,1552,8/16/2025,,,80%,1980,1.28,1980,1.28,2025-07-29,2025-08-23,26,8
Seasons of Traverse Mountain,Skyline - 3/2.5,I-142,,3,2,1,1552,11/4/2025,1000,,80%,2175,1.4,1994,1.28,2025-10-04,2026-01-27,116,85
Seasons of Traverse Mountain,Skyline - 3/2.5,R-191,1,3,2,1,1552,9/7/2025,1000,,80%,2205,1.42,2021,1.3,2025-08-05,2026-01-27,176,143
Seasons of Traverse Mountain,3BD/2Bth,B4018,4,3,2,,1185,1/31/2026,500,12,60%,1581,1.33,1449,1.22,2026-01-31,2026-02-18,19,19
Seasons of Traverse Mountain,3BD/2Bth,B2020,2,3,2,,1185,1/31/2026,500,12,60%,1730,1.46,1586,1.34,2026-01-31,2026-02-21,22,22
Seasons of Traverse Mountain,3BD/2Bth,C3021,3,3,2,,1185,Now,500,15,80%,1783,1.5,1783,1.5,2026-01-31,,164,84
Seasons of Traverse Mountain,3BD/2Bth,D3033,3,3,2,,1185,6/17/2023,400,,80%,1985,1.68,1985,1.68,,2023-11-14,,
Seasons of Traverse Mountain,3BD/2Bth,D3033,3,3,2,,1185,Now,500,15,80%,1823,1.54,1823,1.54,2026-02-06,,158,83
Seasons of Traverse Mountain,3BD/2Bth,F3054,3,3,2,,1185,5/14/2025,400,,80%,1812,1.53,1812,1.53,2025-05-06,2025-05-31,26,18
Seasons of Traverse Mountain,3BD/2Bth,F3054,3,3,2,,1185,Now,500,15,80%,1833,1.55,1833,1.55,2026-04-21,,84,37
Seasons of Traverse Mountain,3BD/2Bth,A1003,1,3,2,,1185,Now,500,15,80%,1883,1.59,1883,1.59,2026-02-14,,150,84
Seasons of Traverse Mountain,3BD/2Bth,C1023,1,3,2,,1185,4/14/2026,500,15,80%,1885,1.59,1885,1.59,2026-02-06,2026-05-22,106,39
Seasons of Traverse Mountain,3BD/2Bth,B3015,3,3,2,,1185,3/13/2026,500,12,80%,1926,1.63,1766,1.49,2026-02-06,2026-03-07,30,0
Seasons of Traverse Mountain,3BD/2Bth,C4021,4,3,2,,1185,4/14/2026,500,15,80%,1905,1.61,1905,1.61,2026-03-31,2026-06-19,81,67
Seasons of Traverse Mountain,3BD/2Bth,F3056,3,3,2,,1185,4/14/2026,500,15,80%,1905,1.61,1905,1.61,2026-03-18,2026-06-24,99,72
Seasons of Traverse Mountain,3BD/2Bth,D3035,3,3,2,,1185,Now,500,15,80%,1913,1.61,1913,1.61,2026-03-11,,125,91
Seasons of Traverse Mountain,3BD/2Bth,B1015,1,3,2,,1185,4/20/2026,500,15,80%,1915,1.62,1915,1.62,2026-03-10,2026-06-13,96,55
Seasons of Traverse Mountain,3BD/2Bth,F4054,4,3,2,,1185,4/14/2026,500,15,80%,1945,1.64,1945,1.64,2026-02-24,2026-06-18,115,66
Seasons of Traverse Mountain,3BD/2Bth,C4023,4,3,2,,1185,2/14/2026,500,18,80%,1975,1.67,1975,1.67,2026-01-31,2026-04-07,67,53
Seasons of Traverse Mountain,3BD/2Bth,F1056,1,3,2,,1185,8/28/2026,500,15,80%,1985,1.68,1985,1.68,2026-06-04,,40,0
Seasons of Traverse Mountain,3BD/2Bth,D4035,4,3,2,,1185,6/22/2025,400,,80%,1944,1.64,1944,1.64,2025-05-06,2025-07-29,85,38
Seasons of Traverse Mountain,3BD/2Bth,D4035,4,3,2,,1185,7/17/2026,500,15,80%,2035,1.72,2035,1.72,2026-05-28,2026-06-14,18,0
Seasons of Traverse Mountain,3BD/2Bth,B4015,4,3,2,,1185,6/12/2025,400,,80%,1944,1.64,1944,1.64,2025-06-03,2025-07-29,57,48
Seasons of Traverse Mountain,3BD/2Bth,B4015,4,3,2,,1185,5/4/2026,500,14,80%,2080,1.76,1931,1.63,2026-02-02,2026-04-22,80,0
Seasons of Traverse Mountain,3BD/2Bth w/ Garage,A2003,2,3,2,,1185,9/1/2026,500,15,80%,2160,1.82,2160,1.82,2026-07-07,,7,0
Seasons of Traverse Mountain,3BD/2Bth,B-B4018,4,3,2,,1185,12/23/2025,500,,60%,1655,1.4,1517,1.28,2025-12-15,2026-01-31,48,40
Seasons of Traverse Mountain,3BD/2Bth,C-C3021,3,3,2,,1185,10/18/2025,500,,60%,1665,1.41,1526,1.29,2025-08-20,2026-01-31,165,106
Seasons of Traverse Mountain,3BD/2Bth,A-A4001,4,3,2,,1185,3/10/2026,500,,60%,1679,1.42,1539,1.3,2026-01-17,2026-01-31,15,0
Seasons of Traverse Mountain,3BD/2Bth,D-D3033,3,3,2,,1185,12/6/2025,500,,60%,1705,1.44,1563,1.32,2025-12-04,2026-01-27,55,53
Seasons of Traverse Mountain,3BD/2Bth,C-C4023,4,3,2,,1185,2/11/2026,500,,60%,1715,1.45,1572,1.33,2026-01-21,2026-01-31,11,0
Seasons of Traverse Mountain,3BD/2Bth,B-B2020,2,3,2,,1185,1/30/2026,500,,60%,1740,1.47,1595,1.35,2026-01-17,2026-01-31,15,2
Seasons of Traverse Mountain,3BD/2Bth,D-D4033,4,3,2,,1185,10/17/2025,500,,60%,1758,1.48,1758,1.48,2025-10-10,2025-11-21,43,36
Seasons of Traverse Mountain,3 Bedroom 2 Bath,D4033,4,3,2,,1185,5/11/2025,400,,80%,1785,1.51,1785,1.51,2025-05-06,2025-05-23,18,13
Seasons of Traverse Mountain,3BD/2 Bth,F-F4049,4,3,2,,1185,8/13/2025,,,80%,1790,1.51,1790,1.51,2025-08-13,2025-08-22,10,10
Seasons of Traverse Mountain,3BD/2 Bth,F-F3049,3,3,2,,1185,10/9/2025,500,,80%,1801,1.52,1801,1.52,2025-08-16,2025-09-20,36,0
Seasons of Traverse Mountain,3 Bedroom 2 Bath,F4056,4,3,2,,1185,6/24/2025,400,,80%,1838,1.55,1838,1.55,2025-05-06,2025-07-29,85,36
Seasons of Traverse Mountain,3 Bedroom 2 Bath,F4049,4,3,2,,1185,7/6/2025,400,,80%,1838,1.55,1838,1.55,2025-05-06,2025-07-29,85,24
Seasons of Traverse Mountain,3BD/2Bth,D-D3040,3,3,2,,1185,10/24/2025,500,,80%,1865,1.57,1865,1.57,2025-09-05,2025-12-13,100,51
Seasons of Traverse Mountain,3BD/2Bth,A4001,4,3,2,,1185,4/22/2026,500,15,80%,1889,1.59,1889,1.59,2026-01-31,2026-06-25,146,65
Seasons of Traverse Mountain,3BD/2 Bth,F-F1056,1,3,2,,1185,7/29/2025,,,80%,1899,1.6,1899,1.6,2025-07-29,2025-08-01,4,4
Seasons of Traverse Mountain,3 Bedroom 2 Bath,C3023,3,3,2,,1185,8/5/2025,400,,80%,1940,1.64,1940,1.64,2025-05-21,2025-07-29,70,0
Seasons of Traverse Mountain,3 Bedroom 2 Bath,D4040,4,3,2,,1185,7/19/2025,400,,80%,1940,1.64,1940,1.64,2025-05-17,2025-07-29,74,11
Seasons of Traverse Mountain,3 Bedroom 2 Bath,A3003,3,3,2,,1185,5/18/2025,400,,80%,1971,1.66,1971,1.66,2025-05-09,2025-05-16,8,0
Seasons of Traverse Mountain,3 Bedroom 2 Bath,B3020,3,3,2,,1185,6/20/2023,400,,120%,3065,2.59,3065,2.59,2023-06-20,2023-11-14,148,148
Seasons of Traverse Mountain,3 Bedroom 2 Bath,B4020,4,3,2,,1185,7/8/2023,400,,120%,3115,2.63,3115,2.63,2023-07-08,2023-11-14,130,130
Seasons of Traverse Mountain,Valley View - 3/3,169,,3,3,,1462,8/5/2025,,,80%,2100,1.44,2100,1.44,2025-08-05,2025-08-22,18,18
Seasons of Traverse Mountain,Valley View - 3/3,O-173,1,3,3,,1462,8/14/2025,1000,,80%,2144,1.47,2144,1.47,2025-07-29,2025-09-05,39,23
Seasons of Traverse Mountain,Valley View - 3/3,A-102,1,3,3,,1462,9/6/2025,1000,,80%,2144,1.47,2144,1.47,2025-08-05,2025-09-24,51,19
Seasons of Traverse Mountain,Valley View - 3/3,B-103,1,3,3,,1462,10/21/2025,1000,,80%,2209,1.51,2209,1.51,2025-09-17,2025-09-30,14,0
Seasons of Traverse Mountain,Valley View - 3/3,M160,1,3,3,,1462,10/28/2025,1000,,80%,2275,1.56,2275,1.56,2025-09-24,2025-09-25,2,0
Seasons of Traverse Mountain,Valley View - 3/3,C-112,1,3,3,,1462,8/8/2025,1000,,80%,2275,1.56,2275,1.56,2025-07-29,2025-09-26,60,50
The Vue at Traverse Ridge,Ensign Peak,B004,,1,1,,763,5/14/2025,,,60%,1580,2.07,1580,2.07,2025-04-04,2025-04-06,3,0
The Vue at Traverse Ridge,Ensign Peak,B004,,1,1,,763,12/9/2025,,,60%,1280,1.68,1280,1.68,2025-10-28,2025-10-30,3,0
The Vue at Traverse Ridge,Ensign Peak,A204,,1,1,,763,1/15/2025,,,60%,1425,1.87,1425,1.87,2025-01-16,2025-01-23,8,8
The Vue at Traverse Ridge,Ensign Peak,A204,,1,1,,763,1/8/2026,,,60%,1325,1.74,1325,1.74,2025-12-11,2025-12-16,6,0
The Vue at Traverse Ridge,Ensign Peak,E204,,1,1,,763,6/27/2024,,,60%,1580,2.07,1580,2.07,2024-06-27,2024-08-28,63,63
The Vue at Traverse Ridge,Ensign Peak,E204,,1,1,,763,9/30/2025,,,60%,1355,1.78,1355,1.78,2025-10-01,2025-10-09,9,9
The Vue at Traverse Ridge,Ensign Peak,G210,,1,1,,763,9/9/2024,,,60%,1375,1.8,1375,1.8,2024-09-10,2024-10-23,44,44
The Vue at Traverse Ridge,Ensign Peak,A004,,1,1,,763,10/28/2023,,,60%,1380,1.81,1380,1.81,2023-11-02,2024-04-20,171,171
The Vue at Traverse Ridge,Ensign Peak,A004,,1,1,,763,4/3/2025,,,60%,1380,1.81,1380,1.81,2025-03-03,2025-03-08,6,0
The Vue at Traverse Ridge,Ensign Peak,D309,,1,1,,763,8/28/2024,,,60%,1485,1.95,1485,1.95,2024-08-28,2024-10-21,55,55
The Vue at Traverse Ridge,Ensign Peak,D309,,1,1,,763,6/4/2025,,,60%,1685,2.21,1685,2.21,2025-04-19,2025-06-10,53,7
The Vue at Traverse Ridge,Ensign Peak,D309,,1,1,,763,10/23/2025,,,60%,1385,1.82,1385,1.82,2025-10-07,2025-10-09,3,0
The Vue at Traverse Ridge,Ensign Peak,C206,,1,1,,763,10/20/2024,,,60%,1405,1.84,1405,1.84,2024-10-21,2024-10-22,2,2
The Vue at Traverse Ridge,Ensign Peak,F204,,1,1,,763,3/7/2025,,,60%,1425,1.87,1425,1.87,2025-02-27,2025-03-01,3,0
The Vue at Traverse Ridge,Ensign Peak,C106,,1,1,,763,4/5/2025,,,80%,1435,1.88,1435,1.88,2025-03-08,2025-03-11,4,0
The Vue at Traverse Ridge,Ensign Peak,E303,,1,1,,763,4/2/2025,,,80%,1455,1.91,1455,1.91,2025-02-19,2025-02-23,5,0
The Vue at Traverse Ridge,Ensign Peak,E103,,1,1,,763,10/23/2024,,,80%,1405,1.84,1405,1.84,2024-10-23,2025-01-02,72,72
The Vue at Traverse Ridge,Ensign Peak,E103,,1,1,,763,7/1/2026,,,80%,1455,1.91,1455,1.91,2026-05-17,2026-05-20,4,0
The Vue at Traverse Ridge,Ensign Peak,H310,,1,1,,763,2/6/2025,,,80%,1485,1.95,1485,1.95,2025-02-05,2025-02-19,15,14
The Vue at Traverse Ridge,Ensign Peak,H309,,1,1,,763,3/6/2025,,,80%,1485,1.95,1485,1.95,2025-01-28,2025-02-19,23,0
The Vue at Traverse Ridge,Ensign Peak,D009,,1,1,,763,6/21/2024,,,80%,1495,1.96,1495,1.96,2024-06-21,2024-06-27,7,7
The Vue at Traverse Ridge,Ensign Peak,D109,,1,1,,763,6/27/2026,,,80%,1505,1.97,1505,1.97,2026-05-29,2026-06-11,14,0
The Vue at Traverse Ridge,Ensign Peak,E004,,1,1,,763,8/28/2024,,,80%,1375,1.8,1375,1.8,2024-08-28,2024-10-23,57,57
The Vue at Traverse Ridge,Ensign Peak,E004,,1,1,,763,7/29/2025,,,80%,1625,2.13,1625,2.13,2025-07-02,2025-07-10,9,0
The Vue at Traverse Ridge,Ensign Peak,E004,,1,1,,763,7/8/2026,,,80%,1525,2,1525,2,2026-06-11,2026-06-25,15,0
The Vue at Traverse Ridge,Ensign Peak,B204,,1,1,,763,1/1/2025,,,80%,1525,2,1525,2,2024-11-27,2024-12-04,8,0
The Vue at Traverse Ridge,Ensign Peak,E203,,1,1,,763,8/20/2025,,,80%,1525,2,1525,2,2025-04-10,2025-07-13,95,0
The Vue at Traverse Ridge,Ensign Peak,A303,,1,1,,763,4/19/2024,,,80%,1585,2.08,1585,2.08,2024-04-20,2024-04-21,2,2
The Vue at Traverse Ridge,Ensign Peak,A303,,1,1,,763,2/28/2025,,,80%,1485,1.95,1485,1.95,2025-02-19,2025-02-26,8,0
The Vue at Traverse Ridge,Ensign Peak,A303,,1,1,,763,6/24/2026,,,80%,1535,2.01,1535,2.01,2026-05-17,2026-05-29,13,0
The Vue at Traverse Ridge,Ensign Peak,B303,,1,1,,763,7/26/2024,,,80%,1555,2.04,1555,2.04,2024-07-27,2024-08-28,33,33
The Vue at Traverse Ridge,Ensign Peak,G209,,1,1,,763,4/30/2024,,,80%,1580,2.07,1580,2.07,2024-05-01,2024-06-11,42,42
The Vue at Traverse Ridge,Ensign Peak,G209,,1,1,,763,7/22/2026,,,80%,1555,2.04,1555,2.04,2026-06-25,2026-07-05,11,0
The Vue at Traverse Ridge,Ensign Peak,G109,,1,1,,763,5/16/2026,,,80%,1555,2.04,1555,2.04,2026-04-01,2026-04-08,8,0
The Vue at Traverse Ridge,Ensign Peak,E104,,1,1,,763,6/11/2024,,,80%,1560,2.04,1560,2.04,2024-06-11,2024-06-21,11,11
The Vue at Traverse Ridge,Ensign Peak,D310,,1,1,,763,7/16/2025,,,80%,1685,2.21,1685,2.21,2025-06-27,2025-07-15,19,0
The Vue at Traverse Ridge,Ensign Peak,D310,,1,1,,763,8/11/2026,,,80%,1585,2.08,1585,2.08,2026-07-05,2026-07-12,8,0
The Vue at Traverse Ridge,Ensign Peak,A103,,1,1,,763,7/10/2025,,,80%,1590,2.08,1590,2.08,2025-06-03,2025-06-07,5,0
The Vue at Traverse Ridge,Ensign Peak,A104,,1,1,,763,9/5/2024,,,80%,1590,2.08,1590,2.08,2024-09-06,2024-09-21,16,16
The Vue at Traverse Ridge,Ensign Peak,F103,,1,1,,763,5/29/2025,,,80%,1590,2.08,1590,2.08,2025-04-30,2025-05-03,4,0
The Vue at Traverse Ridge,Ensign Peak,G110,,1,1,,763,7/31/2025,,,80%,1605,2.1,1605,2.1,2025-06-10,2025-07-02,23,0
The Vue at Traverse Ridge,Ensign Peak,G309,,1,1,,763,4/30/2024,,,80%,1610,2.11,1610,2.11,2024-05-01,2024-07-27,88,88
The Vue at Traverse Ridge,Ensign Peak,D110,,1,1,,763,9/30/2025,,,80%,1335,1.75,1335,1.75,2025-10-01,2025-10-07,7,7
The Vue at Traverse Ridge,Ensign Peak,D110,,1,1,,763,5/1/2026,,,80%,1635,2.14,1635,2.14,2026-03-14,2026-04-03,21,0
The Vue at Traverse Ridge,Ensign Peak,C305,,1,1,,763,8/7/2025,,,80%,1685,2.21,1685,2.21,2025-06-24,2025-06-27,4,0
The Vue at Traverse Ridge,Grandeur Peak,D005,,1,1,,824,2/22/2025,,,60%,1520,1.84,1520,1.84,2025-02-23,2025-03-11,17,17
The Vue at Traverse Ridge,Grandeur Peak,D005,,1,1,,824,1/7/2026,,,60%,1420,1.72,1420,1.72,2025-12-09,2025-12-16,8,0
The Vue at Traverse Ridge,Grandeur Peak,B207,,1,1,,824,10/31/2024,,,80%,1535,1.86,1535,1.86,2024-10-31,2024-11-20,21,21
The Vue at Traverse Ridge,Grandeur Peak,B207,,1,1,,824,12/27/2025,,,80%,1435,1.74,1435,1.74,2025-12-03,2025-12-19,17,0
The Vue at Traverse Ridge,Grandeur Peak,F008,,1,1,,824,11/13/2025,,,80%,1450,1.76,1450,1.76,2025-10-16,2025-11-19,35,7
The Vue at Traverse Ridge,Grandeur Peak,H105,,1,1,,824,10/10/2024,,,80%,1465,1.78,1465,1.78,2024-10-10,2024-10-27,18,18
The Vue at Traverse Ridge,Grandeur Peak,F207,,1,1,,824,6/13/2025,,,80%,1535,1.86,1535,1.86,2025-06-07,2025-06-21,15,9
The Vue at Traverse Ridge,Grandeur Peak,F207,,1,1,,824,12/23/2025,,,80%,1485,1.8,1485,1.8,2025-11-19,2025-12-09,21,0
The Vue at Traverse Ridge,Grandeur Peak,B208,,1,1,,824,12/31/2025,,,80%,1500,1.82,1500,1.82,2025-11-25,2025-11-30,6,0
The Vue at Traverse Ridge,Grandeur Peak,A008,,1,1,,824,5/3/2025,,,80%,1505,1.83,1505,1.83,2025-03-26,2025-06-03,70,32
The Vue at Traverse Ridge,Grandeur Peak,H005,,1,1,,824,2/1/2025,,,80%,1505,1.83,1505,1.83,2025-01-25,2025-02-23,30,23
The Vue at Traverse Ridge,Grandeur Peak,D305,,1,1,,824,9/30/2025,,,80%,1510,1.83,1510,1.83,2025-10-01,2025-10-07,7,7
The Vue at Traverse Ridge,Grandeur Peak,F107,,1,1,,824,9/5/2024,,,80%,1640,1.99,1640,1.99,2024-09-06,2024-09-21,16,16
The Vue at Traverse Ridge,Grandeur Peak,F107,,1,1,,824,2/14/2026,,,80%,1565,1.9,1565,1.9,2026-02-02,2026-02-25,24,12
The Vue at Traverse Ridge,Grandeur Peak,A207,,1,1,,824,12/10/2024,,,80%,1580,1.92,1580,1.92,2024-12-10,2025-05-21,163,163
The Vue at Traverse Ridge,Grandeur Peak,G005,,1,1,,824,7/11/2026,,,80%,1605,1.95,1605,1.95,2026-05-23,2026-06-11,20,0
The Vue at Traverse Ridge,Grandeur Peak,B107,,1,1,,824,6/13/2026,,,80%,1630,1.98,1630,1.98,2026-05-13,2026-07-01,50,19
The Vue at Traverse Ridge,Grandeur Peak,D306,,1,1,,824,10/18/2025,,,80%,1480,1.8,1480,1.8,2025-10-07,2025-11-04,29,18
The Vue at Traverse Ridge,Grandeur Peak,D306,,1,1,,824,5/23/2026,,,80%,1630,1.98,1630,1.98,2026-04-03,2026-05-23,51,1
The Vue at Traverse Ridge,Grandeur Peak,G206 (1),,1,1,,824,5/28/2026,,,80%,1635,1.98,1635,1.98,2026-04-08,2026-04-14,7,0
The Vue at Traverse Ridge,Grandeur Peak,G206,,1,1,,824,10/14/2025,,,80%,1435,1.74,1435,1.74,2025-09-21,2025-10-16,26,3
The Vue at Traverse Ridge,Grandeur Peak,G206,,1,1,,824,5/28/2026,,,80%,1635,1.98,1635,1.98,2026-04-03,2026-05-13,41,0
The Vue at Traverse Ridge,Grandeur Peak,B308,,1,1,,824,8/19/2026,,,80%,1680,2.04,1680,2.04,2026-07-08,,6,0
The Vue at Traverse Ridge,Grandeur Peak,B307,,1,1,,824,4/19/2024,,,80%,1680,2.04,1680,2.04,2024-04-20,2024-09-06,140,140
The Vue at Traverse Ridge,Grandeur Peak,B307,,1,1,,824,3/5/2026,,,80%,1680,2.04,1680,2.04,2026-02-02,2026-03-24,51,20
The Vue at Traverse Ridge,Grandeur Peak,F208,,1,1,,824,10/31/2024,,,80%,1680,2.04,1680,2.04,2024-10-31,2024-12-10,41,41
The Vue at Traverse Ridge,Grandeur Peak,B008,,1,1,,824,10/27/2023,,,80%,1505,1.83,1505,1.83,2023-11-02,2024-04-20,171,171
The Vue at Traverse Ridge,Grandeur Peak,B008,,1,1,,824,4/10/2025,,,80%,1705,2.07,1705,2.07,2025-04-10,2025-07-18,100,100
The Vue at Traverse Ridge,Grandeur Peak,H306,,1,1,,824,4/19/2024,,,80%,1735,2.11,1735,2.11,2024-04-20,2024-09-06,140,140
The Vue at Traverse Ridge,Grandeur Peak,H306,,1,1,,824,1/2/2025,,,80%,1610,1.95,1610,1.95,2025-01-02,2025-01-25,24,24
The Vue at Traverse Ridge,Grandeur Peak,H306,,1,1,,824,6/13/2026,,,80%,1710,2.08,1710,2.08,2026-04-08,2026-05-13,36,0
The Vue at Traverse Ridge,Grandeur Peak,A307,,1,1,,824,3/11/2025,,,80%,1610,1.95,1610,1.95,2025-03-11,2025-03-16,6,6
The Vue at Traverse Ridge,Grandeur Peak,A307,,1,1,,824,5/21/2026,,,80%,1710,2.08,1710,2.08,2026-04-03,2026-05-13,41,0
The Vue at Traverse Ridge,Grandeur Peak,H106,,1,1,,824,5/20/2025,,,80%,1715,2.08,1715,2.08,2025-05-21,2025-05-24,4,4
The Vue at Traverse Ridge,Grandeur Peak,G105,,1,1,,824,10/10/2024,,,80%,1480,1.8,1480,1.8,2024-10-10,2024-10-31,22,22
The Vue at Traverse Ridge,Grandeur Peak,G105,,1,1,,824,3/12/2026,,,80%,1730,2.1,1730,2.1,2026-03-14,2026-03-25,12,12
The Vue at Traverse Ridge,Grandeur Peak,G205,,1,1,,824,11/19/2024,,,80%,1580,1.92,1580,1.92,2024-11-20,2025-01-02,44,44
The Vue at Traverse Ridge,Grandeur Peak,G205,,1,1,,824,6/3/2025,,,80%,1780,2.16,1780,2.16,2025-06-03,2025-06-07,5,5
The Vue at Traverse Ridge,Grandeur Peak,G306,,1,1,,824,6/6/2025,,,80%,1780,2.16,1780,2.16,2025-05-13,2025-06-03,22,0
The Vue at Traverse Ridge,Grandeur Peak,H305,,1,1,,824,5/10/2025,,,80%,1810,2.2,1810,2.2,2025-04-09,2025-04-10,2,0
The Vue at Traverse Ridge,Kings Peak,C101,,1,1,,910,10/15/2025,,,80%,1555,1.71,1555,1.71,2025-10-16,2025-11-14,30,30
The Vue at Traverse Ridge,Kings Peak,A111,,1,1,,910,4/25/2024,,,80%,1655,1.82,1655,1.82,2024-04-26,2024-04-27,2,2
The Vue at Traverse Ridge,Kings Peak,A111,,1,1,,910,9/5/2024,,,80%,1555,1.71,1555,1.71,2024-09-06,2025-02-14,162,162
The Vue at Traverse Ridge,Kings Peak,A111,,1,1,,910,7/23/2025,,,80%,1755,1.93,1755,1.93,2025-07-02,2025-07-19,18,0
The Vue at Traverse Ridge,Kings Peak,A111,,1,1,,910,10/7/2025,,,80%,1555,1.71,1555,1.71,2025-10-30,2025-11-14,16,16
The Vue at Traverse Ridge,Kings Peak,C202,,1,1,,910,10/11/2025,,,80%,1605,1.76,1605,1.76,2025-11-14,2026-02-02,81,81
The Vue at Traverse Ridge,Kings Peak,A012,,1,1,,910,10/13/2023,,,80%,1630,1.79,1630,1.79,2023-11-02,2024-05-30,211,211
The Vue at Traverse Ridge,Kings Peak,A312,,1,1,,910,9/30/2025,,,80%,1635,1.8,1635,1.8,2025-10-01,2025-10-16,16,16
The Vue at Traverse Ridge,Kings Peak,B211,,1,1,,910,12/10/2024,,,80%,1660,1.82,1660,1.82,2024-12-10,2025-05-07,149,149
The Vue at Traverse Ridge,Kings Peak,B111,,1,1,,910,9/5/2024,,,80%,1655,1.82,1655,1.82,2024-09-06,2024-09-11,6,6
The Vue at Traverse Ridge,Kings Peak,B111,,1,1,,910,6/4/2026,,,80%,1705,1.87,1705,1.87,2026-03-21,2026-05-23,64,0
The Vue at Traverse Ridge,Kings Peak,F212,,1,1,,910,7/31/2024,,,80%,1730,1.9,1730,1.9,2024-08-01,2024-09-06,37,37
The Vue at Traverse Ridge,Kings Peak,F212,,1,1,,910,2/4/2025,,,80%,1705,1.87,1705,1.87,2025-02-05,2025-04-06,61,61
The Vue at Traverse Ridge,Kings Peak,F212,,1,1,,910,3/5/2026,,,80%,1705,1.87,1705,1.87,2026-02-25,2026-04-14,49,41
The Vue at Traverse Ridge,Kings Peak,H001,,1,1,,910,7/3/2026,,,80%,1730,1.9,1730,1.9,2026-06-22,2026-07-03,12,1
The Vue at Traverse Ridge,Kings Peak,B012,,1,1,,910,10/7/2025,,,80%,1530,1.68,1530,1.68,2025-09-27,2025-10-30,34,24
The Vue at Traverse Ridge,Kings Peak,B012,,1,1,,910,Now,,,80%,1730,1.9,1730,1.9,2026-07-03,,11,10
The Vue at Traverse Ridge,Kings Peak,D302,,1,1,,910,1/20/2025,,,80%,1735,1.91,1735,1.91,2025-01-21,2025-01-25,5,5
The Vue at Traverse Ridge,Kings Peak,D102,,1,1,,910,2/11/2026,,,80%,1735,1.91,1735,1.91,2026-02-02,2026-02-25,24,15
The Vue at Traverse Ridge,Kings Peak,G102,,1,1,,910,12/10/2024,,,80%,1640,1.8,1640,1.8,2024-12-10,2025-01-02,24,24
The Vue at Traverse Ridge,Kings Peak,G102,,1,1,,910,5/9/2026,,,80%,1740,1.91,1740,1.91,2026-03-21,2026-05-13,54,5
The Vue at Traverse Ridge,Kings Peak,F012,,1,1,,910,9/11/2024,,,80%,1595,1.75,1595,1.75,2024-05-30,2024-10-27,151,47
The Vue at Traverse Ridge,Kings Peak,F012,,1,1,,910,5/22/2026,,,80%,1745,1.92,1745,1.92,2026-04-01,2026-05-29,59,8
The Vue at Traverse Ridge,Kings Peak,D201,,1,1,,910,5/19/2026,,,80%,1755,1.93,1755,1.93,2026-02-25,2026-05-14,79,0
The Vue at Traverse Ridge,Kings Peak,H202,,1,1,,910,11/26/2024,,,80%,1775,1.95,1775,1.95,2024-11-27,2024-12-10,14,14
The Vue at Traverse Ridge,Kings Peak,F112,,1,1,,910,4/24/2025,,,80%,1685,1.85,1685,1.85,2025-04-19,2025-05-03,15,10
The Vue at Traverse Ridge,Kings Peak,F112,,1,1,,910,6/17/2026,,,80%,1785,1.96,1785,1.96,2026-06-18,2026-06-22,5,5
The Vue at Traverse Ridge,Kings Peak,H302,,1,1,,910,1/13/2026,,,80%,1785,1.96,1785,1.96,2026-02-02,2026-02-25,24,24
The Vue at Traverse Ridge,Kings Peak,G201,,1,1,,910,5/14/2026,,,80%,1805,1.98,1805,1.98,2026-03-24,2026-05-01,39,0
The Vue at Traverse Ridge,Kings Peak,C201,,1,1,,910,1/2/2025,,,80%,1705,1.87,1705,1.87,2025-01-02,2025-02-05,35,35
The Vue at Traverse Ridge,Kings Peak,C201,,1,1,,910,7/21/2026,,,80%,1805,1.98,1805,1.98,2026-07-05,,9,0
The Vue at Traverse Ridge,Kings Peak,F311,,1,1,,910,5/14/2025,,,80%,1805,1.98,1805,1.98,2025-05-14,2025-08-08,87,87
The Vue at Traverse Ridge,Kings Peak,G302,,1,1,,910,3/25/2025,,,80%,1735,1.91,1735,1.91,2025-03-26,2025-04-19,25,25
The Vue at Traverse Ridge,Kings Peak,G302,,1,1,,910,6/9/2026,,,80%,1835,2.02,1835,2.02,2026-03-21,2026-06-18,90,10
The Vue at Traverse Ridge,Kings Peak,B312,,1,1,,910,4/27/2024,,,80%,1735,1.91,1735,1.91,2024-04-28,2024-08-01,96,96
The Vue at Traverse Ridge,Kings Peak,B312,,1,1,,910,7/22/2025,,,80%,1835,2.02,1835,2.02,2025-07-19,2025-07-21,3,0
The Vue at Traverse Ridge,Kings Peak,D001,,1,1,,910,5/30/2025,,,80%,1875,2.06,1875,2.06,2025-05-24,2025-07-01,39,33
The Vue at Traverse Ridge,Kings Peak,E307,,1,1,,910,4/18/2025,,,80%,1890,2.08,1890,2.08,2025-04-19,2025-05-14,26,26
The Vue at Traverse Ridge,Kings Peak,D202,,1,1,,910,9/11/2024,,,120%,1705,1.87,1705,1.87,2024-09-11,2024-10-10,30,30
The Vue at Traverse Ridge,Kings Peak,D202,,1,1,,910,5/6/2025,,,120%,1905,2.09,1905,2.09,2025-05-07,2025-05-24,18,18
The Vue at Traverse Ridge,Kings Peak,D101,,1,1,,910,4/19/2024,,,120%,1685,1.85,1685,1.85,2024-04-20,2024-04-26,7,7
The Vue at Traverse Ridge,Kings Peak,D101,,1,1,,910,5/23/2026,,,120%,2085,2.29,2085,2.29,2026-04-22,2026-05-13,22,0
The Vue at Traverse Ridge,Mt. Nebo,H011,,2,1,,1137,8/28/2024,,,80%,1720,1.51,1720,1.51,2024-08-28,2024-10-31,65,65
The Vue at Traverse Ridge,Mt. Nebo,H011,,2,1,,1137,2/26/2026,,,80%,1820,1.6,1820,1.6,2026-02-02,2026-02-25,24,0
The Vue at Traverse Ridge,Mt. Nebo,G112,,2,1,,1138,11/12/2025,,,80%,1680,1.48,1680,1.48,2025-10-07,2025-10-16,10,0
The Vue at Traverse Ridge,Mt. Nebo,A201,,2,1,,1138,9/24/2025,,,80%,1700,1.49,1700,1.49,2025-09-23,2025-10-07,15,14
The Vue at Traverse Ridge,Mt. Nebo,G111,,2,1,,1138,12/20/2025,,,80%,1715,1.51,1715,1.51,2025-11-14,2026-02-02,81,45
The Vue at Traverse Ridge,Mt. Nebo,F002,,2,1,,1138,12/13/2025,,,80%,1735,1.52,1735,1.52,2025-11-05,2025-12-16,42,4
The Vue at Traverse Ridge,Mt. Nebo,C307,,2,1,,1138,5/13/2025,,,80%,2060,1.81,2060,1.81,2025-05-13,2025-05-24,12,12
The Vue at Traverse Ridge,Mt. Nebo,C307,,2,1,,1138,12/17/2025,,,80%,1760,1.55,1760,1.55,2025-12-17,2026-02-02,48,48
The Vue at Traverse Ridge,Mt. Nebo,H312,,2,1,,1138,10/15/2025,,,80%,1760,1.55,1760,1.55,2025-10-16,2025-11-04,20,20
The Vue at Traverse Ridge,Mt. Nebo,A302,,2,1,,1138,9/30/2025,,,80%,1760,1.55,1760,1.55,2025-10-01,2025-10-02,2,2
The Vue at Traverse Ridge,Mt. Nebo,A301,,2,1,,1138,9/24/2025,,,80%,1760,1.55,1760,1.55,2025-09-21,2025-10-16,26,23
The Vue at Traverse Ridge,Mt. Nebo,D011,,2,1,,1138,10/31/2024,,,80%,1770,1.56,1770,1.56,2024-10-31,2025-01-07,69,69
The Vue at Traverse Ridge,Mt. Nebo,A102,,2,1,,1138,11/7/2024,,,80%,1780,1.56,1780,1.56,2024-10-31,2025-01-21,83,76
The Vue at Traverse Ridge,Mt. Nebo,E002,,2,1,,1138,1/7/2025,,,80%,1800,1.58,1800,1.58,2025-01-07,2025-01-14,8,8
The Vue at Traverse Ridge,Mt. Nebo,C108,,2,1,,1138,11/2/2023,,,80%,1810,1.59,1810,1.59,2023-11-02,2024-04-20,171,171
The Vue at Traverse Ridge,Mt. Nebo,C108,,2,1,,1138,1/15/2025,,,80%,1810,1.59,1810,1.59,2025-01-16,2025-01-31,16,16
The Vue at Traverse Ridge,Mt. Nebo,D112,,2,1,,1138,9/5/2024,,,80%,1810,1.59,1810,1.59,2024-09-06,2024-10-10,35,35
The Vue at Traverse Ridge,Mt. Nebo,C208,,2,1,,1138,4/20/2024,,,80%,1830,1.61,1830,1.61,2024-04-21,2024-08-28,130,130
The Vue at Traverse Ridge,Mt. Nebo,C208,,2,1,,1138,2/25/2025,,,80%,1830,1.61,1830,1.61,2025-02-25,2025-03-26,30,30
The Vue at Traverse Ridge,Mt. Nebo,A002,,2,1,,1138,12/10/2024,,,80%,1755,1.54,1755,1.54,2024-12-10,2025-01-02,24,24
The Vue at Traverse Ridge,Mt. Nebo,A002,,2,1,,1138,4/10/2025,,,80%,1855,1.63,1855,1.63,2025-04-08,2025-04-16,9,7
The Vue at Traverse Ridge,Mt. Nebo,A002,,2,1,,1138,11/5/2025,,,80%,1655,1.45,1655,1.45,2025-10-16,2025-11-04,20,0
The Vue at Traverse Ridge,Mt. Nebo,A002,,2,1,,1138,3/28/2026,,,80%,1855,1.63,1855,1.63,2026-03-14,2026-04-01,19,5
The Vue at Traverse Ridge,Mt. Nebo,E101,,2,1,,1138,4/20/2024,,,80%,1835,1.61,1835,1.61,2024-04-21,2024-09-06,139,139
The Vue at Traverse Ridge,Mt. Nebo,E101,,2,1,,1138,4/10/2026,,,80%,1860,1.63,1860,1.63,2026-03-14,2026-05-01,49,22
The Vue at Traverse Ridge,Mt. Nebo,G211,,2,1,,1138,5/12/2026,,,80%,1880,1.65,1880,1.65,2026-04-14,2026-05-17,34,6
The Vue at Traverse Ridge,Mt. Nebo,E201,,2,1,,1138,3/6/2026,,,80%,1880,1.65,1880,1.65,2026-02-02,2026-02-25,24,0
The Vue at Traverse Ridge,Mt. Nebo,F202,,2,1,,1138,1/14/2025,,,80%,1800,1.58,1800,1.58,2025-01-14,2025-01-16,3,3
The Vue at Traverse Ridge,Mt. Nebo,F202,,2,1,,1138,6/17/2026,,,80%,1900,1.67,1900,1.67,2026-04-08,2026-05-29,52,0
The Vue at Traverse Ridge,Mt. Nebo,B101,,2,1,,1138,7/14/2026,,,80%,1910,1.68,1910,1.68,2026-05-29,2026-06-11,14,0
The Vue at Traverse Ridge,Mt. Nebo,D212,,2,1,,1138,12/10/2024,,,80%,2030,1.78,2030,1.78,2024-12-10,2025-05-13,155,155
The Vue at Traverse Ridge,Mt. Nebo,D212,,2,1,,1138,7/21/2026,,,80%,1930,1.7,1930,1.7,2026-06-11,,33,0
The Vue at Traverse Ridge,Mt. Nebo,C007,,2,1,,1138,5/6/2026,,,80%,1955,1.72,1955,1.72,2026-02-25,2026-03-14,18,0
The Vue at Traverse Ridge,Mt. Nebo,F301,,2,1,,1138,4/16/2026,,,80%,1980,1.74,1980,1.74,2026-04-01,2026-05-13,43,28
The Vue at Traverse Ridge,Mt. Nebo,B201,,2,1,,1138,1/31/2025,,,80%,2000,1.76,2000,1.76,2025-01-31,2025-05-13,103,103
The Vue at Traverse Ridge,Mt. Nebo,E302,,2,1,,1138,5/27/2026,,,80%,2010,1.77,2010,1.77,2026-04-01,2026-04-07,7,0
The Vue at Traverse Ridge,Mt. Nebo,D211,,2,1,,1138,7/9/2025,,,80%,2030,1.78,2030,1.78,2025-06-03,2025-06-07,5,0
The Vue at Traverse Ridge,Mt. Nebo,H211,,2,1,,1138,2/17/2026,,,80%,2030,1.78,2030,1.78,2026-02-02,2026-02-25,24,9
The Vue at Traverse Ridge,Mt. Nebo,C308,,2,1,,1138,4/3/2025,,,80%,2060,1.81,2060,1.81,2025-04-04,2025-05-21,48,48
The Vue at Traverse Ridge,Mt. Timpanogos,A105,,2,2,,1101,12/17/2025,,,80%,1740,1.58,1740,1.58,2025-11-19,2026-02-02,76,48
The Vue at Traverse Ridge,Mt. Timpanogos,A106,,2,2,,1101,11/8/2025,,,80%,1755,1.59,1755,1.59,2025-10-17,2025-11-19,34,12
The Vue at Traverse Ridge,Mt. Timpanogos,B106,,2,2,,1101,10/21/2024,,,80%,1855,1.68,1855,1.68,2024-10-22,2025-01-02,73,73
The Vue at Traverse Ridge,Mt. Timpanogos,B106,,2,2,,1101,10/4/2025,,,80%,1755,1.59,1755,1.59,2025-09-17,2025-10-17,31,14
The Vue at Traverse Ridge,Mt. Timpanogos,G107,,2,2,,1101,10/1/2025,,,80%,1755,1.59,1755,1.59,2025-10-01,2025-11-14,45,45
The Vue at Traverse Ridge,Mt. Timpanogos,F006,,2,2,,1101,12/4/2025,,,80%,1775,1.61,1775,1.61,2025-11-14,2026-02-02,81,61
The Vue at Traverse Ridge,Mt. Timpanogos,H108,,2,2,,1101,5/3/2024,,,80%,1855,1.68,1855,1.68,2024-05-04,2024-08-01,90,90
The Vue at Traverse Ridge,Mt. Timpanogos,g107,,2,2,,1101,7/31/2024,,,80%,1855,1.68,1855,1.68,2024-08-01,2024-09-06,37,37
The Vue at Traverse Ridge,Mt. Timpanogos,F205,,2,2,,1101,1/2/2025,,,80%,1860,1.69,1860,1.69,2025-01-02,2025-04-03,92,92
The Vue at Traverse Ridge,Mt. Timpanogos,A205,,2,2,,1101,4/19/2024,,,80%,1835,1.67,1835,1.67,2024-04-20,2024-05-04,15,15
The Vue at Traverse Ridge,Mt. Timpanogos,A205,,2,2,,1101,4/3/2025,,,80%,1860,1.69,1860,1.69,2025-04-04,2025-04-16,13,13
The Vue at Traverse Ridge,Mt. Timpanogos,G208,,2,2,,1101,2/4/2025,,,80%,1875,1.7,1875,1.7,2025-02-05,2025-05-06,91,91
The Vue at Traverse Ridge,Mt. Timpanogos,H007,,2,2,,1101,4/8/2026,,,80%,1880,1.71,1880,1.71,2026-04-08,2026-05-17,40,40
The Vue at Traverse Ridge,Mt. Timpanogos,G007,,2,2,,1101,4/15/2026,,,80%,1880,1.71,1880,1.71,2026-04-08,2026-05-23,46,39
The Vue at Traverse Ridge,Mt. Timpanogos,H107,,2,2,,1101,9/20/2024,,,80%,1885,1.71,1885,1.71,2024-09-21,2024-10-10,20,20
The Vue at Traverse Ridge,Mt. Timpanogos,D108,,2,2,,1101,5/6/2025,,,80%,1885,1.71,1885,1.71,2025-05-07,2025-05-24,18,18
The Vue at Traverse Ridge,Mt. Timpanogos,D308,,2,2,,1101,10/28/2025,,,80%,1885,1.71,1885,1.71,2026-02-02,2026-02-25,24,24
The Vue at Traverse Ridge,Mt. Timpanogos,A305,,2,2,,1101,5/3/2024,,,80%,1880,1.71,1880,1.71,2024-05-04,2024-09-06,126,126
The Vue at Traverse Ridge,Mt. Timpanogos,A305,,2,2,,1101,5/6/2025,,,80%,1905,1.73,1905,1.73,2025-05-07,2025-05-24,18,18
The Vue at Traverse Ridge,Mt. Timpanogos,G207,,2,2,,1101,5/5/2025,,,80%,1905,1.73,1905,1.73,2025-05-06,2025-06-07,33,33
The Vue at Traverse Ridge,Mt. Timpanogos,A206,,2,2,,1101,11/26/2024,,,80%,1905,1.73,1905,1.73,2024-11-27,2025-02-05,71,71
The Vue at Traverse Ridge,Mt. Timpanogos,A006,,2,2,,1101,11/1/2023,,,80%,1805,1.64,1805,1.64,2023-11-02,2024-04-20,171,171
The Vue at Traverse Ridge,Mt. Timpanogos,A006,,2,2,,1101,1/3/2026,,,80%,1920,1.74,1920,1.74,2026-02-02,2026-02-25,24,24
The Vue at Traverse Ridge,Mt. Timpanogos,H207,,2,2,,1101,Now,,,80%,2005,1.82,2005,1.82,2026-05-23,,52,18
The Vue at Traverse Ridge,Mt. Timpanogos,F105,,2,2,,1101,9/5/2024,,,80%,1840,1.67,1840,1.67,2024-09-06,2025-01-02,119,119
The Vue at Traverse Ridge,Mt. Timpanogos,F105,,2,2,,1101,6/11/2026,,,80%,2030,1.84,2030,1.84,2026-04-07,2026-05-13,37,0
The Vue at Traverse Ridge,Mt. Timpanogos,B306,,2,2,,1101,11/7/2024,,,80%,2035,1.85,2035,1.85,2024-11-07,2024-11-27,21,21
The Vue at Traverse Ridge,Mt. Timpanogos,A306,,2,2,,1101,5/13/2026,,,80%,2085,1.89,2085,1.89,2026-03-26,2026-04-07,13,0
The Vue at Traverse Ridge,Mt. Timpanogos,B305,,2,2,,1101,5/23/2025,,,80%,2105,1.91,2105,1.91,2025-05-24,2025-06-21,29,29
The Vue at Traverse Ridge,Mt. Timpanogos,D208,,2,2,,1101,4/15/2025,,,80%,2105,1.91,2105,1.91,2025-04-16,2025-06-10,56,56
The Vue at Traverse Ridge,Mt. Timpanogos,F105 (1),,2,2,,1105,6/11/2026,,,80%,1940,1.76,1940,1.76,2026-04-22,2026-05-13,22,0
The Vue at Traverse Ridge,Mt. Olympus,H104,,2,2,,1159,6/6/2024,,,80%,1865,1.61,1865,1.61,2024-06-06,2024-08-28,84,84
The Vue at Traverse Ridge,Mt. Olympus,H104,,2,2,,1159,6/27/2025,,,80%,2065,1.78,2065,1.78,2025-06-24,2025-06-27,4,1
The Vue at Traverse Ridge,Mt. Olympus,H104,,2,2,,1159,11/6/2025,,,80%,1765,1.52,1765,1.52,2025-10-22,2025-11-14,24,9
The Vue at Traverse Ridge,Mt. Olympus,A09,,2,2,,1159,1/1/2026,,,80%,1780,1.54,1780,1.54,2025-12-09,2025-12-16,8,0
The Vue at Traverse Ridge,Mt. Olympus,A109,,2,2,,1159,1/1/2026,,,80%,1780,1.54,1780,1.54,2025-12-16,2026-02-02,49,33
The Vue at Traverse Ridge,Mt. Olympus,G103,,2,2,,1159,12/16/2025,,,80%,1780,1.54,1780,1.54,2025-11-30,2025-12-09,10,0
The Vue at Traverse Ridge,Mt. Olympus,F209,,2,2,,1159,11/28/2025,,,80%,1785,1.54,1785,1.54,2025-11-05,2025-11-30,26,3
The Vue at Traverse Ridge,Mt. Olympus,H204,,2,2,,1159,11/28/2025,,,80%,1800,1.55,1800,1.55,2025-11-14,2026-02-02,81,67
The Vue at Traverse Ridge,Mt. Olympus,B110,,2,2,,1159,3/20/2025,,,80%,1910,1.65,1910,1.65,2025-03-04,2025-03-11,8,0
The Vue at Traverse Ridge,Mt. Olympus,B110,,2,2,,1159,10/8/2025,,,80%,1810,1.56,1810,1.56,2025-10-07,2025-10-16,10,9
The Vue at Traverse Ridge,Mt. Olympus,A110,,2,2,,1159,9/30/2025,,,80%,1810,1.56,1810,1.56,2025-09-21,2025-10-07,17,8
The Vue at Traverse Ridge,Mt. Olympus,D103,,2,2,,1159,10/21/2025,,,80%,1810,1.56,1810,1.56,2025-10-16,2025-11-05,21,16
The Vue at Traverse Ridge,Mt. Olympus,D204,,2,2,,1159,9/30/2025,,,80%,1830,1.58,1830,1.58,2025-10-01,2025-10-22,22,22
The Vue at Traverse Ridge,Mt. Olympus,C103,,2,2,,1159,10/13/2023,,,80%,1855,1.6,1855,1.6,2023-11-02,2024-06-11,223,223
The Vue at Traverse Ridge,Mt. Olympus,B010,,2,2,,1159,8/28/2024,,,80%,1855,1.6,1855,1.6,2024-08-28,2024-10-21,55,55
The Vue at Traverse Ridge,Mt. Olympus,G003,,2,2,,1159,2/25/2025,,,80%,1855,1.6,1855,1.6,2025-02-25,2025-04-01,36,36
The Vue at Traverse Ridge,Mt. Olympus,F010,,2,2,,1159,5/15/2026,,,80%,1920,1.66,1920,1.66,2026-04-07,2026-05-23,47,9
The Vue at Traverse Ridge,Mt. Olympus,C304,,2,2,,1159,8/28/2024,,,80%,1935,1.67,1935,1.67,2024-08-28,2024-08-31,4,4
The Vue at Traverse Ridge,Mt. Olympus,C104,,2,2,,1159,6/4/2026,,,80%,1960,1.69,1960,1.69,2026-05-13,2026-05-23,11,0
The Vue at Traverse Ridge,Mt. Olympus,D304,,2,2,,1159,2/26/2025,,,80%,1960,1.69,1960,1.69,2025-01-25,2025-03-04,39,7
The Vue at Traverse Ridge,Mt. Olympus,H103,,2,2,,1159,6/5/2026,,,80%,2010,1.73,2010,1.73,2026-03-21,2026-06-03,75,0
The Vue at Traverse Ridge,Mt. Olympus,E305,,2,2,,1159,6/11/2024,,,80%,1915,1.65,1915,1.65,2024-06-11,2024-06-27,17,17
The Vue at Traverse Ridge,Mt. Olympus,E305,,2,2,,1159,1/1/2025,,,80%,2015,1.74,2015,1.74,2024-11-27,2024-12-10,14,0
The Vue at Traverse Ridge,Mt. Olympus,H203,,2,2,,1159,1/2/2025,,,80%,1930,1.67,1930,1.67,2025-01-02,2025-01-16,15,15
The Vue at Traverse Ridge,Mt. Olympus,H203,,2,2,,1159,5/8/2026,,,80%,2030,1.75,2030,1.75,2026-03-14,2026-05-13,61,6
The Vue at Traverse Ridge,Mt. Olympus,D203,,2,2,,1159,4/8/2025,,,80%,2030,1.75,2030,1.75,2025-03-14,2025-04-09,27,2
The Vue at Traverse Ridge,Mt. Olympus,A209,,2,2,,1159,6/3/2026,,,80%,2030,1.75,2030,1.75,2026-04-08,2026-05-01,24,0
The Vue at Traverse Ridge,Mt. Olympus,D303,,2,2,,1159,Now,,,80%,2060,1.78,2060,1.78,2026-07-08,,6,6
The Vue at Traverse Ridge,Mt. Olympus,A309,,2,2,,1159,4/15/2025,,,80%,2160,1.86,2160,1.86,2025-04-10,2025-06-03,55,50
The Vue at Traverse Ridge,Mt. Olympus,A309,,2,2,,1159,4/25/2026,,,80%,2060,1.78,2060,1.78,2026-04-22,2026-07-08,78,75
The Vue at Traverse Ridge,Mt. Olympus,F109,,2,2,,1159,5/8/2025,,,80%,2065,1.78,2065,1.78,2025-04-01,2025-06-21,82,45
The Vue at Traverse Ridge,Mt. Olympus,B109,,2,2,,1159,1/2/2026,,,80%,2080,1.79,2080,1.79,2026-02-02,2026-03-14,41,41
The Vue at Traverse Ridge,Mt. Olympus,G204,,2,2,,1159,6/27/2024,,,80%,1900,1.64,1900,1.64,2024-06-27,2024-08-28,63,63
The Vue at Traverse Ridge,Mt. Olympus,G204,,2,2,,1159,5/28/2025,,,80%,2100,1.81,2100,1.81,2025-04-09,2025-06-07,60,11
The Vue at Traverse Ridge,Mt. Olympus,F309,,2,2,,1159,8/6/2025,,,80%,2130,1.84,2130,1.84,2025-06-24,2025-06-27,4,0
The Vue at Traverse Ridge,Mt. Olympus,G203,,2,2,,1159,6/3/2025,,,80%,2130,1.84,2130,1.84,2025-06-03,2025-06-07,5,5
The Vue at Traverse Ridge,Mt. Olympus,A210,,2,2,,1159,4/11/2026,,,80%,2130,1.84,2130,1.84,2026-03-21,2026-04-01,12,0
The Vue at Traverse Ridge,Mt. Olympus,D003,,2,2,,1159,11/5/2024,,,120%,2000,1.73,2000,1.73,2024-10-03,2025-04-10,190,157
The Vue at Traverse Ridge,Mt. Olympus,D003,,2,2,,1159,8/6/2026,,,120%,2300,1.98,2300,1.98,2026-03-21,2026-04-14,25,0
Cresthaven,1X1 Pebblestone,01-204,2,1,1,,788,8/10/2026,500,,60%,1299,1.65,1299,1.65,2026-06-07,2026-06-12,6,0
Cresthaven,1X1 Pebblestone,17-207,2,1,1,,788,4/2/2026,500,,60%,1299,1.65,1299,1.65,2026-04-04,2026-04-07,4,4
Cresthaven,1X1 Pebblestone,18-203,2,1,1,,788,8/10/2026,500,,60%,1299,1.65,1299,1.65,2026-06-02,2026-06-23,22,0
Cresthaven,1X1 Pebblestone,13-307,3,1,1,,788,9/10/2026,500,,60%,1299,1.65,1232,1.56,2026-07-02,,12,0
Cresthaven,1X1 Pebblestone,06-204,2,1,1,,788,8/10/2026,500,,60%,1309,1.66,1309,1.66,2026-06-02,2026-06-25,24,0
Cresthaven,1X1 Pebblestone,02-207,2,1,1,,788,4/10/2026,500,,60%,1309,1.66,1309,1.66,2026-04-04,2026-04-14,11,5
Cresthaven,1X1 Pebblestone,06-207,2,1,1,,788,6/10/2026,500,,60%,1309,1.66,1309,1.66,2026-04-08,2026-04-09,2,0
Cresthaven,1X1 Pebblestone,14-207,2,1,1,,788,Now,500,,60%,1309,1.66,1242,1.58,2026-07-08,,6,6
Cresthaven,1X1 Pebblestone,15-307,3,1,1,,788,6/10/2026,500,,60%,1309,1.66,1309,1.66,2026-04-16,2026-04-26,11,0
Cresthaven,1X1 Pebblestone,05-204,2,1,1,,788,6/10/2026,500,,60%,1319,1.67,1319,1.67,2026-04-14,2026-04-15,2,0
Cresthaven,1X1 Pebblestone,03-307,3,1,1,,788,5/22/2027,500,,60%,1319,1.67,1319,1.67,2026-05-24,2026-06-05,13,0
Cresthaven,1X1 Pebblestone,03-208,2,1,1,,788,5/22/2027,500,,60%,1319,1.67,1319,1.67,2026-04-07,2026-06-03,58,0
Cresthaven,1X1 Pebblestone,14-203,2,1,1,,788,6/10/2026,500,,60%,1319,1.67,1319,1.67,2026-04-22,2026-05-27,36,0
Cresthaven,1X1 Pebblestone,08-207,2,1,1,,788,8/10/2026,500,,60%,1329,1.69,1329,1.69,2026-05-30,2026-07-02,34,0
Cresthaven,1X1 Pebblestone,08-208,2,1,1,,788,8/10/2026,500,,60%,1329,1.69,1329,1.69,2026-06-23,2026-07-03,11,0
Cresthaven,1X1 Pebblestone,20-207,2,1,1,,788,8/20/2026,500,,60%,1329,1.69,1329,1.69,2026-05-23,2026-05-24,2,0
Cresthaven,1X1 Pebblestone,02-208,2,1,1,,788,6/10/2026,500,,60%,1339,1.7,1339,1.7,2026-04-15,2026-05-23,39,0
Cresthaven,1X1 Pebblestone,03-203,2,1,1,,788,6/30/2027,500,,60%,1349,1.71,1282,1.63,2026-07-03,2026-07-08,6,0
Cresthaven,1X1 Pebblestone,11-207,2,1,1,,788,8/10/2026,500,,60%,1349,1.71,1282,1.63,2026-05-30,,45,0
Cresthaven,1X1 Pebblestone,13-207,2,1,1,,788,11/30/2026,500,,80%,1484,1.88,1484,1.88,2026-04-04,2026-05-20,47,0
Cresthaven,1X1 Pebblestone,AUCMZL,,1,1,,788,10/7/2023,,,60%,1199,1.52,1107,1.4,2023-09-19,2023-10-12,24,6
Cresthaven,1X1 Pebblestone,AUCPGM,,1,1,,788,5/30/2024,,,60%,1239,1.57,1239,1.57,2024-05-30,2024-06-07,9,9
Cresthaven,1X1 Pebblestone,AUCQPQ,,1,1,,788,3/24/2024,,,60%,1259,1.6,1259,1.6,2024-03-15,2024-06-01,79,70
Cresthaven,1X1 Pebblestone,AUCQMJ,,1,1,,788,9/7/2024,,,60%,1299,1.65,1299,1.65,2024-08-29,2024-09-15,18,9
Cresthaven,1X1 Pebblestone,AUCQMJ,,1,1,,788,10/10/2025,,,60%,1299,1.65,1299,1.65,2025-07-30,2025-08-30,32,0
Cresthaven,1X1 Pebblestone,AUCMKG,,1,1,,788,10/7/2023,,,60%,1299,1.65,1299,1.65,2023-09-21,2023-10-09,19,3
Cresthaven,1X1 Pebblestone,AUCMKG,,1,1,,788,3/10/2026,500,,60%,1299,1.65,1299,1.65,2026-03-03,2026-03-18,16,9
Cresthaven,1X1 Pebblestone,AUCQEW,,1,1,,788,12/7/2023,,,60%,1299,1.65,1299,1.65,2023-10-21,2023-12-16,57,10
Cresthaven,1X1 Pebblestone,AUCQTU,,1,1,,788,10/2/2023,,,60%,1249,1.59,1157,1.47,2023-09-26,2023-10-14,19,13
Cresthaven,1X1 Pebblestone,AUCQTU,,1,1,,788,5/9/2025,,,60%,1299,1.65,1299,1.65,2025-05-03,2025-05-10,8,2
Cresthaven,1X1 Pebblestone,AUCMUM,,1,1,,788,12/7/2023,,,60%,1299,1.65,1299,1.65,2023-11-23,2023-12-12,20,6
Cresthaven,1X1 Pebblestone,AUCMQW,,1,1,,788,4/2/2026,500,,60%,1299,1.65,1299,1.65,2026-03-19,2026-04-01,14,0
Cresthaven,1X1 Pebblestone,AUCMWH,,1,1,,788,10/7/2024,,,60%,1159,1.47,1025,1.3,2024-09-20,2024-11-15,57,40
Cresthaven,1X1 Pebblestone,AUCMWH,,1,1,,788,11/7/2026,500,,60%,1299,1.65,1299,1.65,2025-11-05,2026-01-09,66,0
Cresthaven,1X1 Pebblestone,AUCMLA,,1,1,,788,10/18/2023,,,60%,1299,1.65,1207,1.53,2023-10-12,2023-10-13,2,0
Cresthaven,1X1 Pebblestone,AUCMUA,,1,1,,788,9/8/2023,,,60%,1299,1.65,1207,1.53,2023-09-02,2023-10-13,42,36
Cresthaven,1X1 Pebblestone,AUCQWA,,1,1,,788,1/21/2024,,,60%,1499,1.9,1499,1.9,2024-01-03,2024-01-05,3,0
Cresthaven,1X1 Pebblestone,AUCQWA,,1,1,,788,6/17/2024,,,60%,1299,1.65,1299,1.65,2024-06-11,2024-07-02,22,16
Cresthaven,1X1 Pebblestone,AUCQPD,,1,1,,788,5/14/2024,,,60%,1299,1.65,1299,1.65,2024-05-14,2024-06-05,23,23
Cresthaven,1X1 Pebblestone,AUCPDQ,,1,1,,788,12/7/2024,,,60%,1259,1.6,1114,1.41,2024-11-07,2024-12-08,32,2
Cresthaven,1X1 Pebblestone,AUCPDQ,,1,1,,788,2/10/2026,500,,60%,1299,1.65,1299,1.65,2025-12-16,2026-02-11,58,2
Cresthaven,1X1 Pebblestone,AUCMJU,,1,1,,788,10/19/2024,,,60%,1179,1.5,1179,1.5,2024-10-19,2024-11-07,20,20
Cresthaven,1X1 Pebblestone,AUCMJU,,1,1,,788,2/10/2026,500,,60%,1299,1.65,1299,1.65,2025-12-04,2026-03-03,90,22
Cresthaven,1X1 Pebblestone,AUCPMG,,1,1,,788,11/7/2023,,,60%,1299,1.65,1216,1.54,2023-10-13,2023-11-29,48,23
Cresthaven,1X1 Pebblestone,AUCPMG,,1,1,,788,12/7/2024,,,60%,1299,1.65,1149,1.46,2024-11-09,2024-12-11,33,5
Cresthaven,1X1 Pebblestone,AUCMGG,,1,1,,788,7/9/2024,,,60%,1319,1.67,1319,1.67,2024-07-02,2024-07-03,2,0
Cresthaven,1X1 Pebblestone,AUCMGG,,1,1,,788,3/10/2026,500,,60%,1299,1.65,1299,1.65,2026-02-01,2026-03-22,50,13
Cresthaven,1X1 Pebblestone,AUCPTM,,1,1,,788,9/12/2024,,,60%,1299,1.65,1299,1.65,2024-09-06,2024-09-11,6,0
Cresthaven,1X1 Pebblestone,AUCPTM,,1,1,,788,3/18/2025,,,60%,1299,1.65,1299,1.65,2025-03-13,2025-03-27,15,10
Cresthaven,1X1 Pebblestone,AUCQTH,,1,1,,788,4/10/2026,500,,60%,1309,1.66,1309,1.66,2026-03-18,2026-04-04,18,0
Cresthaven,1X1 Pebblestone,AUCPMT,,1,1,,788,8/7/2025,,,60%,1309,1.66,1309,1.66,2025-06-11,2025-06-14,4,0
Cresthaven,1X1 Pebblestone,AUCMYE,,1,1,,788,5/7/2025,,,60%,1309,1.66,1309,1.66,2025-04-09,2025-06-16,69,41
Cresthaven,1X1 Pebblestone,AUCPJG,,1,1,,788,7/9/2024,,,60%,1399,1.78,1399,1.78,2024-07-02,2024-07-31,30,23
Cresthaven,1X1 Pebblestone,AUCPJG,,1,1,,788,4/28/2026,,,60%,1309,1.66,1309,1.66,2025-03-05,2025-05-21,78,0
Cresthaven,1X1 Pebblestone,AUCQRM,,1,1,,788,12/7/2023,,,60%,1399,1.78,1399,1.78,2023-10-27,2023-12-17,52,11
Cresthaven,1X1 Pebblestone,AUCQRM,,1,1,,788,8/7/2024,,,60%,1399,1.78,1399,1.78,2024-07-31,2024-08-07,8,1
Cresthaven,1X1 Pebblestone,AUCQRM,,1,1,,788,8/19/2026,,,60%,1309,1.66,1309,1.66,2025-07-02,2025-08-21,51,0
Cresthaven,1X1 Pebblestone,AUCPPZ,,1,1,,788,8/19/2024,,,60%,1329,1.69,1329,1.69,2024-08-12,2024-08-29,18,11
Cresthaven,1X1 Pebblestone,AUCPPZ,,1,1,,788,9/10/2025,,,60%,1309,1.66,1309,1.66,2025-07-30,2025-09-03,36,0
Cresthaven,1X1 Pebblestone,AUCMCC,,1,1,,788,9/2/2026,,,60%,1309,1.66,1309,1.66,2025-07-22,2025-09-04,45,0
Cresthaven,1X1 Pebblestone,AUCPCW,,1,1,,788,3/7/2024,,,60%,1399,1.78,1399,1.78,2024-01-05,2024-03-07,63,1
Cresthaven,1X1 Pebblestone,AUCPCW,,1,1,,788,11/10/2025,,,60%,1309,1.66,1309,1.66,2025-09-05,2025-09-27,23,0
Cresthaven,1X1 Pebblestone,AUCMRH,,1,1,,788,9/7/2023,,,60%,1369,1.74,1369,1.74,2023-08-26,2023-09-19,25,13
Cresthaven,1X1 Pebblestone,AUCMRH,,1,1,,788,1/10/2026,,,60%,1319,1.67,1319,1.67,2025-11-11,2025-12-12,32,0
Cresthaven,1X1 Pebblestone,AUCPHU,4,1,1,,788,9/7/2023,,,60%,1299,1.65,1299,1.65,2023-08-17,2023-10-05,50,29
Cresthaven,1X1 Pebblestone,AUCPHU,4,1,1,,788,12/10/2025,,,60%,1309,1.66,1309,1.66,2025-10-02,2025-10-06,5,0
Cresthaven,1X1 Pebblestone,AUCPHU,4,1,1,,788,6/2/2026,500,,60%,1319,1.67,1319,1.67,2026-03-27,2026-04-04,9,0
Cresthaven,1X1 Pebblestone,AUCMYR,,1,1,,788,11/10/2025,,,60%,1329,1.69,1329,1.69,2025-08-06,2025-10-06,62,0
Cresthaven,1X1 Pebblestone,AUCPPM,,1,1,,788,6/17/2024,,,60%,1249,1.59,1166,1.48,2024-06-11,2024-06-23,13,7
Cresthaven,1X1 Pebblestone,AUCPPM,,1,1,,788,6/27/2026,,,60%,1329,1.69,1329,1.69,2025-06-27,2025-08-01,36,0
Cresthaven,1X1 Pebblestone,AUCPZP,,1,1,,788,1/7/2025,,,60%,1329,1.69,1229,1.56,2024-12-17,2025-02-21,67,46
Cresthaven,1X1 Pebblestone,AUCPUH,,1,1,,788,4/22/2026,,,60%,1359,1.72,1359,1.72,2025-03-27,2025-04-24,29,0
Cresthaven,1X1 Pebblestone,AUCQLX,,1,1,,788,7/7/2025,,,60%,1369,1.74,1369,1.74,2025-05-02,2025-05-05,4,0
Cresthaven,1X1 Pebblestone,AUCQRA,,1,1,,788,6/11/2024,,,60%,1349,1.71,1266,1.61,2024-06-05,2024-06-29,25,19
Cresthaven,1X1 Pebblestone,AUCQRA,,1,1,,788,7/7/2025,,,60%,1369,1.74,1369,1.74,2025-05-06,2025-05-17,12,0
Cresthaven,1X1 Pebblestone,AUCPYH,,1,1,,788,5/7/2025,,,60%,1369,1.74,1369,1.74,2025-03-27,2025-05-17,52,11
Cresthaven,1X1 Pebblestone,AUCPUU,,1,1,,788,1/7/2025,,,60%,1369,1.74,1286,1.63,2024-11-15,2025-01-15,62,9
Cresthaven,1X1 Pebblestone,AUCMLM,,1,1,,788,9/7/2023,,,60%,1399,1.78,1399,1.78,2023-08-18,2023-09-20,34,14
Cresthaven,1X1 Pebblestone,AUCMLM,,1,1,,788,10/7/2024,,,60%,1399,1.78,1237,1.57,2024-09-09,2024-10-05,27,0
Cresthaven,1X1 Pebblestone,AUCPQD,,1,1,,788,8/17/2023,,,60%,1399,1.78,1399,1.78,2023-08-17,2023-08-18,2,2
Cresthaven,1X1 Pebblestone,AUCMDZ,,1,1,,788,4/7/2025,,,60%,1399,1.78,1399,1.78,2025-02-06,2025-04-10,64,4
Cresthaven,1X1 Pebblestone,AUCMGT,,1,1,,788,4/29/2026,,,80%,1429,1.81,1429,1.81,2025-04-26,2025-05-01,6,0
Cresthaven,1X1 Pebblestone,AUCQEA,,1,1,,788,8/13/2024,,,80%,1459,1.85,1459,1.85,2024-08-07,2024-08-19,13,7
Cresthaven,1X1 Pebblestone,AUCMQA,,1,1,,788,9/7/2023,,,80%,1499,1.9,1499,1.9,2023-08-17,2023-08-26,10,0
Cresthaven,1X1 Pebblestone,AUCQTD,,1,1,,788,3/7/2024,,,80%,1499,1.9,1499,1.9,2023-12-13,2023-12-29,17,0
Cresthaven,1X1 Pebblestone,AUCMAH,,1,1,,788,10/7/2024,,,80%,1259,1.6,1114,1.41,2024-09-24,2024-10-09,16,3
Cresthaven,1X1 Pebblestone,AUCMAH,,1,1,,788,8/10/2025,,,80%,1562,1.98,1562,1.98,2025-07-19,2025-07-21,3,0
Cresthaven,1X1 Pebblestone,AUCPLD,,1,1,,809,10/7/2024,,,60%,1259,1.56,1114,1.38,2024-09-07,2024-10-09,33,3
Cresthaven,1X1 Pebblestone,AUCMLR,,1,1,,809,6/25/2024,,,60%,1289,1.59,1289,1.59,2024-06-20,2024-07-02,13,8
Cresthaven,1X1 Pebblestone,AUCQKU,,1,1,,809,5/14/2024,,,60%,1299,1.61,1216,1.5,2024-05-11,2024-05-26,16,13
Cresthaven,1X1 Pebblestone,AUCQKU,,1,1,,809,4/15/2026,,,60%,1299,1.61,1299,1.61,2025-04-12,2025-04-30,19,0
Cresthaven,1X1 Pebblestone,AUCMZH,,1,1,,809,7/9/2024,,,60%,1399,1.73,1399,1.73,2024-07-02,2024-08-07,37,30
Cresthaven,1X1 Pebblestone,AUCMZH,,1,1,,809,1/7/2025,,,60%,1299,1.61,1149,1.42,2024-12-03,2024-12-17,15,0
Cresthaven,1X1 Pebblestone,AUCMRL,,1,1,,809,3/13/2024,,,60%,1399,1.73,1399,1.73,2024-03-07,2024-03-15,9,3
Cresthaven,1X1 Pebblestone,AUCMRL,,1,1,,809,12/17/2024,,,60%,1299,1.61,1299,1.61,2024-12-11,2025-01-09,30,24
Cresthaven,1X1 Pebblestone,AUCMRL,,1,1,,809,2/10/2026,500,,60%,1299,1.61,1299,1.61,2026-02-04,2026-02-24,21,15
Cresthaven,1X1 Pebblestone,AUCPUD,,1,1,,809,11/7/2023,,,60%,1429,1.77,1429,1.77,2023-09-22,2023-11-01,41,0
Cresthaven,1X1 Pebblestone,AUCPUD,,1,1,,809,10/17/2024,,,60%,1249,1.54,1105,1.37,2024-10-11,2024-10-17,7,1
Cresthaven,1X1 Pebblestone,AUCPUD,,1,1,,809,3/10/2026,500,,60%,1299,1.61,1299,1.61,2026-03-04,2026-03-10,7,1
Cresthaven,1X1 Pebblestone,AUCQPU,,1,1,,809,3/7/2024,,,60%,1329,1.64,1246,1.54,2024-01-03,2024-05-08,127,63
Cresthaven,1X1 Pebblestone,AUCQPU,,1,1,,809,6/8/2025,,,60%,1329,1.64,1329,1.64,2025-05-31,2025-06-06,7,0
Cresthaven,1X1 Pebblestone,AUCQPU,,1,1,,809,6/10/2026,500,,60%,1309,1.62,1309,1.62,2026-03-24,2026-03-27,4,0
Cresthaven,1X1 Pebblestone,AUCPDL,,1,1,,809,6/14/2024,,,60%,1279,1.58,1279,1.58,2024-06-08,2024-07-02,25,19
Cresthaven,1X1 Pebblestone,AUCPDL,,1,1,,809,11/12/2024,,,60%,1399,1.73,1237,1.53,2024-10-09,2024-11-15,38,4
Cresthaven,1X1 Pebblestone,AUCPDL,,1,1,,809,9/14/2025,,,60%,1329,1.64,1329,1.64,2025-07-02,2025-09-26,87,13
Cresthaven,1X1 Pebblestone,AUCPPJ,,1,1,,809,4/16/2024,,,60%,1309,1.62,1226,1.52,2024-04-16,2024-05-30,45,45
Cresthaven,1X1 Pebblestone,AUCPPJ,,1,1,,809,7/7/2025,,,60%,1329,1.64,1329,1.64,2025-04-16,2025-04-26,11,0
Cresthaven,1X1 Pebblestone,AUCMAY,,1,1,,809,6/1/2024,,,60%,1299,1.61,1299,1.61,2024-06-01,2024-06-02,2,2
Cresthaven,1X1 Pebblestone,AUCMAY,,1,1,,809,2/10/2026,500,,60%,1329,1.64,1329,1.64,2025-12-04,2026-02-01,60,0
Cresthaven,1X1 Pebblestone,AUCQJE,,1,1,,809,2/7/2025,,,60%,1349,1.67,1249,1.54,2025-01-09,2025-02-23,46,17
Cresthaven,1X1 Pebblestone,AUCQCL,,1,1,,809,4/7/2025,,,60%,1349,1.67,1349,1.67,2025-02-01,2025-03-05,33,0
Cresthaven,1X1 Pebblestone,AUCPHQ,4,1,1,,809,5/7/2025,,,80%,1399,1.73,1399,1.73,2025-02-23,2025-03-20,26,0
Cresthaven,1X1 Pebblestone,AUCPHQ,4,1,1,,809,3/19/2026,500,,80%,1494,1.85,1494,1.85,2026-03-13,2026-03-19,7,1
Cresthaven,1X1 Pebblestone,AUCPAC,,1,1,,815,6/11/2024,,,60%,1269,1.56,1186,1.46,2024-06-05,2024-06-26,22,16
Cresthaven,1X1 Pebblestone,AUCQGL,,1,1,,815,5/16/2024,,,60%,1359,1.67,1359,1.67,2024-05-10,2024-05-11,2,0
Cresthaven,1X1 Pebblestone,AUCQGL,,1,1,,815,10/23/2024,,,60%,1289,1.58,1140,1.4,2024-10-17,2024-10-19,3,0
Cresthaven,1X1 Pebblestone,AUCMCT,,1,1,,815,2/10/2026,500,,60%,1299,1.59,1299,1.59,2025-11-05,2026-03-03,119,22
Cresthaven,1X1 Pebblestone,AUCMWY,,1,1,,815,3/10/2026,500,,60%,1299,1.59,1299,1.59,2026-03-03,2026-03-13,11,4
Cresthaven,1X1 Pebblestone,AUCPZT,,1,1,,815,7/9/2024,,,60%,1249,1.53,1249,1.53,2024-07-03,2024-09-07,67,61
Cresthaven,1X1 Pebblestone,AUCPZT,,1,1,,815,5/10/2026,500,,60%,1299,1.59,1299,1.59,2026-03-25,2026-03-26,2,0
Cresthaven,1X1 Pebblestone,AUCMKX,,1,1,,815,10/8/2024,,,60%,1399,1.72,1237,1.52,2024-10-02,2024-10-23,22,16
Cresthaven,1X1 Pebblestone,AUCMKX,,1,1,,815,9/10/2025,,,60%,1309,1.61,1309,1.61,2025-07-30,2025-09-20,53,11
Cresthaven,1X1 Pebblestone,AUCMQR,,1,1,,815,6/8/2024,,,60%,1199,1.47,1116,1.37,2024-06-02,2024-06-13,12,6
Cresthaven,1X1 Pebblestone,AUCMQR,,1,1,,815,7/7/2025,,,60%,1309,1.61,1309,1.61,2025-06-11,2025-06-12,2,0
Cresthaven,1X1 Pebblestone,AUCQMZ,,1,1,,815,3/7/2024,,,60%,1339,1.64,1256,1.54,2024-01-03,2024-05-10,129,65
Cresthaven,1X1 Pebblestone,AUCQMZ,,1,1,,815,6/7/2025,,,60%,1329,1.63,1329,1.63,2025-04-12,2025-04-16,5,0
Cresthaven,1X1 Pebblestone,AUCQMZ,,1,1,,815,6/10/2026,500,,60%,1309,1.61,1309,1.61,2026-03-24,2026-04-04,12,0
Cresthaven,1X1 Pebblestone,AUCMGC,,1,1,,815,8/8/2024,,,60%,1249,1.53,1249,1.53,2024-08-01,2024-09-20,51,44
Cresthaven,1X1 Pebblestone,AUCMGC,,1,1,,815,5/7/2025,,,60%,1329,1.63,1329,1.63,2025-05-01,2025-05-09,9,3
Cresthaven,1X1 Pebblestone,AUCPUY,,1,1,,815,11/7/2023,,,60%,1259,1.54,1259,1.54,2023-10-07,2023-12-08,63,32
Cresthaven,1X1 Pebblestone,AUCPUY,,1,1,,815,1/21/2025,,,60%,1349,1.66,1249,1.53,2025-01-15,2025-02-01,18,12
Cresthaven,2X1 Chapel Ridge,AUCPMX,,2,1,,950,10/7/2023,,,60%,1379,1.45,1287,1.35,2023-08-20,2023-10-15,57,9
Cresthaven,2X1 Chapel Ridge,AUCMYW,,2,1,,950,2/7/2024,,,60%,1499,1.58,1499,1.58,2023-12-11,2024-03-07,88,30
Cresthaven,2X1 Chapel Ridge,AUCMYW,,2,1,,950,11/22/2024,,,60%,1429,1.5,1429,1.5,2024-11-15,2025-01-08,55,48
Cresthaven,2X1 Chapel Ridge,AUCQMM,,2,1,,950,9/7/2024,,,60%,1429,1.5,1264,1.33,2024-07-03,2024-10-15,105,39
Cresthaven,2X1 Chapel Ridge,AUCPMC,,2,1,,950,10/7/2023,,,60%,1379,1.45,1287,1.35,2023-08-17,2023-10-15,60,9
Cresthaven,2X1 Chapel Ridge,AUCPMC,,2,1,,950,12/7/2024,,,60%,1349,1.42,1193,1.26,2024-10-18,2024-10-23,6,0
Cresthaven,2X1 Chapel Ridge,AUCPMC,,2,1,,950,1/10/2026,500,,60%,1429,1.5,1429,1.5,2025-11-05,2026-03-27,143,77
Cresthaven,2X1 Chapel Ridge,AUCMEQ,,2,1,,950,5/7/2024,,,60%,1799,1.89,1799,1.89,2024-03-15,2024-03-27,13,0
Cresthaven,2X1 Chapel Ridge,AUCMEQ,,2,1,,950,9/7/2024,,,60%,1449,1.53,1449,1.53,2024-07-24,2024-09-21,60,15
Cresthaven,2X1 Chapel Ridge,AUCQAZ,,2,1,,950,10/7/2024,,,60%,1449,1.53,1282,1.35,2024-09-21,2024-10-15,25,9
Cresthaven,2X1 Chapel Ridge,AUCQKD,,2,1,,950,1/7/2024,,,60%,1479,1.56,1479,1.56,2023-11-07,2024-02-20,106,45
Cresthaven,2X1 Chapel Ridge,AUCQKD,,2,1,,950,4/7/2025,,,60%,1449,1.53,1449,1.53,2025-03-27,2025-05-21,56,45
Cresthaven,2X1 Chapel Ridge,11-303,3,2,1,,950,5/1/2027,500,,60%,1459,1.54,1459,1.54,2026-04-22,2026-05-05,14,0
Cresthaven,2X1 Chapel Ridge,AUCPKR,,2,1,,950,2/7/2025,,,60%,1499,1.58,1399,1.47,2025-01-03,2025-02-08,37,2
Cresthaven,2X1 Chapel Ridge,AUCPKR,,2,1,,950,3/10/2026,500,,60%,1499,1.58,1499,1.58,2026-02-07,2026-04-04,57,26
Cresthaven,2X1 Chapel Ridge,AUCQUK,,2,1,,950,12/7/2024,,,60%,1499,1.58,1326,1.4,2024-10-11,2024-12-06,57,0
Cresthaven,2X1 Chapel Ridge,AUCPGJ,,2,1,,950,3/7/2025,,,60%,1499,1.58,1499,1.58,2025-01-11,2025-02-01,22,0
Cresthaven,2X1 Chapel Ridge,AUCMYA,,2,1,,950,6/7/2024,,,60%,1599,1.68,1532,1.61,2024-04-06,2024-04-28,23,0
Cresthaven,2X1 Chapel Ridge,AUCMYA,,2,1,,950,2/14/2025,,,60%,1499,1.58,1499,1.58,2025-02-08,2025-03-07,28,22
Cresthaven,2X1 Chapel Ridge,AUCQHT,,2,1,,950,6/30/2025,,,60%,1499,1.58,1499,1.58,2025-06-27,2025-07-22,26,23
Cresthaven,2X1 Chapel Ridge,AUCPCZ,,2,1,,950,9/7/2024,,,60%,1409,1.48,1246,1.31,2024-07-21,2024-10-11,83,35
Cresthaven,2X1 Chapel Ridge,AUCPCZ,,2,1,,950,10/10/2025,,,60%,1499,1.58,1499,1.58,2025-07-15,2025-07-30,16,0
Cresthaven,2X1 Chapel Ridge,AUCLZR,,2,1,,950,9/26/2024,,,60%,1449,1.53,1282,1.35,2024-09-20,2024-10-11,22,16
Cresthaven,2X1 Chapel Ridge,AUCLZR,,2,1,,950,11/10/2025,,,60%,1499,1.58,1499,1.58,2025-09-05,2025-09-16,12,0
Cresthaven,2X1 Chapel Ridge,AUCQDK,,2,1,,950,10/10/2025,,,60%,1499,1.58,1499,1.58,2025-10-01,2025-10-18,18,9
Cresthaven,2X1 Chapel Ridge,AUCQRR,,2,1,,950,8/7/2024,,,60%,1675,1.76,1675,1.76,2024-07-11,2024-07-18,8,0
Cresthaven,2X1 Chapel Ridge,AUCQRR,,2,1,,950,10/10/2025,,,60%,1499,1.58,1499,1.58,2025-09-05,2025-10-19,45,10
Cresthaven,2X1 Chapel Ridge,AUCPCE,,2,1,,950,10/24/2026,,,60%,1499,1.58,1499,1.58,2025-08-27,2025-11-18,84,0
Cresthaven,2X1 Chapel Ridge,AUCMJQ,,2,1,,950,7/7/2025,,,60%,1549,1.63,1549,1.63,2025-06-18,2025-06-26,9,0
Cresthaven,2X1 Chapel Ridge,AUCMJQ,,2,1,,950,2/10/2026,500,,60%,1499,1.58,1499,1.58,2025-12-16,2026-04-04,110,54
Cresthaven,2X1 Chapel Ridge,AUCPHD,4,2,1,,950,11/7/2023,,,60%,1399,1.47,1399,1.47,2023-09-06,2023-12-11,97,35
Cresthaven,2X1 Chapel Ridge,AUCPHD,4,2,1,,950,2/10/2026,500,,60%,1499,1.58,1499,1.58,2025-11-27,2026-04-04,129,54
Cresthaven,2X1 Chapel Ridge,12-303,3,2,1,,950,3/10/2026,500,,60%,1499,1.58,1499,1.58,2026-04-04,2026-04-22,19,19
Cresthaven,2X1 Chapel Ridge,04-304,3,2,1,,950,5/10/2026,500,,60%,1499,1.58,1499,1.58,2026-04-08,2026-04-22,15,0
Cresthaven,2X1 Chapel Ridge,09-308,3,2,1,,950,4/10/2026,500,,60%,1499,1.58,1499,1.58,2026-04-04,2026-04-15,12,6
Cresthaven,2X1 Chapel Ridge,13-303,3,2,1,,950,2/10/2026,500,,60%,1499,1.58,1499,1.58,2026-04-04,2026-04-08,5,5
Cresthaven,2X1 Chapel Ridge,AUCMTX,,2,1,,950,9/10/2025,,,60%,1509,1.59,1509,1.59,2025-07-29,2025-08-05,8,0
Cresthaven,2X1 Chapel Ridge,AUCQKH,,2,1,,950,4/15/2026,,,60%,1509,1.59,1509,1.59,2025-03-29,2025-04-18,21,0
Cresthaven,2X1 Chapel Ridge,AUCQAW,,2,1,,950,8/7/2024,,,60%,1659,1.75,1659,1.75,2024-06-05,2024-07-21,47,0
Cresthaven,2X1 Chapel Ridge,AUCQAW,,2,1,,950,8/27/2026,,,60%,1509,1.59,1509,1.59,2025-06-28,2025-08-29,63,0
Cresthaven,2X1 Chapel Ridge,AUCPYL,,2,1,,950,9/10/2025,,,60%,1509,1.59,1509,1.59,2025-07-30,2025-08-27,29,0
Cresthaven,2X1 Chapel Ridge,AUCMDW,,2,1,,950,12/23/2024,,,60%,1549,1.63,1449,1.53,2024-11-07,2025-02-06,92,46
Cresthaven,2X1 Chapel Ridge,AUCMDW,,2,1,,950,8/7/2025,,,60%,1509,1.59,1509,1.59,2025-06-11,2025-08-12,63,6
Cresthaven,2X1 Chapel Ridge,AUCQUP,,2,1,,950,2/7/2024,,,60%,1509,1.59,1509,1.59,2023-12-01,2024-03-05,96,28
Cresthaven,2X1 Chapel Ridge,AUCPRX,,2,1,,950,8/2/2025,,,60%,1529,1.61,1529,1.61,2025-05-28,2025-08-20,85,19
Cresthaven,2X1 Chapel Ridge,AUCMUR,,2,1,,950,3/7/2024,,,60%,1539,1.62,1539,1.62,2024-02-22,2024-03-06,14,0
Cresthaven,2X1 Chapel Ridge,20-308,3,2,1,,950,9/10/2026,500,,60%,1549,1.63,1549,1.63,2026-06-30,2026-07-07,8,0
Cresthaven,2X1 Chapel Ridge,09-303,3,2,1,,950,5/10/2026,500,,60%,1559,1.64,1559,1.64,2026-04-15,2026-05-20,36,11
Cresthaven,2X1 Chapel Ridge,AUCPKM,,2,1,,950,9/7/2025,,,60%,1559,1.64,1559,1.64,2025-06-19,2025-07-02,14,0
Cresthaven,2X1 Chapel Ridge,06-303,3,2,1,,950,8/10/2026,500,,60%,1569,1.65,1569,1.65,2026-05-05,2026-05-30,26,0
Cresthaven,2X1 Chapel Ridge,AUCMPK,,2,1,,950,10/7/2023,,,60%,1599,1.68,1599,1.68,2023-08-17,2023-08-20,4,0
Cresthaven,2X1 Chapel Ridge,AUCQQX,,2,1,,950,7/20/2024,,,60%,1599,1.68,1599,1.68,2024-06-14,2024-08-29,77,41
Cresthaven,2X1 Chapel Ridge,AUCQEE,,2,1,,950,6/7/2024,,,80%,1629,1.71,1546,1.63,2024-04-02,2024-06-13,73,7
Cresthaven,2X1 Chapel Ridge,AUCQHP,,2,1,,950,4/7/2024,,,80%,1639,1.73,1572,1.65,2024-02-20,2024-04-18,59,12
Cresthaven,2X1 Chapel Ridge,AUCPTR,,2,1,,950,6/7/2024,,,80%,1649,1.74,1649,1.74,2024-04-02,2024-06-02,62,0
Cresthaven,2X1 Chapel Ridge,AUCMKK,,2,1,,950,8/17/2023,,,80%,1659,1.75,1659,1.75,2023-08-17,2023-09-06,21,21
Cresthaven,2X2 Stonehaven,15-305,3,2,2,,1052,4/10/2026,500,,80%,1659,1.58,1659,1.58,2026-04-28,2026-06-19,53,53
Cresthaven,2X2 Stonehaven,11-301,3,2,2,,1052,4/10/2026,500,,80%,1699,1.62,1699,1.62,2026-04-22,2026-05-22,31,31
Cresthaven,2X2 Stonehaven,11-202,2,2,2,,1052,4/10/2026,500,,80%,1699,1.62,1699,1.62,2026-04-04,2026-05-24,51,45
Cresthaven,2X2 Stonehaven,03-205,2,2,2,,1052,4/10/2026,500,,80%,1659,1.58,1659,1.58,2026-04-04,2026-04-28,25,19
Cresthaven,2X2 Stonehaven,02-302,3,2,2,,1052,5/10/2026,500,,80%,1659,1.58,1659,1.58,2026-05-17,2026-07-03,48,48
Cresthaven,2X2 Stonehaven,14-201,2,2,2,,1052,4/10/2026,500,,80%,1659,1.58,1659,1.58,2026-04-04,2026-04-25,22,16
Cresthaven,2X2 Stonehaven,17-205,2,2,2,,1052,6/10/2026,500,,80%,1699,1.62,1632,1.55,2026-05-27,2026-07-10,45,31
Cresthaven,2X2 Stonehaven,04-201,2,2,2,,1052,5/10/2026,500,,80%,1699,1.62,1699,1.62,2026-05-11,2026-05-24,14,14
Cresthaven,2X2 Stonehaven,11-002,,2,2,,1052,Now,500,,80%,1699,1.62,1632,1.55,2026-06-25,,19,19
Cresthaven,2X2 Stonehaven,18-006,,2,2,,1052,7/10/2026,500,,80%,1709,1.62,1709,1.62,2026-07-03,2026-07-07,5,0
Cresthaven,2X2 Stonehaven,13-201,2,2,2,,1052,8/10/2026,500,,80%,1719,1.63,1652,1.57,2026-07-10,,4,0
Cresthaven,2X2 Stonehaven,06-101,1,2,2,,1052,6/10/2026,500,,80%,1719,1.63,1652,1.57,2026-05-24,2026-07-10,48,31
Cresthaven,2X2 Stonehaven,14-301,3,2,2,,1052,7/10/2026,500,,80%,1729,1.64,1662,1.58,2026-07-10,2026-07-12,3,3
Cresthaven,2X2 Stonehaven,09-201,2,2,2,,1052,8/10/2026,500,,80%,1729,1.64,1662,1.58,2026-07-12,,2,0
Cresthaven,2X2 Stonehaven,AUCMZU,,2,2,,1052,11/24/2023,,,60%,1499,1.42,1416,1.35,2023-11-18,2023-11-21,4,0
Cresthaven,2X2 Stonehaven,AUCPCR,,2,2,,1052,11/21/2023,,,60%,1509,1.43,1509,1.43,2023-11-21,2023-12-13,23,23
Cresthaven,2X2 Stonehaven,AUCQRE,,2,2,,1052,11/30/2023,,,60%,1529,1.45,1529,1.45,2023-11-30,2023-12-17,18,18
Cresthaven,2X2 Stonehaven,AUCPJT,,2,2,,1052,9/26/2023,,,60%,1529,1.45,1529,1.45,2023-09-26,2023-10-21,26,26
Cresthaven,2X2 Stonehaven,AUCQDX,,2,2,,1052,10/4/2023,,,60%,1549,1.47,1457,1.38,2023-10-04,2023-10-15,12,12
Cresthaven,2X2 Stonehaven,AUCMXC,,2,2,,1052,11/10/2025,500,,60%,1549,1.47,1549,1.47,2025-09-05,2026-03-05,182,116
Cresthaven,2X2 Stonehaven,AUCPKZ,,2,2,,1052,9/21/2023,,,60%,1549,1.47,1549,1.47,2023-09-21,2023-09-28,8,8
Cresthaven,2X2 Stonehaven,AUCQWJ,,2,2,,1052,9/26/2023,,,60%,1599,1.52,1516,1.44,2023-09-26,2023-11-21,57,57
Cresthaven,2X2 Stonehaven,AUCMRD,,2,2,,1052,1/9/2024,,,60%,1599,1.52,1599,1.52,2024-01-03,2024-02-22,51,45
Cresthaven,2X2 Stonehaven,AUCQPY,,2,2,,1052,3/19/2024,,,60%,1749,1.66,1666,1.58,2024-03-13,2024-05-01,50,44
Cresthaven,2X2 Stonehaven,AUCQPY,,2,2,,1052,10/22/2024,,,60%,1489,1.42,1317,1.25,2024-10-22,2024-12-07,47,47
Cresthaven,2X2 Stonehaven,AUCQPY,,2,2,,1052,2/10/2026,500,,60%,1599,1.52,1599,1.52,2026-02-10,2026-03-03,22,22
Cresthaven,2X2 Stonehaven,AUCMCX,,2,2,,1052,10/19/2024,,,60%,1499,1.42,1326,1.26,2024-10-19,2024-12-08,51,51
Cresthaven,2X2 Stonehaven,AUCMCX,,2,2,,1052,2/10/2026,500,,60%,1599,1.52,1599,1.52,2025-12-04,2026-03-04,91,23
Cresthaven,2X2 Stonehaven,AUCMCK,,2,2,,1052,2/7/2025,,,60%,1729,1.64,1629,1.55,2025-01-11,2025-01-24,14,0
Cresthaven,2X2 Stonehaven,AUCMCK,,2,2,,1052,12/10/2025,500,,60%,1599,1.52,1599,1.52,2025-09-13,2026-02-19,160,72
Cresthaven,2X2 Stonehaven,AUCQUC,,2,2,,1052,8/17/2023,,,80%,1499,1.42,1499,1.42,2023-08-17,2023-09-14,29,29
Cresthaven,2X2 Stonehaven,AUCQUC,,2,2,,1052,12/10/2025,500,,80%,1609,1.53,1609,1.53,2025-10-02,2026-03-06,156,87
Cresthaven,2X2 Stonehaven,AUCQJR,,2,2,,1052,3/10/2026,500,,80%,1609,1.53,1609,1.53,2025-11-11,2026-03-24,134,15
Cresthaven,2X2 Stonehaven,AUCMHA,,2,2,,1052,10/10/2025,,,80%,1699,1.62,1699,1.62,2025-07-25,2025-10-26,94,17
Cresthaven,2X2 Stonehaven,AUCMHA,,2,2,,1052,10/10/2025,500,,80%,1629,1.55,1629,1.55,2026-02-04,2026-03-04,29,29
Cresthaven,2X2 Stonehaven,AUCPZX,,2,2,,1052,12/5/2023,,,80%,1579,1.5,1579,1.5,2023-12-05,2024-02-16,74,74
Cresthaven,2X2 Stonehaven,AUCPZX,,2,2,,1052,3/7/2025,,,80%,1629,1.55,1629,1.55,2025-03-01,2025-03-21,21,15
Cresthaven,2X2 Stonehaven,AUCPJP,,2,2,,1052,12/17/2023,,,80%,1629,1.55,1629,1.55,2023-12-17,2024-01-17,32,32
Cresthaven,2X2 Stonehaven,AUCPQH,,2,2,,1052,4/10/2026,500,,80%,1649,1.57,1649,1.57,2026-03-29,2026-04-04,7,0
Cresthaven,2X2 Stonehaven,AUCMLW,,2,2,,1052,9/7/2024,,,80%,1829,1.74,1829,1.74,2024-07-11,2024-07-24,14,0
Cresthaven,2X2 Stonehaven,AUCMLW,,2,2,,1052,10/30/2024,,,80%,1649,1.57,1649,1.57,2024-10-30,2024-10-31,2,2
Cresthaven,2X2 Stonehaven,AUCQGD,,2,2,,1052,11/10/2025,500,,80%,1659,1.58,1659,1.58,2025-09-05,2026-01-09,127,61
Cresthaven,2X2 Stonehaven,AUCQPL,,2,2,,1052,4/10/2026,500,,80%,1659,1.58,1659,1.58,2026-03-30,2026-04-04,6,0
Cresthaven,2X2 Stonehaven,AUCPWC,,2,2,,1052,8/7/2025,,,80%,1699,1.62,1699,1.62,2025-06-11,2025-08-22,73,16
Cresthaven,2X2 Stonehaven,AUCPDY,,2,2,,1052,9/7/2023,,,80%,1699,1.62,1699,1.62,2023-09-07,2023-09-19,13,13
Cresthaven,2X2 Stonehaven,AUCPEK,,2,2,,1052,8/27/2024,,,80%,1709,1.62,1512,1.44,2024-08-21,2024-10-22,63,57
Cresthaven,2X2 Stonehaven,AUCPEK,,2,2,,1052,12/18/2025,,,80%,1699,1.62,1699,1.62,2025-10-02,2025-10-18,17,0
Cresthaven,2X2 Stonehaven,AUCMRQ,,2,2,,1052,10/28/2023,,,80%,1569,1.49,1569,1.49,2023-10-28,2023-11-18,22,22
Cresthaven,2X2 Stonehaven,AUCMRQ,,2,2,,1052,12/10/2025,500,,80%,1699,1.62,1699,1.62,2025-11-05,2025-12-19,45,10
Cresthaven,2X2 Stonehaven,AUCPAG,,2,2,,1052,7/17/2025,,,80%,1699,1.62,1699,1.62,2025-07-11,2025-08-24,45,39
Cresthaven,2X2 Stonehaven,AUCMGP,,2,2,,1052,11/10/2025,,,80%,1709,1.62,1709,1.62,2025-09-05,2025-09-23,19,0
Cresthaven,2X2 Stonehaven,AUCPJC,,2,2,,1052,7/7/2024,,,80%,1699,1.62,1699,1.62,2024-05-17,2024-06-02,17,0
Cresthaven,2X2 Stonehaven,AUCPJC,,2,2,,1052,8/7/2025,,,80%,1709,1.62,1709,1.62,2025-05-17,2025-08-19,95,13
Cresthaven,2X2 Stonehaven,AUCQGQ,,2,2,,1052,2/7/2025,,,80%,1799,1.71,1799,1.71,2025-01-17,2025-03-05,48,27
Cresthaven,2X2 Stonehaven,AUCQGQ,,2,2,,1052,9/7/2025,,,80%,1709,1.62,1709,1.62,2025-06-28,2025-10-09,104,33
Cresthaven,2X2 Stonehaven,AUCQLG,,2,2,,1052,1/11/2025,,,80%,1699,1.62,1599,1.52,2025-01-11,2025-02-09,30,30
Cresthaven,2X2 Stonehaven,AUCQLG,,2,2,,1052,7/7/2025,,,80%,1749,1.66,1749,1.66,2025-06-11,2025-07-19,39,13
Cresthaven,2X2 Stonehaven,AUCMWQ,,2,2,,1052,2/21/2024,,,80%,1759,1.67,1759,1.67,2024-02-21,2024-03-05,14,14
Cresthaven,2X2 Stonehaven,AUCPQL,,2,2,,1053,9/7/2024,,,60%,1459,1.39,1291,1.23,2024-07-17,2024-11-10,117,65
Cresthaven,2X2 Stonehaven,AUCPAK,,2,2,,1053,9/7/2024,,,60%,1469,1.4,1347,1.28,2024-07-04,2024-12-19,169,104
Cresthaven,2X2 Stonehaven,AUCQAA,,2,2,,1053,1/21/2026,500,,80%,1609,1.53,1609,1.53,2025-11-13,2026-03-21,129,60
Cresthaven,2X2 Stonehaven,AUCQGU,,2,2,,1053,1/10/2026,500,,80%,1609,1.53,1609,1.53,2025-11-05,2026-03-24,140,74
Cresthaven,2X2 Stonehaven,AUCMQZ,,2,2,,1053,3/10/2026,500,,80%,1609,1.53,1609,1.53,2026-03-10,2026-03-25,16,16
Cresthaven,2X2 Stonehaven,AUCMLE,,2,2,,1053,2/20/2024,,,80%,1759,1.67,1759,1.67,2024-02-20,2024-02-21,2,2
Cresthaven,2X2 Stonehaven,AUCMLE,,2,2,,1053,3/30/2026,500,,80%,1629,1.55,1629,1.55,2026-03-25,2026-04-02,9,4
Cresthaven,2X2 Stonehaven,AUCPEP,,2,2,,1053,3/8/2024,,,80%,1839,1.75,1839,1.75,2024-03-02,2024-03-21,20,14
Cresthaven,2X2 Stonehaven,AUCPEP,,2,2,,1053,4/10/2026,500,,80%,1659,1.58,1659,1.58,2026-03-31,2026-04-04,5,0
Cresthaven,2X2 Stonehaven,AUCPWG,,2,2,,1053,12/13/2023,,,80%,1559,1.48,1559,1.48,2023-12-13,2024-01-03,22,22
Cresthaven,2X2 Stonehaven,AUCPWG,,2,2,,1053,9/7/2024,,,80%,1649,1.57,1459,1.39,2024-07-03,2024-10-13,103,37
Cresthaven,2X2 Stonehaven,AUCPWG,,2,2,,1053,6/23/2025,,,80%,1699,1.61,1699,1.61,2025-06-16,2025-07-09,24,17
Cresthaven,2X2 Stonehaven,AUCQPH,,2,2,,1053,6/7/2024,,,80%,1739,1.65,1656,1.57,2024-05-07,2024-06-25,50,19
Cresthaven,2X2 Stonehaven,AUCQUT,,2,2,,1077,12/21/2024,,,60%,1499,1.39,1416,1.31,2024-12-19,2025-01-16,29,27
Cresthaven,2X2 Stonehaven,AUCMUZ,,2,2,,1077,3/11/2024,,,60%,1699,1.58,1699,1.58,2024-03-05,2024-03-13,9,3
Cresthaven,2X2 Stonehaven,AUCMUZ,,2,2,,1077,10/7/2025,500,,60%,1549,1.44,1549,1.44,2025-09-13,2026-03-13,182,158
Cresthaven,2X2 Stonehaven,AUCPYU,,2,2,,1077,8/17/2023,,,80%,1499,1.39,1499,1.39,2023-08-17,2023-09-17,32,32
Cresthaven,2X2 Stonehaven,AUCPYU,,2,2,,1077,11/10/2025,500,,80%,1659,1.54,1659,1.54,2025-09-05,2025-12-24,111,45
Cresthaven,2X2 Stonehaven,AUCQMA,,2,2,,1077,4/7/2024,,,80%,1699,1.58,1632,1.52,2024-03-21,2024-04-23,34,17
Cresthaven,2X2 Stonehaven,AUCQEM,,2,2,,1077,4/23/2024,,,80%,1769,1.64,1686,1.57,2024-04-23,2024-05-15,23,23
Cresthaven,2X2 Stonehaven,AUCQEM,,2,2,,1077,5/31/2025,,,80%,1699,1.58,1699,1.58,2025-04-12,2025-08-12,123,74
Cresthaven,2X2 Stonehaven,AUCQJA,,2,2,,1077,5/6/2026,,,80%,1699,1.58,1699,1.58,2025-05-06,2025-08-19,106,0
Cresthaven,2X2 Stonehaven,AUCQCH,,2,2,,1077,9/7/2025,,,80%,1699,1.58,1699,1.58,2025-07-02,2025-08-26,56,0
Cresthaven,2X2 Stonehaven,AUCQKQ,,2,2,,1077,3/7/2025,,,80%,1699,1.58,1699,1.58,2025-03-01,2025-03-26,26,20
Cresthaven,2X2 Stonehaven,AUCPDH,,2,2,,1077,1/10/2025,,,80%,1649,1.53,1566,1.45,2025-01-10,2025-01-11,2,2
Cresthaven,2X2 Stonehaven,AUCPDH,,2,2,,1077,6/2/2025,,,80%,1699,1.58,1699,1.58,2025-05-31,2025-06-17,18,16
Cresthaven,2X2 Stonehaven,AUCPHL,4,2,2,,1077,4/7/2025,,,80%,1749,1.62,1749,1.62,2025-03-27,2025-06-12,78,67
Cresthaven,2X2 Stonehaven,AUCMPC,,2,2,,1111,10/13/2024,,,60%,1459,1.31,1291,1.16,2024-10-13,2024-12-17,66,66
Cresthaven,2X2 Stonehaven,AUCPGE,,2,2,,1111,10/10/2025,500,,60%,1549,1.39,1549,1.39,2025-07-26,2026-02-13,203,127
Cresthaven,2X2 Stonehaven,AUCPWP,,2,2,,1111,9/19/2023,,,60%,1699,1.53,1699,1.53,2023-09-19,2023-09-21,3,3
Cresthaven,2X2 Stonehaven,AUCPWP,,2,2,,1111,4/7/2025,,,60%,1559,1.4,1559,1.4,2025-03-26,2025-03-27,2,0
Cresthaven,2X2 Stonehaven,AUCPRK,,2,2,,1111,1/17/2024,,,60%,1569,1.41,1569,1.41,2024-01-17,2024-03-02,46,46
Cresthaven,2X2 Stonehaven,AUCPXJ,,2,2,,1111,1/20/2024,,,60%,1579,1.42,1579,1.42,2024-01-20,2024-02-20,32,32
Cresthaven,2X2 Stonehaven,AUCQAJ,,2,2,,1111,9/7/2024,,,60%,1859,1.67,1859,1.67,2024-06-26,2024-07-03,8,0
Cresthaven,2X2 Stonehaven,AUCQAJ,,2,2,,1111,10/31/2024,,,60%,1459,1.31,1291,1.16,2024-10-31,2024-11-23,24,24
Cresthaven,2X2 Stonehaven,AUCQAJ,,2,2,,1111,10/10/2025,,,60%,1599,1.44,1599,1.44,2025-07-30,2025-10-01,64,0
Cresthaven,2X2 Stonehaven,AUCPWX,,2,2,,1111,12/17/2024,,,60%,1599,1.44,1466,1.32,2024-12-17,2024-12-19,3,3
Cresthaven,2X2 Stonehaven,AUCMHR,,2,2,,1111,1/5/2025,,,60%,1599,1.44,1499,1.35,2025-01-05,2025-01-28,24,24
Cresthaven,2X2 Stonehaven,AUCMTP,,2,2,,1111,11/10/2025,500,,60%,1599,1.44,1599,1.44,2025-09-05,2026-02-23,172,106
Cresthaven,2X2 Stonehaven,AUCMJH,,2,2,,1111,11/21/2023,,,80%,1499,1.35,1499,1.35,2023-11-21,2023-11-30,10,10
Cresthaven,2X2 Stonehaven,AUCMJH,,2,2,,1111,12/21/2024,,,80%,1499,1.35,1416,1.27,2024-12-19,2025-01-17,30,28
Cresthaven,2X2 Stonehaven,AUCMJH,,2,2,,1111,3/10/2026,500,,80%,1609,1.45,1609,1.45,2026-03-11,2026-03-20,10,10
Cresthaven,2X2 Stonehaven,AUCPXM,,2,2,,1111,1/10/2024,,,80%,1569,1.41,1569,1.41,2024-01-04,2024-02-18,46,40
Cresthaven,2X2 Stonehaven,AUCPXM,,2,2,,1111,3/10/2026,500,,80%,1609,1.45,1609,1.45,2026-03-13,2026-03-30,18,18
Cresthaven,2X2 Stonehaven,AUCQJZ,,2,2,,1111,12/8/2024,,,80%,1529,1.38,1446,1.3,2024-12-08,2025-01-10,34,34
Cresthaven,2X2 Stonehaven,AUCQJZ,,2,2,,1111,11/25/2026,,,80%,1609,1.45,1609,1.45,2025-11-05,2025-11-26,22,0
Cresthaven,2X2 Stonehaven,AUCQHC,,2,2,,1111,10/3/2024,,,80%,1649,1.48,1459,1.31,2024-10-03,2024-10-11,9,9
Cresthaven,2X2 Stonehaven,AUCPGA,,2,2,,1111,12/10/2025,500,,80%,1649,1.48,1649,1.48,2025-10-02,2026-02-17,139,70
Cresthaven,2X2 Stonehaven,AUCMMY,,2,2,,1111,11/8/2023,,,80%,1499,1.35,1499,1.35,2023-11-08,2023-12-05,28,28
Cresthaven,2X2 Stonehaven,AUCMMY,,2,2,,1111,11/10/2025,500,,80%,1659,1.49,1659,1.49,2025-09-25,2025-12-25,92,46
Cresthaven,2X2 Stonehaven,AUCMDR,,2,2,,1111,8/20/2023,,,80%,1499,1.35,1499,1.35,2023-08-20,2023-11-08,81,81
Cresthaven,2X2 Stonehaven,AUCMDR,,2,2,,1111,5/8/2025,,,80%,1679,1.51,1679,1.51,2025-05-02,2025-05-21,20,14
Cresthaven,2X2 Stonehaven,AUCMJD,,2,2,,1111,2/22/2024,,,80%,1689,1.52,1689,1.52,2024-02-22,2024-03-19,27,27
Cresthaven,2X2 Stonehaven,AUCQQK,,2,2,,1111,12/10/2025,,,80%,1699,1.53,1699,1.53,2025-10-02,2025-12-13,73,4
Cresthaven,2X2 Stonehaven,AUCQQP,,2,2,,1111,9/7/2024,,,80%,1799,1.62,1799,1.62,2024-08-06,2024-10-01,57,25
Cresthaven,2X2 Stonehaven,AUCQQP,,2,2,,1111,4/2/2025,,,80%,1699,1.53,1699,1.53,2025-04-02,2025-05-29,58,58
Cresthaven,2X2 Stonehaven,AUCQDG,,2,2,,1111,3/13/2025,,,80%,1699,1.53,1699,1.53,2025-03-07,2025-03-15,9,3
Cresthaven,2X2 Stonehaven,AUCMHZ,,2,2,,1111,7/7/2024,,,80%,1699,1.53,1699,1.53,2024-05-24,2024-07-17,55,11
Cresthaven,2X2 Stonehaven,AUCPCA,,2,2,,1111,2/8/2025,,,80%,1699,1.53,1699,1.53,2025-02-01,2025-05-13,102,95
Cresthaven,2X2 Stonehaven,AUCMDM,,2,2,,1111,12/10/2025,,,80%,1709,1.54,1709,1.54,2025-10-02,2025-11-18,48,0
Cresthaven,2X2 Stonehaven,AUCMTG,,2,2,,1111,6/7/2024,,,80%,1879,1.69,1879,1.69,2024-05-01,2024-05-26,26,0
Cresthaven,2X2 Stonehaven,AUCMTG,,2,2,,1111,9/4/2024,,,80%,1799,1.62,1799,1.62,2024-08-29,2024-08-31,3,0
Cresthaven,2X2 Stonehaven,AUCMTG,,2,2,,1111,10/10/2025,,,80%,1729,1.56,1729,1.56,2025-09-07,2025-10-06,30,0
Cresthaven,2X2 Stonehaven,AUCQHK,,2,2,,1111,7/7/2024,,,80%,1699,1.53,1699,1.53,2024-05-15,2024-05-24,10,0
Cresthaven,2X2 Stonehaven,AUCQHK,,2,2,,1111,2/7/2025,,,80%,1759,1.58,1659,1.49,2025-01-24,2025-02-17,25,11
Cresthaven,2X2 Stonehaven,AUCQHK,,2,2,,1111,6/3/2025,,,80%,1759,1.58,1759,1.58,2025-05-28,2025-06-14,18,12
Cresthaven,2X2 Stonehaven,AUCMMD,,2,2,,1111,6/2/2026,,,80%,1759,1.58,1759,1.58,2025-05-06,2025-07-09,65,0
Cresthaven,2X2 Stonehaven,AUCMTC,,2,2,,1111,4/3/2025,,,80%,1769,1.59,1769,1.59,2025-04-03,2025-04-10,8,8
Cresthaven,2X2 Stonehaven,AUCQQG,,2,2,,1111,6/7/2025,,,80%,1769,1.59,1769,1.59,2025-04-12,2025-06-14,64,8
Cresthaven,2X2 Stonehaven,AUCPAT,,2,2,,1111,8/7/2024,,,80%,1899,1.71,1899,1.71,2024-06-12,2024-08-07,57,1
Cresthaven,2X2 Stonehaven,AUCPAT,,2,2,,1111,4/21/2025,,,80%,1769,1.59,1769,1.59,2025-04-15,2025-05-05,21,15
Cresthaven,2X2 Stonehaven,AUCMHJ,,2,2,,1111,5/7/2025,,,80%,1799,1.62,1799,1.62,2025-04-12,2025-04-21,10,0
Cresthaven,2X2 Stonehaven,AUCQAM,,2,2,,1111,6/7/2025,,,80%,1799,1.62,1799,1.62,2025-04-12,2025-06-24,74,18
Cresthaven,2X2 Stonehaven,AUCQAR,,2,2,,1111,7/7/2025,,,80%,1799,1.62,1799,1.62,2025-04-26,2025-05-17,22,0
Cresthaven,2X2 Stonehaven,AUCQME,,2,2,,1168,2/10/2026,500,,80%,1759,1.51,1759,1.51,2025-11-27,2025-12-19,23,0
Cresthaven,2X2 Stonehaven,AUCQME,,2,2,,1168,2/10/2026,500,,80%,1669,1.43,1669,1.43,2026-03-24,2026-03-29,6,6
Cresthaven,2X2 Stonehaven,AUCQRW,,2,2,,1168,2/7/2025,,,80%,1699,1.45,1699,1.45,2025-01-24,2025-05-07,104,90
Cresthaven,2X2 Stonehaven,AUCPPA,,2,2,,1168,9/7/2025,,,80%,1699,1.45,1699,1.45,2025-06-28,2025-09-09,74,3
Cresthaven,2X2 Stonehaven,AUCPYQ,,2,2,,1168,2/10/2026,500,,80%,1699,1.45,1699,1.45,2025-12-04,2025-12-19,16,0
Cresthaven,2X2 Stonehaven,AUCMUW,,2,2,,1168,8/17/2023,,,80%,1529,1.31,1529,1.31,2023-08-17,2023-11-12,88,88
Cresthaven,2X2 Stonehaven,AUCMUW,,2,2,,1168,6/7/2025,,,80%,1709,1.46,1709,1.46,2025-04-25,2025-06-18,55,12
Cresthaven,2X2 Stonehaven,AUCMEH,,2,2,,1168,4/15/2025,,,80%,1749,1.5,1749,1.5,2025-04-12,2025-05-31,50,47
Cresthaven,2X2 Stonehaven,AUCPTJ,,2,2,,1168,7/17/2024,,,80%,1829,1.57,1829,1.57,2024-07-10,2024-07-11,2,0
Cresthaven,2X2 Stonehaven,AUCPDD,,2,2,,1168,4/7/2024,,,80%,1839,1.57,1756,1.5,2024-03-19,2024-05-08,51,32
Cresthaven,2X2 Stonehaven,AUCQEJ,,2,2,,1168,7/7/2024,,,80%,1859,1.59,1859,1.59,2024-06-02,2024-07-10,39,4
Cresthaven,3X2 Crestview,19-001,,3,2,,1301,5/10/2026,500,,80%,1819,1.4,1819,1.4,2026-04-13,2026-05-19,37,10
Cresthaven,3X2 Crestview,18-001,,3,2,,1301,5/10/2026,500,,80%,1829,1.41,1829,1.41,2026-04-10,2026-06-26,78,48
Cresthaven,3X2 Crestview,15-206,2,3,2,,1301,5/10/2026,500,,80%,1849,1.42,1849,1.42,2026-04-04,2026-06-08,66,30
Cresthaven,3X2 Crestview,05-302,3,3,2,,1301,8/10/2026,500,,80%,1809,1.39,1809,1.39,2026-06-03,2026-06-08,6,0
Cresthaven,3X2 Crestview,18-301,3,3,2,,1301,4/18/2026,500,,80%,1819,1.4,1819,1.4,2026-04-04,2026-04-17,14,0
Cresthaven,3X2 Crestview,01-301,3,3,2,,1301,8/15/2026,500,,80%,1829,1.41,1829,1.41,2026-06-07,2026-06-30,24,0
Cresthaven,3X2 Crestview,11-306,3,3,2,,1301,4/10/2026,500,,80%,1839,1.41,1839,1.41,2026-04-04,2026-04-15,12,6
Cresthaven,3X2 Crestview,13-106,1,3,2,,1301,7/10/2026,500,,80%,1849,1.42,1849,1.42,2026-05-19,2026-06-11,24,0
Cresthaven,3X2 Crestview,05-102,1,3,2,,1301,9/10/2026,500,,80%,1859,1.43,1792,1.38,2026-06-30,,14,0
Cresthaven,3X2 Crestview,06-306,3,3,2,,1301,9/10/2026,500,,80%,1859,1.43,1792,1.38,2026-07-01,,13,0
Cresthaven,3X2 Crestview,07-302,3,3,2,,1301,9/10/2026,500,,80%,1869,1.44,1802,1.39,2026-06-23,2026-07-12,20,0
Cresthaven,3X2 Crestview,19-301,3,3,2,,1301,9/10/2026,500,,80%,1869,1.44,1802,1.39,2026-07-07,,7,0
Cresthaven,3X2 Crestview,02-201,2,3,2,,1301,9/10/2026,500,,80%,1879,1.44,1879,1.44,2026-06-07,2026-06-27,21,0
Cresthaven,3X2 Crestview,AUCPZG,,3,2,,1301,7/19/2024,,,60%,1599,1.23,1414,1.09,2024-07-06,2024-11-09,127,114
Cresthaven,3X2 Crestview,AUCQQT,,3,2,,1301,10/31/2024,,,60%,1699,1.31,1503,1.16,2024-10-31,2024-11-14,15,15
Cresthaven,3X2 Crestview,AUCMWL,,3,2,,1301,8/15/2024,,,60%,1859,1.43,1859,1.43,2024-08-14,2024-09-15,33,32
Cresthaven,3X2 Crestview,AUCMWL,,3,2,,1301,10/10/2025,,,60%,1729,1.33,1729,1.33,2025-08-23,2025-11-22,92,44
Cresthaven,3X2 Crestview,AUCPXA,,3,2,,1301,12/7/2023,,,60%,1859,1.43,1842,1.42,2023-10-04,2024-05-12,222,158
Cresthaven,3X2 Crestview,AUCPXA,,3,2,,1301,7/7/2025,,,60%,1799,1.38,1799,1.38,2025-05-22,2025-07-20,60,14
Cresthaven,3X2 Crestview,AUCPXA,,3,2,,1301,2/8/2026,500,,60%,1729,1.33,1729,1.33,2026-01-31,2026-03-09,38,30
Cresthaven,3X2 Crestview,AUCQDT,,3,2,,1301,10/7/2023,,,60%,1739,1.34,1739,1.34,2023-08-17,2023-10-24,69,18
Cresthaven,3X2 Crestview,AUCQJM,,3,2,,1301,2/7/2025,,,60%,1899,1.46,1899,1.46,2025-02-07,2025-03-02,24,24
Cresthaven,3X2 Crestview,AUCQJM,,3,2,,1301,1/23/2026,500,,60%,1769,1.36,1769,1.36,2026-01-16,2026-02-19,35,28
Cresthaven,3X2 Crestview,AUCQLK,,3,2,,1301,12/3/2024,,,80%,1799,1.38,1591,1.22,2024-12-03,2024-12-12,10,10
Cresthaven,3X2 Crestview,AUCMYJ,,3,2,,1301,9/19/2024,,,80%,1629,1.25,1441,1.11,2024-09-19,2024-11-21,64,64
Cresthaven,3X2 Crestview,AUCMYJ,,3,2,,1301,9/6/2025,,,80%,1799,1.38,1799,1.38,2025-07-02,2025-08-07,37,0
Cresthaven,3X2 Crestview,AUCMUE,,3,2,,1301,7/7/2024,,,80%,1999,1.54,1999,1.54,2024-05-26,2024-08-14,81,39
Cresthaven,3X2 Crestview,AUCMUE,,3,2,,1301,5/15/2025,,,80%,1799,1.38,1799,1.38,2025-05-09,2025-07-22,75,69
Cresthaven,3X2 Crestview,AUCQEZ,,3,2,,1301,8/8/2024,,,80%,1829,1.41,1618,1.24,2024-08-01,2024-10-09,70,63
Cresthaven,3X2 Crestview,AUCQEZ,,3,2,,1301,11/10/2025,,,80%,1799,1.38,1799,1.38,2025-08-27,2025-11-22,88,13
Cresthaven,3X2 Crestview,AUCMHE,,3,2,,1301,6/7/2025,,,80%,1809,1.39,1809,1.39,2025-05-17,2025-07-10,55,34
Cresthaven,3X2 Crestview,AUCQCU,,3,2,,1301,4/15/2026,,,80%,1809,1.39,1809,1.39,2025-04-12,2025-07-09,89,0
Cresthaven,3X2 Crestview,AUCPRG,,3,2,,1301,1/7/2024,,,80%,1779,1.37,1779,1.37,2023-11-21,2024-02-29,101,54
Cresthaven,3X2 Crestview,AUCPRG,,3,2,,1301,5/10/2026,500,,80%,1819,1.4,1819,1.4,2026-03-12,2026-03-27,16,0
Cresthaven,3X2 Crestview,AUCMPG,,3,2,,1301,5/10/2026,500,,80%,1819,1.4,1819,1.4,2026-03-13,2026-03-31,19,0
Cresthaven,3X2 Crestview,AUCMDE,,3,2,,1301,5/7/2024,,,80%,1999,1.54,1916,1.47,2024-03-21,2024-05-10,51,4
Cresthaven,3X2 Crestview,AUCMDE,,3,2,,1301,10/10/2025,,,80%,1819,1.4,1819,1.4,2025-07-25,2025-10-08,76,0
Cresthaven,3X2 Crestview,AUCQQC,,3,2,,1301,6/7/2025,,,80%,1819,1.4,1819,1.4,2025-04-19,2025-05-15,27,0
Cresthaven,3X2 Crestview,AUCMZQ,,3,2,,1301,5/10/2026,500,,80%,1819,1.4,1819,1.4,2026-03-17,2026-04-03,18,0
Cresthaven,3X2 Crestview,AUCPAP,,3,2,,1301,4/10/2026,500,,80%,1819,1.4,1819,1.4,2026-03-20,2026-03-29,10,0
Cresthaven,3X2 Crestview,AUCMJL,,3,2,,1301,4/7/2025,,,80%,1819,1.4,1819,1.4,2025-03-02,2025-04-23,53,17
Cresthaven,3X2 Crestview,AUCMJL,,3,2,,1301,5/10/2026,500,,80%,1819,1.4,1819,1.4,2026-03-09,2026-04-04,27,0
Cresthaven,3X2 Crestview,AUCQWW,,3,2,,1301,2/7/2025,,,80%,1899,1.46,1799,1.38,2025-01-28,2025-02-01,5,0
Cresthaven,3X2 Crestview,AUCQWW,,3,2,,1301,4/10/2026,500,,80%,1819,1.4,1819,1.4,2026-01-26,2026-03-17,51,0
Cresthaven,3X2 Crestview,AUCPHY,,3,2,,1301,12/7/2023,,,80%,1899,1.46,1899,1.46,2023-09-29,2023-12-12,75,6
Cresthaven,3X2 Crestview,AUCPHY,,3,2,,1301,3/10/2026,500,,80%,1819,1.4,1819,1.4,2026-01-09,2026-03-09,60,0
Cresthaven,3X2 Crestview,AUCQWM,,3,2,,1301,9/7/2023,,,80%,1749,1.34,1749,1.34,2023-08-17,2023-10-20,65,44
Cresthaven,3X2 Crestview,AUCQWM,,3,2,,1301,12/10/2025,500,,80%,1829,1.41,1829,1.41,2025-10-18,2026-01-15,90,37
Cresthaven,3X2 Crestview,AUCMHW,,3,2,,1301,4/15/2026,,,80%,1829,1.41,1829,1.41,2025-04-12,2025-05-28,47,0
Cresthaven,3X2 Crestview,AUCMLZ,,3,2,,1301,1/10/2026,,,80%,1849,1.42,1849,1.42,2025-11-05,2025-11-13,9,0
Cresthaven,3X2 Crestview,AUCQLC,,3,2,,1301,6/7/2025,,,80%,1859,1.43,1859,1.43,2025-04-16,2025-06-11,57,5
Cresthaven,3X2 Crestview,AUCQDC,,3,2,,1301,7/7/2024,,,80%,1799,1.38,1591,1.22,2024-06-18,2024-10-20,125,106
Cresthaven,3X2 Crestview,AUCQDC,,3,2,,1301,11/10/2025,,,80%,1869,1.44,1869,1.44,2025-08-27,2025-09-12,17,0
Cresthaven,3X2 Crestview,AUCQUG,,3,2,,1301,9/10/2025,,,80%,1869,1.44,1869,1.44,2025-08-13,2025-09-05,24,0
Cresthaven,3X2 Crestview,AUCMCG,,3,2,,1301,2/7/2024,,,80%,1899,1.46,1832,1.41,2024-01-03,2024-04-17,106,71
Cresthaven,3X2 Crestview,AUCMCG,,3,2,,1301,4/15/2026,,,80%,1879,1.44,1879,1.44,2025-04-12,2025-04-19,8,0
Cresthaven,3X2 Crestview,AUCPLU,,3,2,,1301,2/10/2024,,,80%,1899,1.46,1899,1.46,2024-02-04,2024-03-13,39,33
Cresthaven,3X2 Crestview,AUCPQQ,,3,2,,1301,8/16/2024,,,80%,1899,1.46,1899,1.46,2024-08-16,2024-09-05,21,21
Cresthaven,3X2 Crestview,AUCPDU,,3,2,,1301,8/2/2024,,,80%,1899,1.46,1899,1.46,2024-07-28,2024-09-22,57,52
Cresthaven,3X2 Crestview,AUCPGR,,3,2,,1301,2/7/2025,,,80%,1899,1.46,1899,1.46,2024-12-22,2025-03-06,75,28
Cresthaven,3X2 Crestview,AUCQJW,,3,2,,1301,10/7/2023,,,80%,2138,1.64,2138,1.64,2023-09-02,2023-09-19,18,0
Cresthaven,3X2 Crestview,AUCPLL,,3,2,,1301,11/14/2024,,,80%,2175,1.67,1924,1.48,2024-11-14,2024-12-18,35,35
Cresthaven,3X2 Crestview,AUCPXZ,,3,2,,1311,9/7/2023,,,60%,1899,1.45,1899,1.45,2023-08-17,2023-09-29,44,23
Cresthaven,3X2 Crestview,AUCPXZ,,3,2,,1311,10/20/2024,,,60%,1609,1.23,1509,1.15,2024-10-20,2025-01-28,101,101
Cresthaven,3X2 Crestview,AUCLZZ,,3,2,,1311,12/7/2023,,,60%,1899,1.45,1899,1.45,2023-09-29,2024-01-25,119,50
Cresthaven,3X2 Crestview,AUCLZZ,,3,2,,1311,10/1/2024,,,60%,1699,1.3,1557,1.19,2024-10-01,2024-12-22,83,83
Cresthaven,3X2 Crestview,AUCMQM,,3,2,,1311,9/7/2025,,,60%,1729,1.32,1729,1.32,2025-07-02,2025-11-26,148,81
Cresthaven,3X2 Crestview,AUCQHX,,3,2,,1311,1/7/2025,,,60%,1849,1.41,1749,1.33,2024-12-18,2025-02-27,72,52
Cresthaven,3X2 Crestview,AUCQHX,,3,2,,1311,6/23/2025,,,60%,1759,1.34,1759,1.34,2025-06-16,2025-07-21,36,29
Cresthaven,3X2 Crestview,AUCQRZ,,3,2,,1311,6/7/2024,,,60%,1829,1.4,1746,1.33,2024-04-02,2024-06-21,81,15
Cresthaven,3X2 Crestview,AUCQRZ,,3,2,,1311,2/7/2025,,,60%,1759,1.34,1759,1.34,2024-12-30,2025-04-17,109,70
Cresthaven,3X2 Crestview,AUCQUX,,3,2,,1311,6/7/2024,,,80%,1999,1.52,1999,1.52,2024-05-03,2024-05-07,5,0
Cresthaven,3X2 Crestview,AUCQUX,,3,2,,1311,7/7/2025,,,80%,1799,1.37,1799,1.37,2025-06-11,2025-07-23,43,17
Cresthaven,3X2 Crestview,AUCMKT,,3,2,,1311,6/7/2024,,,80%,1939,1.48,1939,1.48,2024-05-12,2024-07-28,78,52
Cresthaven,3X2 Crestview,AUCMKT,,3,2,,1311,2/28/2025,,,80%,1899,1.45,1899,1.45,2024-12-24,2025-04-01,99,33
Cresthaven,3X2 Crestview,AUCMKT,,3,2,,1311,4/18/2026,500,,80%,1819,1.39,1819,1.39,2026-02-26,2026-04-04,38,0
Cresthaven,3X2 Crestview,AUCQKL,,3,2,,1311,4/11/2026,,,80%,1829,1.4,1829,1.4,2025-04-01,2025-06-03,64,0
Cresthaven,3X2 Crestview,AUCPMK,,3,2,,1311,12/8/2023,,,80%,1799,1.37,1799,1.37,2023-12-01,2023-12-12,12,5
Cresthaven,3X2 Crestview,AUCPMK,,3,2,,1311,4/10/2026,500,,80%,1839,1.4,1839,1.4,2026-02-19,2026-04-04,45,0
Cresthaven,3X2 Crestview,AUCMEY,,3,2,,1311,12/10/2025,500,,80%,1849,1.41,1849,1.41,2025-10-02,2025-12-25,85,16
Cresthaven,3X2 Crestview,AUCQCD,,3,2,,1311,5/7/2024,,,80%,1849,1.41,1849,1.41,2024-03-13,2024-06-11,91,36
Cresthaven,3X2 Crestview,AUCQMW,,3,2,,1311,4/7/2025,,,80%,1879,1.43,1879,1.43,2025-03-18,2025-04-27,41,21
Cresthaven,3X2 Crestview,AUCPCM,,3,2,,1311,1/7/2024,,,80%,1899,1.45,1899,1.45,2023-11-07,2024-01-27,82,21
Embold Apartments,A1,A116,1,1,1,,743,9/13/2023,500,13,80%,1539,2.07,1539,2.07,2023-09-13,2024-08-05,328,328
Embold Apartments,A1,A116,1,1,1,,743,9/21/2025,500,12,80%,1551,2.09,1468,1.98,2025-07-18,2025-07-26,9,0
Embold Apartments,A1,B116,1,1,1,,743,6/28/2023,500,,80%,1554,2.09,1434,1.93,2023-06-28,2023-09-08,73,73
Embold Apartments,A2,D207,2,1,1,,748,7/7/2025,500,12,60%,1469,1.96,1386,1.85,2025-04-16,2025-05-14,29,0
Embold Apartments,A2,D207,2,1,1,,748,7/21/2026,,12,60%,1419,1.9,1419,1.9,2026-05-23,2026-06-11,20,0
Embold Apartments,A1,B307,3,1,1,,748,4/24/2024,500,,60%,1502,2.01,1502,2.01,2024-04-23,2024-05-04,12,11
Embold Apartments,A1,B307,3,1,1,,748,12/6/2024,500,12,60%,1421,1.9,1338,1.79,2024-10-10,2024-10-29,20,0
Embold Apartments,A1,A307,3,1,1,,748,10/10/2024,500,,80%,1443,1.93,1401,1.87,2024-07-31,2024-09-04,36,0
Embold Apartments,A2,A207,2,1,1,,748,9/17/2023,500,,80%,1499,2,1384,1.85,2023-09-17,2023-09-22,6,6
Embold Apartments,A2,A207,2,1,1,,748,4/21/2024,500,,80%,1418,1.9,1418,1.9,2024-04-21,2024-04-23,3,3
Embold Apartments,A2,A207,2,1,1,,748,5/22/2026,500,13,80%,1453,1.94,1453,1.94,2026-03-24,2026-05-29,67,8
Embold Apartments,A2,B201,2,1,1,,748,6/9/2024,500,12,80%,1501,2.01,1501,2.01,2024-05-06,2024-06-27,53,19
Embold Apartments,A2,B201,2,1,1,,748,7/29/2026,,12,80%,1466,1.96,1466,1.96,2026-06-02,2026-06-16,15,0
Embold Apartments,A1,C201,2,1,1,,748,12/19/2024,500,12,80%,1477,1.97,1394,1.86,2024-10-16,2024-11-24,40,0
Embold Apartments,A2,C207,2,1,1,,748,8/21/2026,,13,80%,1501,2.01,1501,2.01,2026-06-30,,14,0
Embold Apartments,A2,A316,3,1,1,,748,9/22/2023,500,,80%,1399,1.87,1399,1.87,2023-09-22,2024-04-13,205,205
Embold Apartments,A2,A316,3,1,1,,748,2/26/2025,500,12,80%,1454,1.94,1333,1.78,2025-02-20,2025-03-25,34,28
Embold Apartments,A2,A316,3,1,1,,748,4/17/2026,,12,80%,1519,2.03,1519,2.03,2026-04-16,2026-05-01,16,15
Embold Apartments,A1,A101,1,1,1,,748,9/8/2023,500,,80%,1601,2.14,1601,2.14,2023-09-08,2024-01-17,132,132
Embold Apartments,A1,A101,1,1,1,,748,9/5/2024,500,12,80%,1528,2.04,1486,1.99,2024-06-18,2024-08-24,68,0
Embold Apartments,A2,A416,4,1,1,,748,6/7/2024,500,12,80%,1969,2.63,1969,2.63,2024-05-02,2024-06-04,34,0
Embold Apartments,A2,A416,4,1,1,,748,6/23/2025,500,12,80%,1569,2.1,1486,1.99,2025-04-09,2025-06-05,58,0
Embold Apartments,A2,A416,4,1,1,,748,7/5/2026,,12,80%,1531,2.05,1531,2.05,2026-06-09,2026-06-14,6,0
Embold Apartments,A2,C116,1,1,1,,748,4/30/2024,500,,80%,1562,2.09,1562,2.09,2024-04-26,2024-05-02,7,3
Embold Apartments,A2,C116,1,1,1,,748,5/6/2026,500,13,80%,1533,2.05,1533,2.05,2026-03-11,2026-05-28,79,23
Embold Apartments,A1,B401,4,1,1,,748,8/5/2023,500,,80%,1629,2.18,1504,2.01,2023-08-05,2023-08-15,11,11
Embold Apartments,A1,B401,4,1,1,,748,11/19/2024,500,12,80%,1552,2.07,1497,2,2024-10-16,2024-12-19,65,31
Embold Apartments,A2,C416,4,1,1,,748,11/4/2023,500,,80%,1629,2.18,1629,2.18,2023-09-28,2023-12-24,88,51
Embold Apartments,A2,C416,4,1,1,,748,12/29/2024,500,12,80%,1499,2,1374,1.84,2024-10-23,2025-03-13,142,75
Embold Apartments,A2,C416,4,1,1,,748,6/23/2026,,12,80%,1571,2.1,1571,2.1,2026-06-05,2026-06-08,4,0
Embold Apartments,A2,D416,4,1,1,,748,1/24/2025,500,6,80%,1599,2.14,1599,2.14,2024-12-27,2025-02-18,54,26
Embold Apartments,A2,D416,4,1,1,,748,5/5/2026,500,13,80%,1595,2.13,1595,2.13,2026-02-17,2026-05-07,80,3
Embold Apartments,A2,D401,4,1,1,,748,8/7/2025,500,12,80%,1524,2.04,1441,1.93,2025-05-23,2025-07-10,49,0
Embold Apartments,A2,D401,4,1,1,,748,8/6/2026,,13,80%,1604,2.14,1604,2.14,2026-07-01,,13,0
Embold Apartments,A2,B416,4,1,1,,748,2/13/2025,500,12,80%,1549,2.07,1420,1.9,2025-01-15,2025-03-11,56,27
Embold Apartments,A2,B416,4,1,1,,748,5/15/2026,500,13,80%,1614,2.16,1614,2.16,2026-03-14,2026-05-02,50,0
Embold Apartments,A1,B216,2,1,1,,748,8/29/2023,500,,60%,1564,2.09,1444,1.93,2023-08-29,2023-09-03,6,6
Embold Apartments,A1,B216,2,1,1,,748,4/10/2024,500,,60%,1497,2,1497,2,2024-04-10,2024-04-17,8,8
Embold Apartments,A1,B216,2,1,1,,748,5/20/2025,500,12,60%,1534,2.05,1406,1.88,2025-03-25,2025-04-10,17,0
Embold Apartments,A1,B216,2,1,1,,748,3/8/2026,,12,60%,1384,1.85,1269,1.7,2026-02-13,2026-03-26,42,19
Embold Apartments,A1,A201,2,1,1,,748,9/17/2024,500,12,60%,1452,1.94,1410,1.89,2024-06-30,2024-10-20,113,34
Embold Apartments,A1,A201,2,1,1,,748,1/21/2026,500,12,60%,1384,1.85,1269,1.7,2025-11-15,2026-01-11,58,0
Embold Apartments,A2,D201,2,1,1,,748,6/17/2023,500,,60%,1539,2.06,1421,1.9,,2023-06-28,,
Embold Apartments,A2,D201,2,1,1,,748,2/8/2025,500,12,60%,1384,1.85,1301,1.74,2024-12-04,2025-05-17,165,99
Embold Apartments,A2,D201,2,1,1,,748,6/6/2026,,3,60%,1384,1.85,1384,1.85,2026-04-12,2026-04-13,2,0
Embold Apartments,A2,D101,1,1,1,,748,6/17/2023,500,,60%,1579,2.11,1457,1.95,,2023-08-06,,
Embold Apartments,A2,D101,1,1,1,,748,1/22/2025,500,12,60%,1399,1.87,1282,1.71,2024-11-16,2025-04-10,146,79
Embold Apartments,A2,D101,1,1,1,,748,4/10/2026,500,3,60%,1399,1.87,1399,1.87,2026-04-02,2026-04-07,6,0
Embold Apartments,A1,B101,1,1,1,,748,1/17/2024,500,,60%,1512,2.02,1512,2.02,2024-01-17,2024-04-10,85,85
Embold Apartments,A1,B101,1,1,1,,748,4/24/2025,500,12,60%,1549,2.07,1466,1.96,2025-02-01,2025-05-25,114,32
Embold Apartments,A1,B101,1,1,1,,748,2/28/2026,,12,60%,1399,1.87,1282,1.71,2025-12-24,2026-03-26,93,27
Embold Apartments,A1,D307,3,1,1,,748,4/13/2024,500,,80%,1428,1.91,1428,1.91,2024-04-13,2024-04-26,14,14
Embold Apartments,A2,D216,2,1,1,,748,3/28/2024,500,12,80%,1399,1.87,1316,1.76,2024-03-28,2024-11-03,221,221
Embold Apartments,A2,D216,2,1,1,,748,4/15/2026,500,3,80%,1434,1.92,1434,1.92,2026-01-04,2026-04-10,97,0
Embold Apartments,A1,C216,2,1,1,,748,10/9/2024,500,12,80%,1434,1.92,1314,1.76,2024-07-28,2025-03-23,239,166
Embold Apartments,A1,C216,2,1,1,,748,11/28/2025,500,12,80%,1434,1.92,1392,1.86,2025-09-24,2025-11-17,55,0
Embold Apartments,A1,B316,3,1,1,,748,8/2/2023,500,,80%,1614,2.16,1614,2.16,2023-08-02,2023-10-17,77,77
Embold Apartments,A1,B316,3,1,1,,748,5/11/2025,500,12,80%,1434,1.92,1351,1.81,2025-03-06,2025-07-26,143,77
Embold Apartments,A1,D301,3,1,1,,748,6/17/2023,500,,80%,1519,2.03,1519,2.03,,2024-03-28,,
Embold Apartments,A1,D301,3,1,1,,748,4/5/2025,500,12,80%,1444,1.93,1361,1.82,2025-01-22,2025-05-18,117,44
Embold Apartments,A1,A407,4,1,1,,748,9/7/2024,500,12,80%,1492,1.99,1450,1.94,2024-06-20,2024-09-11,84,5
Embold Apartments,A1,A407,4,1,1,,748,9/24/2025,500,12,80%,1454,1.94,1333,1.78,2025-07-03,2025-10-10,100,17
Embold Apartments,A1,B207,2,1,1,,748,5/7/2024,500,,80%,1482,1.98,1482,1.98,2024-05-01,2024-05-02,2,0
Embold Apartments,A1,B207,2,1,1,,748,3/23/2025,500,6,80%,1469,1.96,1469,1.96,2025-01-17,2025-02-26,41,0
Embold Apartments,A1,C401,4,1,1,,748,1/16/2025,500,12,80%,1484,1.98,1442,1.93,2024-12-19,2025-01-17,30,2
Embold Apartments,A1,C401,4,1,1,,748,11/23/2025,500,12,80%,1474,1.97,1351,1.81,2025-10-24,2026-01-12,81,51
Embold Apartments,A1,C101,1,1,1,,748,11/5/2024,500,12,80%,1474,1.97,1351,1.81,2024-08-29,2025-03-02,186,118
Embold Apartments,A1,C101,1,1,1,,748,3/21/2026,,12,80%,1474,1.97,1351,1.81,2026-01-15,2026-02-17,34,0
Embold Apartments,A1,B301,3,1,1,,748,8/27/2023,500,,80%,1589,2.12,1467,1.96,2023-08-27,2023-08-29,3,3
Embold Apartments,A1,B301,3,1,1,,748,9/9/2024,500,12,80%,1349,1.8,1266,1.69,2024-07-10,2024-11-30,144,83
Embold Apartments,A1,B301,3,1,1,,748,3/7/2026,,12,80%,1484,1.98,1360,1.82,2025-12-28,2026-02-03,38,0
Embold Apartments,A1,A216,2,1,1,,748,9/22/2023,500,,80%,1539,2.06,1421,1.9,2023-09-22,2023-10-28,37,37
Embold Apartments,A1,A216,2,1,1,,748,11/7/2025,500,12,80%,1484,1.98,1442,1.93,2025-08-30,2025-12-17,110,41
Embold Apartments,A1,D316,3,1,1,,748,6/17/2023,500,,80%,1549,2.07,1430,1.91,,2023-09-22,,
Embold Apartments,A1,D316,3,1,1,,748,10/12/2024,500,12,80%,1371,1.83,1367,1.83,2024-08-04,2024-12-31,150,81
Embold Apartments,A1,D316,3,1,1,,748,11/3/2025,500,12,80%,1494,2,1452,1.94,2025-08-17,2025-11-20,96,18
Embold Apartments,A1,C307,3,1,1,,748,12/1/2023,500,,80%,1519,2.03,1519,2.03,2023-10-28,2023-11-02,6,0
Embold Apartments,A1,C301,3,1,1,,748,6/17/2023,500,,80%,1559,2.08,1439,1.92,,2023-09-17,,
Embold Apartments,A1,C301,3,1,1,,748,8/3/2025,500,12,80%,1529,2.04,1446,1.93,2025-05-23,2025-06-15,24,0
Embold Apartments,A1,A301,3,1,1,,748,2/15/2024,500,12,80%,1500,2.01,1500,2.01,2024-02-15,2024-06-07,114,114
Embold Apartments,A1,A301,3,1,1,,748,9/21/2025,500,12,80%,1529,2.04,1446,1.93,2025-07-18,2025-07-20,3,0
Embold Apartments,A1,D407,4,1,1,,748,1/13/2026,500,12,80%,1529,2.04,1487,1.99,2025-10-31,2025-11-27,28,0
Embold Apartments,A1,C407,4,1,1,,748,10/28/2024,500,13,80%,1492,1.99,1492,1.99,2024-08-24,2024-09-17,25,0
Embold Apartments,A1,C407,4,1,1,,748,9/6/2025,500,12,80%,1529,2.04,1402,1.87,2025-08-05,2025-10-14,71,39
Embold Apartments,A2,D116,1,1,1,,748,11/14/2023,500,6,80%,1399,1.87,1399,1.87,2023-11-10,2024-05-22,195,191
Embold Apartments,A2,D116,1,1,1,,748,5/30/2025,500,12,80%,1474,1.97,1391,1.86,2025-03-16,2025-06-13,90,15
Embold Apartments,A2,D116,1,1,1,,748,5/23/2026,500,3,80%,1549,2.07,1549,2.07,2026-03-14,2026-04-18,36,0
Embold Apartments,A1,B407,4,1,1,,748,8/4/2023,500,,80%,1559,2.08,1439,1.92,2023-08-04,2023-08-27,24,24
Embold Apartments,A1,A401,4,1,1,,748,9/7/2024,500,,80%,1523,2.04,1481,1.98,2024-06-20,2024-09-04,77,0
Embold Apartments,A1,A401,4,1,1,,748,6/13/2025,500,12,80%,1569,2.1,1486,1.99,2025-04-06,2025-05-08,33,0
Embold Apartments,A1,C316,3,1,1,,748,11/29/2023,500,,80%,1589,2.12,1589,2.12,2023-11-02,2023-11-10,9,0
Embold Apartments,A1,C212,2,1,1,,753,1/8/2024,500,,80%,1499,1.99,1499,1.99,2023-11-01,2023-11-09,9,0
Embold Apartments,A1,C212,2,1,1,,753,6/20/2024,500,12,80%,1457,1.93,1457,1.93,2024-06-12,2024-07-17,36,28
Embold Apartments,A1,C212,2,1,1,,753,7/22/2026,,12,80%,1429,1.9,1429,1.9,2026-05-30,2026-06-10,12,0
Embold Apartments,A1,B202,2,1,1,,753,6/17/2023,500,,80%,1499,1.99,1384,1.84,,2023-07-01,,
Embold Apartments,A1,B202,2,1,1,,753,2/12/2025,500,6,80%,1475,1.96,1475,1.96,2024-12-25,2025-02-16,54,5
Embold Apartments,A1,B202,2,1,1,,753,6/4/2026,500,12,80%,1431,1.9,1431,1.9,2025-11-08,2026-06-16,221,13
Embold Apartments,A2,C206,2,1,1,,753,8/16/2024,500,12,80%,1449,1.92,1407,1.87,2024-06-18,2024-08-29,73,14
Embold Apartments,A1,B302,3,1,1,,753,6/17/2023,500,,80%,1549,2.06,1430,1.9,,2023-07-16,,
Embold Apartments,A1,B302,3,1,1,,753,5/12/2026,500,12,80%,1450,1.93,1450,1.93,2026-03-05,2026-06-10,98,30
Embold Apartments,A2,A215,2,1,1,,753,8/15/2023,500,,80%,1499,1.99,1384,1.84,2023-07-27,2023-07-29,3,0
Embold Apartments,A2,A215,2,1,1,,753,10/13/2024,500,12,80%,1455,1.93,1372,1.82,2024-08-04,2024-11-09,98,28
Embold Apartments,A1,B312,3,1,1,,753,6/17/2023,500,,80%,1549,2.06,1430,1.9,,2023-07-31,,
Embold Apartments,A1,B312,3,1,1,,753,5/21/2025,500,12,80%,1525,2.03,1442,1.92,2025-03-16,2025-05-23,69,3
Embold Apartments,A1,B312,3,1,1,,753,4/30/2026,500,13,80%,1467,1.95,1467,1.95,2026-02-26,2026-06-05,100,37
Embold Apartments,A1,A315,3,1,1,,753,8/15/2023,500,,80%,1519,2.02,1402,1.86,2023-07-16,2023-08-20,36,6
Embold Apartments,A1,A315,3,1,1,,753,7/21/2026,,12,80%,1478,1.96,1478,1.96,2026-05-27,2026-05-29,3,0
Embold Apartments,A2,D215,2,1,1,,753,5/20/2024,500,12,80%,1489,1.98,1489,1.98,2024-03-20,2024-07-27,130,69
Embold Apartments,A1,A306,3,1,1,,753,8/15/2023,500,,80%,1519,2.02,1402,1.86,2023-07-30,2023-08-22,24,8
Embold Apartments,A1,A306,3,1,1,,753,9/27/2024,500,13,80%,1469,1.95,1431,1.9,2024-07-24,2024-09-15,54,0
Embold Apartments,A1,A306,3,1,1,,753,Now,,12,80%,1499,1.99,1499,1.99,2026-04-12,,93,55
Embold Apartments,A1,C306,3,1,1,,753,10/29/2023,500,,80%,1550,2.06,1550,2.06,2023-08-23,2024-03-07,198,131
Embold Apartments,A1,C306,3,1,1,,753,6/7/2025,500,12,80%,1450,1.93,1367,1.82,2025-03-23,2025-07-22,122,46
Embold Apartments,A1,C306,3,1,1,,753,6/15/2026,500,13,80%,1501,1.99,1501,1.99,2026-02-04,2026-06-19,136,5
Embold Apartments,A1,A412,4,1,1,,753,8/15/2023,500,,80%,1559,2.07,1439,1.91,2023-07-31,2023-08-13,14,0
Embold Apartments,A1,A412,4,1,1,,753,10/5/2025,500,12,80%,1535,2.04,1452,1.93,2025-07-08,2025-09-13,68,0
Embold Apartments,A1,A412,4,1,1,,753,5/14/2026,,12,80%,1506,2,1506,2,2026-05-13,2026-06-08,27,26
Embold Apartments,A1,C315,3,1,1,,753,7/18/2026,,12,80%,1520,2.02,1520,2.02,2026-04-28,2026-05-11,14,0
Embold Apartments,A2,D312,3,1,1,,753,7/1/2023,500,,80%,1549,2.06,1430,1.9,2023-07-01,2023-07-08,8,8
Embold Apartments,A2,D312,3,1,1,,753,8/6/2024,500,12,80%,1521,2.02,1521,2.02,2024-05-29,2024-06-09,12,0
Embold Apartments,A1,B415,4,1,1,,753,8/16/2026,,12,80%,1523,2.02,1523,2.02,2026-06-09,2026-06-10,2,0
Embold Apartments,A1,D306,3,1,1,,753,8/26/2026,,13,80%,1529,2.03,1529,2.03,2026-06-30,,14,0
Embold Apartments,A1,A115,1,1,1,,753,7/1/2023,500,,80%,1539,2.04,1421,1.89,2023-07-01,2023-07-16,16,16
Embold Apartments,A1,A115,1,1,1,,753,9/6/2025,500,12,80%,1515,2.01,1432,1.9,2025-06-20,2025-09-23,96,18
Embold Apartments,A1,A115,1,1,1,,753,6/23/2026,,13,80%,1537,2.04,1537,2.04,2026-04-08,2026-05-19,42,0
Embold Apartments,A1,C115,1,1,1,,753,10/8/2024,500,12,80%,1465,1.95,1343,1.78,2024-08-02,2025-03-26,237,170
Embold Apartments,A1,C115,1,1,1,,753,5/21/2026,500,13,80%,1554,2.06,1554,2.06,2026-03-24,2026-04-27,35,0
Embold Apartments,A1,B406,4,1,1,,753,10/2/2025,500,12,80%,1490,1.98,1448,1.92,2025-07-24,2025-11-20,120,50
Embold Apartments,A1,B406,4,1,1,,753,6/1/2026,,13,80%,1554,2.06,1554,2.06,2026-04-09,2026-05-02,24,0
Embold Apartments,A1,B112,1,1,1,,753,8/26/2026,,13,80%,1569,2.08,1569,2.08,2026-06-24,,20,0
Embold Apartments,A1,D415,4,1,1,,753,4/14/2025,500,12,80%,1415,1.88,1332,1.77,2025-02-09,2025-06-13,125,61
Embold Apartments,A1,D415,4,1,1,,753,Now,,12,80%,1569,2.08,1569,2.08,2026-05-11,,64,6
Embold Apartments,A1,B102,1,1,1,,753,5/13/2024,500,12,80%,1497,1.99,1497,1.99,2024-03-07,2024-07-17,133,66
Embold Apartments,A1,B102,1,1,1,,753,8/2/2025,500,12,80%,1440,1.91,1357,1.8,2025-05-31,2025-06-24,25,0
Embold Apartments,A1,B102,1,1,1,,753,Now,,12,80%,1569,2.08,1569,2.08,2026-05-28,,47,6
Embold Apartments,A1,D406,4,1,1,,753,Now,500,12,80%,1569,2.08,1569,2.08,2026-01-24,,171,90
Embold Apartments,A1,D102,1,1,1,,753,2/7/2025,500,12,80%,1390,1.85,1307,1.74,2025-01-18,2025-04-24,97,77
Embold Apartments,A1,D102,1,1,1,,753,Now,500,12,80%,1569,2.08,1569,2.08,2026-04-05,,100,43
Embold Apartments,A1,C102,1,1,1,,753,8/10/2026,,13,80%,1596,2.12,1596,2.12,2026-06-20,2026-07-07,18,0
Embold Apartments,A1,B412,4,1,1,,753,8/11/2026,,13,80%,1596,2.12,1596,2.12,2026-06-18,2026-07-07,20,0
Embold Apartments,A2,A212,2,1,1,,753,7/29/2023,500,,60%,1499,1.99,1384,1.84,2023-07-09,2023-07-30,22,2
Embold Apartments,A2,A212,2,1,1,,753,9/14/2024,500,12,60%,1299,1.73,1257,1.67,2024-08-08,2025-01-21,167,130
Embold Apartments,A2,C215,2,1,1,,753,9/7/2023,500,,60%,1499,1.99,1384,1.84,2023-09-07,2023-09-14,8,8
Embold Apartments,A2,C215,2,1,1,,753,9/23/2024,500,12,60%,1349,1.79,1334,1.77,2024-09-10,2024-12-28,110,97
Embold Apartments,A2,A312,3,1,1,,753,10/9/2025,500,12,60%,1365,1.81,1251,1.66,2025-09-19,2026-01-23,127,107
Embold Apartments,A2,C302,3,1,1,,753,6/7/2024,500,12,60%,1534,2.04,1534,2.04,2024-05-06,2024-07-02,58,26
Embold Apartments,A2,C302,3,1,1,,753,7/11/2025,500,12,60%,1475,1.96,1392,1.85,2025-05-03,2025-08-08,98,29
Embold Apartments,A2,C302,3,1,1,,753,12/18/2025,500,12,60%,1370,1.82,1256,1.67,2025-12-17,2026-02-26,72,71
Embold Apartments,A2,D315,3,1,1,,753,8/7/2023,500,,60%,1549,2.06,1430,1.9,2023-07-18,2023-08-19,33,13
Embold Apartments,A2,D315,3,1,1,,753,8/25/2024,500,13,60%,1539,2.04,1539,2.04,2024-06-23,2024-07-28,36,0
Embold Apartments,A2,D315,3,1,1,,753,2/23/2025,500,12,60%,1375,1.83,1292,1.72,2024-12-21,2025-06-24,186,122
Embold Apartments,A2,C202,2,1,1,,753,10/18/2023,500,,60%,1499,1.99,1384,1.84,2023-08-22,2023-09-08,18,0
Embold Apartments,A2,C202,2,1,1,,753,10/26/2024,500,12,60%,1423,1.89,1381,1.83,2024-08-18,2024-10-12,56,0
Embold Apartments,A2,C202,2,1,1,,753,9/28/2025,500,12,60%,1395,1.85,1279,1.7,2025-07-24,2026-01-15,176,110
Embold Apartments,A2,C415,4,1,1,,753,7/5/2025,500,12,60%,1490,1.98,1407,1.87,2025-05-21,2025-08-13,85,40
Embold Apartments,A2,C415,4,1,1,,753,1/29/2026,,12,60%,1410,1.87,1292,1.72,2026-01-21,2026-02-15,26,18
Embold Apartments,A2,D206,2,1,1,,753,2/25/2025,500,12,60%,1425,1.89,1342,1.78,2025-01-25,2025-05-20,116,85
Embold Apartments,A2,D206,2,1,1,,753,9/7/2025,500,12,60%,1425,1.89,1306,1.73,2025-08-20,2025-10-08,50,32
Embold Apartments,A2,C106,1,1,1,,753,1/9/2024,500,,80%,1540,2.05,1540,2.05,2023-11-29,2024-03-03,96,55
Embold Apartments,A2,C106,1,1,1,,753,5/13/2025,500,12,80%,1515,2.01,1432,1.9,2025-03-08,2025-05-14,68,2
Embold Apartments,A2,C106,1,1,1,,753,2/7/2026,,12,80%,1435,1.91,1315,1.75,2026-01-11,2026-02-15,36,9
Embold Apartments,A2,D115,1,1,1,,753,4/21/2025,500,12,80%,1440,1.91,1357,1.8,2025-01-29,2025-06-12,135,53
Embold Apartments,A2,D115,1,1,1,,753,1/14/2026,,12,80%,1435,1.91,1315,1.75,2025-12-21,2026-01-09,20,0
Embold Apartments,A2,D112,1,1,1,,753,3/29/2024,500,12,80%,1526,2.03,1526,2.03,2024-01-21,2024-05-15,116,48
Embold Apartments,A2,D112,1,1,1,,753,10/25/2025,500,12,80%,1440,1.91,1398,1.86,2025-10-07,2025-11-14,39,21
Embold Apartments,A2,D106,1,1,1,,753,3/5/2024,500,,80%,1540,2.05,1540,2.05,2024-01-25,2024-03-15,51,11
Embold Apartments,A2,D106,1,1,1,,753,3/23/2025,500,12,80%,1440,1.91,1357,1.8,2025-01-31,2025-05-24,114,63
Embold Apartments,A2,B306,3,1,1,,753,5/19/2024,500,,80%,1572,2.09,1572,2.09,2024-03-15,2024-05-02,49,0
Embold Apartments,A2,B306,3,1,1,,753,6/13/2025,500,12,80%,1450,1.93,1367,1.82,2025-04-09,2025-07-10,93,28
Embold Apartments,A2,D302,3,1,1,,753,6/5/2025,500,12,80%,1450,1.93,1367,1.82,2025-03-08,2025-07-15,130,41
Embold Apartments,A2,B206,2,1,1,,753,5/14/2024,500,12,80%,1440,1.91,1440,1.91,2024-05-10,2024-05-24,15,11
Embold Apartments,A2,B206,2,1,1,,753,7/9/2025,500,12,80%,1475,1.96,1392,1.85,2025-05-07,2025-07-16,71,8
Embold Apartments,A2,D212,2,1,1,,753,4/19/2025,500,12,80%,1475,1.96,1392,1.85,2025-02-09,2025-05-01,82,13
Embold Apartments,A2,C312,3,1,1,,753,2/21/2024,500,12,80%,1507,2,1507,2,2023-12-17,2024-07-20,217,151
Embold Apartments,A2,C312,3,1,1,,753,7/19/2025,500,12,80%,1475,1.96,1392,1.85,2025-06-11,2025-09-06,88,50
Embold Apartments,A2,A202,2,1,1,,753,7/18/2023,500,,80%,1499,1.99,1384,1.84,2023-07-07,2023-07-27,21,10
Embold Apartments,A2,A202,2,1,1,,753,5/27/2025,500,12,80%,1475,1.96,1392,1.85,2025-03-22,2025-09-11,174,108
Embold Apartments,A2,A206,2,1,1,,753,8/15/2023,500,,80%,1499,1.99,1384,1.84,2023-07-08,2023-07-21,14,0
Embold Apartments,A2,A206,2,1,1,,753,9/19/2025,500,12,80%,1475,1.96,1352,1.8,2025-07-14,2025-10-16,95,28
Embold Apartments,A2,B315,3,1,1,,753,6/17/2023,500,,80%,1549,2.06,1430,1.9,,2023-07-01,,
Embold Apartments,A2,B315,3,1,1,,753,8/16/2024,500,14,80%,1531,2.03,1495,1.99,2024-06-12,2024-09-12,93,28
Embold Apartments,A2,B315,3,1,1,,753,9/27/2025,500,12,80%,1475,1.96,1352,1.8,2025-07-26,2025-10-28,95,32
Embold Apartments,A2,B212,2,1,1,,753,6/17/2023,500,,80%,1499,1.99,1384,1.84,,2023-07-30,,
Embold Apartments,A2,B212,2,1,1,,753,3/13/2024,500,,80%,1500,1.99,1500,1.99,2024-03-10,2024-03-24,15,12
Embold Apartments,A2,B212,2,1,1,,753,5/9/2025,500,12,80%,1475,1.96,1392,1.85,2025-03-04,2025-05-20,78,12
Embold Apartments,A2,B212,2,1,1,,753,1/11/2026,500,12,80%,1475,1.96,1433,1.9,2025-11-14,2025-11-19,6,0
Embold Apartments,A2,A406,4,1,1,,753,8/15/2023,500,,80%,1559,2.07,1439,1.91,2023-07-16,2023-08-07,23,0
Embold Apartments,A2,A406,4,1,1,,753,10/2/2025,500,12,80%,1485,1.97,1361,1.81,2025-07-16,2025-10-24,101,23
Embold Apartments,A2,A415,4,1,1,,753,8/15/2023,500,,80%,1559,2.07,1439,1.91,2023-07-16,2023-07-17,2,0
Embold Apartments,A2,A415,4,1,1,,753,10/23/2024,500,12,80%,1468,1.95,1468,1.95,2024-08-16,2025-01-03,141,73
Embold Apartments,A2,A415,4,1,1,,753,2/19/2026,500,12,80%,1485,1.97,1361,1.81,2025-12-18,2025-12-31,14,0
Embold Apartments,A2,A112,1,1,1,,753,8/10/2024,500,12,80%,1518,2.02,1518,2.02,2024-06-07,2024-06-22,16,0
Embold Apartments,A2,A112,1,1,1,,753,9/19/2025,500,12,80%,1490,1.98,1366,1.81,2025-07-14,2025-10-07,86,19
Embold Apartments,A2,B402,4,1,1,,753,10/7/2025,500,12,80%,1490,1.98,1366,1.81,2025-07-16,2025-10-15,92,9
Embold Apartments,A2,D412,4,1,1,,753,1/13/2024,500,,80%,1589,2.11,1589,2.11,2023-11-15,2023-12-07,23,0
Embold Apartments,A2,D412,4,1,1,,753,7/8/2024,500,12,80%,1574,2.09,1574,2.09,2024-05-24,2024-06-29,37,0
Embold Apartments,A2,D412,4,1,1,,753,8/3/2025,500,12,80%,1490,1.98,1407,1.87,2025-05-29,2025-07-15,48,0
Embold Apartments,A2,C402,4,1,1,,753,7/9/2024,500,12,80%,1561,2.07,1561,2.07,2024-05-06,2024-06-09,35,0
Embold Apartments,A2,C402,4,1,1,,753,7/15/2025,500,12,80%,1490,1.98,1407,1.87,2025-05-08,2025-07-26,80,12
Embold Apartments,A2,A302,3,1,1,,753,8/15/2023,500,,80%,1519,2.02,1402,1.86,2023-07-09,2023-08-18,41,4
Embold Apartments,A2,A302,3,1,1,,753,6/24/2024,500,12,80%,1453,1.93,1453,1.93,2024-05-06,2024-05-18,13,0
Embold Apartments,A2,A302,3,1,1,,753,6/30/2025,500,12,80%,1495,1.99,1412,1.88,2025-04-24,2025-07-09,77,10
Embold Apartments,A2,B215,2,1,1,,753,5/5/2024,500,,80%,1500,1.99,1500,1.99,2024-01-18,2024-03-20,63,0
Embold Apartments,A1,C112,1,1,1,,753,12/1/2023,500,,80%,1540,2.05,1540,2.05,2023-11-17,2024-02-13,89,75
Embold Apartments,A1,C112,1,1,1,,753,5/16/2026,500,3,80%,1510,2.01,1510,2.01,2026-03-01,2026-04-09,40,0
Embold Apartments,A1,B115,1,1,1,,753,5/25/2024,500,12,80%,1511,2.01,1511,2.01,2024-03-24,2024-06-08,77,15
Embold Apartments,A1,B115,1,1,1,,753,6/3/2026,,3,80%,1510,2.01,1510,2.01,2026-04-09,2026-04-14,6,0
Embold Apartments,A2,B106,1,1,1,,753,6/21/2024,500,12,80%,1473,1.96,1473,1.96,2024-05-06,2024-05-20,15,0
Embold Apartments,A2,B106,1,1,1,,753,6/27/2025,500,12,80%,1515,2.01,1432,1.9,2025-04-16,2025-06-11,57,0
Embold Apartments,A2,A106,1,1,1,,753,11/8/2025,500,12,80%,1515,2.01,1432,1.9,2025-09-04,2025-09-22,19,0
Embold Apartments,A2,C412,4,1,1,,753,10/13/2023,500,,80%,1589,2.11,1589,2.11,2023-08-16,2023-12-20,127,69
Embold Apartments,A2,C412,4,1,1,,753,1/4/2026,500,6,80%,1565,2.08,1565,2.08,2025-10-30,2025-11-05,7,0
Embold Apartments,A2,D402,4,1,1,,753,10/24/2023,500,,80%,1589,2.11,1589,2.11,2023-10-24,2023-11-29,37,37
Embold Apartments,B1,D203,2,2,2,,1102,1/21/2025,500,13,80%,1786,1.62,1748,1.59,2024-11-15,2025-01-18,65,0
Embold Apartments,B1,D203,2,2,2,,1102,4/17/2026,500,13,80%,1784,1.62,1784,1.62,2025-11-05,2026-04-29,176,13
Embold Apartments,B1,B303,3,2,2,,1102,6/17/2023,500,,80%,1819,1.65,1819,1.65,,2023-11-01,,
Embold Apartments,B1,B303,3,2,2,,1102,11/13/2024,500,12,80%,1821,1.65,1779,1.61,2024-09-05,2024-10-16,42,0
Embold Apartments,B1,B303,3,2,2,,1102,5/19/2025,500,12,80%,1819,1.65,1736,1.58,2025-03-05,2025-05-08,65,0
Embold Apartments,B1,B303,3,2,2,,1102,5/26/2026,,13,80%,1804,1.64,1804,1.64,2026-04-09,2026-05-11,33,0
Embold Apartments,B1,C303,3,2,2,,1102,11/27/2023,500,,80%,1844,1.67,1844,1.67,2023-10-07,2023-11-08,33,0
Embold Apartments,B1,C303,3,2,2,,1102,7/3/2025,500,12,80%,1844,1.67,1761,1.6,2025-04-30,2025-05-23,24,0
Embold Apartments,B1,C303,3,2,2,,1102,7/7/2026,,12,80%,1849,1.68,1849,1.68,2026-05-11,2026-05-25,15,0
Embold Apartments,B1,A403,4,2,2,,1102,7/7/2024,500,12,80%,1877,1.7,1877,1.7,2024-05-25,2024-07-07,44,1
Embold Apartments,B1,D403,4,2,2,,1102,6/11/2024,500,11,80%,1964,1.78,1964,1.78,2024-05-02,2024-07-24,84,44
Embold Apartments,B1,D403,4,2,2,,1102,7/13/2025,500,12,80%,1859,1.69,1776,1.61,2025-05-08,2025-08-08,93,27
Embold Apartments,B1,D403,4,2,2,,1102,5/14/2026,500,13,80%,1904,1.73,1904,1.73,2026-03-15,2026-06-16,94,34
Embold Apartments,B1,A303,3,2,2,,1102,8/19/2023,500,,80%,1819,1.65,1679,1.52,2023-08-19,2023-08-20,2,2
Embold Apartments,B1,A303,3,2,2,,1102,9/21/2024,500,12,80%,1921,1.74,1921,1.74,2024-07-17,2024-09-24,70,4
Embold Apartments,B1,D303,3,2,2,,1102,8/15/2024,500,11,80%,1985,1.8,1985,1.8,2024-05-29,2024-08-07,71,0
Embold Apartments,B1,B403,4,2,2,,1102,7/22/2023,500,,80%,1859,1.69,1716,1.56,2023-07-22,2023-08-13,23,23
Embold Apartments,B1,B403,4,2,2,,1102,8/24/2024,500,14,80%,1998,1.81,1962,1.78,2024-06-11,2024-08-29,80,6
Embold Apartments,B1,A203,2,2,2,,1102,8/15/2023,500,,80%,1799,1.63,1661,1.51,2023-08-15,2023-08-28,14,14
Embold Apartments,B1,A203,2,2,2,,1102,1/28/2026,,12,80%,1699,1.54,1557,1.41,2026-01-11,2026-02-13,34,17
Embold Apartments,B1,C103,1,2,2,,1102,10/7/2023,500,,80%,1864,1.69,1864,1.69,2023-10-03,2023-11-05,34,30
Embold Apartments,B1,C103,1,2,2,,1102,11/21/2024,500,13,80%,1647,1.49,1614,1.46,2024-09-18,2024-12-24,98,34
Embold Apartments,B1,C103,1,2,2,,1102,2/1/2026,500,12,80%,1764,1.6,1617,1.47,2025-11-21,2026-03-26,126,54
Embold Apartments,B1,B103,1,2,2,,1102,6/21/2023,500,,80%,1839,1.67,1697,1.54,2023-06-21,2023-06-27,7,7
Embold Apartments,B1,B103,1,2,2,,1102,12/16/2023,500,,80%,1839,1.67,1839,1.67,2023-11-02,2023-12-07,36,0
Embold Apartments,B1,B103,1,2,2,,1102,12/22/2024,500,6,80%,1839,1.67,1839,1.67,2024-10-10,2025-02-20,134,61
Embold Apartments,B1,B103,1,2,2,,1102,2/28/2026,500,3,80%,1789,1.62,1789,1.62,2025-12-12,2026-04-12,122,44
Embold Apartments,B1,B203,2,2,2,,1102,6/17/2023,500,,80%,1799,1.63,1661,1.51,,2023-08-02,,
Embold Apartments,B1,B203,2,2,2,,1102,8/25/2025,500,12,80%,1799,1.63,1716,1.56,2025-06-29,2025-08-28,61,4
Embold Apartments,B1,A103,1,2,2,,1102,8/16/2023,500,,80%,1839,1.67,1697,1.54,2023-08-16,2023-08-19,4,4
Embold Apartments,B1,A103,1,2,2,,1102,4/21/2024,500,,80%,1920,1.74,1920,1.74,2024-02-26,2024-03-27,31,0
Embold Apartments,B1,A103,1,2,2,,1102,5/3/2026,,6,80%,1839,1.67,1839,1.67,2026-02-17,2026-03-03,15,0
Embold Apartments,B1,D103,1,2,2,,1102,11/5/2023,500,,80%,1994,1.81,1994,1.81,2023-09-20,2024-05-03,227,181
Embold Apartments,B1,D103,1,2,2,,1102,2/20/2025,500,12,80%,1689,1.53,1606,1.46,2025-02-06,2025-04-15,69,55
Embold Apartments,B1,D103,1,2,2,,1102,5/7/2026,500,3,80%,1839,1.67,1839,1.67,2026-02-17,2026-04-04,47,0
Embold Apartments,B1,C314,3,2,2,,1116,1/15/2025,500,14,60%,1586,1.42,1586,1.42,2024-11-12,2025-01-01,51,0
Embold Apartments,B1,C309,3,2,2,,1116,4/18/2024,500,,80%,1880,1.68,1880,1.68,2024-02-26,2024-03-30,34,0
Embold Apartments,B1,C309,3,2,2,,1116,12/20/2024,500,14,80%,1605,1.44,1605,1.44,2024-10-16,2025-01-03,80,15
Embold Apartments,B1,C210,2,2,2,,1116,12/6/2024,500,13,80%,1721,1.54,1644,1.47,2024-10-04,2024-12-07,65,2
Embold Apartments,B1,C414,4,2,2,,1116,12/9/2024,500,13,80%,1742,1.56,1704,1.53,2024-10-15,2025-01-10,88,33
Embold Apartments,B1,D410,4,2,2,,1116,12/1/2023,500,,80%,1889,1.69,1889,1.69,2023-10-08,2023-11-12,36,0
Embold Apartments,B1,D410,4,2,2,,1116,8/22/2024,500,12,80%,1742,1.56,1742,1.56,2024-06-12,2024-06-14,3,0
Embold Apartments,B1,B408,4,2,2,,1116,7/8/2024,500,12,80%,1742,1.56,1742,1.56,2024-05-06,2024-06-14,40,0
Embold Apartments,B1,D314,3,2,2,,1116,10/9/2024,500,12,80%,1761,1.58,1678,1.5,2024-08-17,2024-10-26,71,18
Embold Apartments,B2,D205,2,2,2,,1116,5/7/2025,500,12,80%,1799,1.61,1649,1.48,2025-02-19,2025-03-22,32,0
Embold Apartments,B2,D205,2,2,2,,1116,5/22/2026,500,13,80%,1799,1.61,1799,1.61,2026-03-15,2026-05-02,49,0
Embold Apartments,B2,D208,2,2,2,,1116,3/7/2024,500,,80%,1829,1.64,1829,1.64,2024-01-05,2024-03-01,57,0
Embold Apartments,B2,D208,2,2,2,,1116,4/15/2026,500,13,80%,1799,1.61,1799,1.61,2026-01-14,2026-05-11,118,27
Embold Apartments,B2,C209,2,2,2,,1116,1/31/2024,500,,80%,1799,1.61,1799,1.61,2023-11-28,2023-12-29,32,0
Embold Apartments,B2,C209,2,2,2,,1116,2/22/2025,500,12,80%,1651,1.48,1609,1.44,2024-12-18,2025-01-12,26,0
Embold Apartments,B2,C209,2,2,2,,1116,4/15/2026,500,13,80%,1799,1.61,1799,1.61,2026-01-08,2026-04-22,105,8
Embold Apartments,B1,D209,2,2,2,,1116,4/9/2024,500,12,80%,1801,1.61,1801,1.61,2024-02-04,2024-05-28,115,50
Embold Apartments,B2,A310,3,2,2,,1116,10/4/2024,500,12,80%,1831,1.64,1789,1.6,2024-08-04,2024-10-10,68,7
Embold Apartments,B2,A310,3,2,2,,1116,4/21/2025,500,6,80%,1819,1.63,1819,1.63,2025-02-20,2025-02-22,3,0
Embold Apartments,B2,A310,3,2,2,,1116,4/20/2026,500,13,80%,1819,1.63,1819,1.63,2026-02-22,2026-05-11,79,22
Embold Apartments,B2,D210,2,2,2,,1116,3/19/2025,500,13,80%,1700,1.52,1662,1.49,2025-01-21,2025-01-23,3,0
Embold Apartments,B2,D210,2,2,2,,1116,4/15/2026,500,13,80%,1819,1.63,1819,1.63,2026-02-04,2026-05-27,113,43
Embold Apartments,B1,B314,3,2,2,,1116,6/27/2023,500,,80%,1844,1.65,1702,1.53,2023-06-27,2023-10-08,104,104
Embold Apartments,B1,B314,3,2,2,,1116,12/4/2024,500,13,80%,1828,1.64,1790,1.6,2024-10-01,2025-01-17,109,45
Embold Apartments,B2,A410,4,2,2,,1116,9/4/2023,500,,80%,1859,1.67,1716,1.54,2023-09-04,2023-09-20,17,17
Embold Apartments,B2,A410,4,2,2,,1116,8/7/2024,500,13,80%,1990,1.78,1990,1.78,2024-05-29,2024-07-31,64,0
Embold Apartments,B2,A410,4,2,2,,1116,2/7/2025,500,12,80%,1760,1.58,1718,1.54,2025-01-17,2025-01-21,5,0
Embold Apartments,B2,A410,4,2,2,,1116,6/12/2026,,13,80%,1859,1.67,1859,1.67,2026-04-14,2026-05-05,22,0
Embold Apartments,B2,D309,3,2,2,,1116,5/6/2024,500,12,80%,1856,1.66,1856,1.66,2024-03-27,2024-07-18,114,74
Embold Apartments,B2,D309,3,2,2,,1116,7/29/2026,,12,80%,1879,1.68,1879,1.68,2026-06-02,2026-06-16,15,0
Embold Apartments,B1,B205,2,2,2,,1116,10/7/2024,500,12,80%,1891,1.69,1891,1.69,2024-07-23,2024-08-03,12,0
Embold Apartments,B2,A110,1,2,2,,1116,8/14/2023,500,,80%,1839,1.65,1697,1.52,2023-08-14,2023-08-16,3,3
Embold Apartments,B2,A110,1,2,2,,1116,5/7/2024,500,,80%,1944,1.74,1944,1.74,2024-04-11,2024-04-30,20,0
Embold Apartments,B2,A110,1,2,2,,1116,6/12/2026,500,13,80%,1899,1.7,1899,1.7,2026-03-13,2026-06-15,95,4
Embold Apartments,B2,A408,4,2,2,,1116,9/3/2024,500,12,80%,1861,1.67,1861,1.67,2024-06-28,2024-07-12,15,0
Embold Apartments,B2,A408,4,2,2,,1116,8/6/2026,,13,80%,1919,1.72,1919,1.72,2026-05-23,2026-06-16,25,0
Embold Apartments,B2,C214,2,2,2,,1116,7/29/2024,500,13,80%,1652,1.48,1652,1.48,2024-05-26,2024-06-14,20,0
Embold Apartments,B2,C214,2,2,2,,1116,4/18/2026,500,13,80%,1920,1.72,1920,1.72,2026-03-11,2026-07-07,119,81
Embold Apartments,B2,B309,3,2,2,,1116,6/19/2023,500,,80%,1819,1.63,1679,1.5,2023-06-19,2023-08-30,73,73
Embold Apartments,B2,B309,3,2,2,,1116,8/1/2024,500,,80%,1797,1.61,1797,1.61,2024-05-10,2024-07-06,58,0
Embold Apartments,B2,B309,3,2,2,,1116,8/7/2025,500,12,80%,1819,1.63,1736,1.56,2025-06-03,2025-06-15,13,0
Embold Apartments,B2,B309,3,2,2,,1116,8/27/2026,,13,80%,1934,1.73,1934,1.73,2026-06-26,2026-06-28,3,0
Embold Apartments,B2,D108,1,2,2,,1116,2/4/2024,500,,80%,1839,1.65,1839,1.65,2023-12-07,2023-12-22,16,0
Embold Apartments,B2,D108,1,2,2,,1116,11/19/2024,500,12,80%,1569,1.41,1556,1.39,2024-09-10,2024-12-29,111,41
Embold Apartments,B2,D108,1,2,2,,1116,8/4/2026,,13,80%,1935,1.73,1935,1.73,2026-06-09,2026-06-22,14,0
Embold Apartments,B2,D110,1,2,2,,1116,12/17/2024,500,13,80%,1721,1.54,1683,1.51,2024-12-10,2025-01-14,36,29
Embold Apartments,B2,D110,1,2,2,,1116,6/15/2026,,13,80%,1960,1.76,1960,1.76,2025-12-26,2026-07-07,194,23
Embold Apartments,B2,B308,3,2,2,,1116,6/30/2026,,13,80%,1970,1.77,1970,1.77,2026-04-28,2026-07-07,71,8
Embold Apartments,B2,B114,1,2,2,,1116,6/17/2023,500,,80%,1864,1.67,1721,1.54,,2023-07-13,,
Embold Apartments,B2,B114,1,2,2,,1116,7/19/2024,500,14,80%,1993,1.79,1957,1.75,2024-05-06,2024-08-17,104,30
Embold Apartments,B2,B114,1,2,2,,1116,8/9/2025,500,12,80%,1864,1.67,1781,1.6,2025-06-11,2025-06-12,2,0
Embold Apartments,B2,B114,1,2,2,,1116,7/23/2026,,13,80%,1985,1.78,1985,1.78,2026-05-30,2026-07-07,39,0
Embold Apartments,B1,D214,2,2,2,,1116,11/7/2024,500,13,80%,1581,1.42,1521,1.36,2024-03-15,2024-12-17,278,41
Embold Apartments,B1,D214,2,2,2,,1116,2/2/2026,500,12,80%,1649,1.48,1512,1.35,2025-10-28,2026-03-26,150,53
Embold Apartments,B1,C114,1,2,2,,1116,12/27/2024,500,12,80%,1764,1.58,1617,1.45,2024-12-04,2025-03-21,108,85
Embold Apartments,B1,C114,1,2,2,,1116,1/15/2026,,12,80%,1689,1.51,1548,1.39,2026-01-14,2026-01-23,10,9
Embold Apartments,B1,D310,3,2,2,,1116,8/27/2024,500,12,80%,1699,1.52,1616,1.45,2024-06-21,2024-11-28,161,94
Embold Apartments,B1,D405,4,2,2,,1116,3/3/2024,500,,80%,1940,1.74,1940,1.74,2023-12-31,2024-01-24,25,0
Embold Apartments,B1,D405,4,2,2,,1116,2/21/2025,500,12,80%,1760,1.58,1718,1.54,2025-01-14,2025-01-18,5,0
Embold Apartments,B1,D405,4,2,2,,1116,12/27/2025,500,12,80%,1759,1.58,1612,1.44,2025-10-22,2026-02-09,111,45
Embold Apartments,B1,C405,4,2,2,,1116,12/13/2023,500,,80%,1859,1.67,1859,1.67,2023-11-01,2023-11-20,20,0
Embold Apartments,B1,C405,4,2,2,,1116,1/20/2025,500,12,80%,1611,1.44,1554,1.39,2024-10-23,2024-12-19,58,0
Embold Apartments,B1,C405,4,2,2,,1116,1/16/2026,500,12,80%,1784,1.6,1635,1.47,2025-12-17,2026-01-28,43,13
Embold Apartments,B2,D409,4,2,2,,1116,11/22/2024,500,14,80%,1646,1.47,1642,1.47,2024-09-12,2024-12-31,111,40
Embold Apartments,B2,D409,4,2,2,,1116,3/7/2026,500,3,80%,1784,1.6,1784,1.6,2025-12-13,2026-04-03,112,28
Embold Apartments,B1,C108,1,2,2,,1116,1/23/2024,500,,80%,1839,1.65,1839,1.65,2023-11-28,2023-12-10,13,0
Embold Apartments,B1,C108,1,2,2,,1116,1/31/2026,500,12,80%,1789,1.6,1640,1.47,2025-12-03,2026-01-11,40,0
Embold Apartments,B1,B208,2,2,2,,1116,6/17/2023,500,,80%,1799,1.61,1661,1.49,,2023-07-07,,
Embold Apartments,B1,B209,2,2,2,,1116,2/6/2024,500,,80%,1880,1.68,1880,1.68,2024-01-05,2024-01-15,11,0
Embold Apartments,B1,B209,2,2,2,,1116,5/12/2025,500,12,80%,1799,1.61,1649,1.48,2025-02-25,2025-03-11,15,0
Embold Apartments,B1,C208,2,2,2,,1116,11/9/2023,500,,80%,1799,1.61,1799,1.61,2023-09-23,2023-11-25,64,17
Embold Apartments,B1,C208,2,2,2,,1116,3/11/2025,500,13,80%,1651,1.48,1613,1.45,2025-01-07,2025-01-11,5,0
Embold Apartments,B1,C208,2,2,2,,1116,4/20/2026,,6,80%,1799,1.61,1799,1.61,2026-02-15,2026-03-06,20,0
Embold Apartments,B1,A209,2,2,2,,1116,9/8/2025,500,12,80%,1799,1.61,1716,1.54,2025-07-08,2025-08-25,49,0
Embold Apartments,B1,B210,2,2,2,,1116,7/11/2023,500,,80%,1799,1.61,1661,1.49,2023-07-11,2023-08-04,25,25
Embold Apartments,B1,B210,2,2,2,,1116,7/23/2025,500,12,80%,1799,1.61,1716,1.54,2025-05-18,2025-06-09,23,0
Embold Apartments,B1,D408,4,2,2,,1116,12/22/2024,500,14,80%,1635,1.47,1612,1.44,2024-10-31,2024-12-26,57,5
Embold Apartments,B1,D408,4,2,2,,1116,3/4/2026,,6,80%,1814,1.63,1814,1.63,2025-12-25,2026-03-10,76,7
Embold Apartments,B1,A309,3,2,2,,1116,8/29/2023,500,,80%,1819,1.63,1679,1.5,2023-08-29,2023-09-30,33,33
Embold Apartments,B1,C305,3,2,2,,1116,4/11/2024,500,,80%,1849,1.66,1849,1.66,2024-02-09,2024-03-13,34,0
Embold Apartments,B1,C305,3,2,2,,1116,8/30/2025,500,12,80%,1819,1.63,1736,1.56,2025-03-09,2025-08-05,150,0
Embold Apartments,B1,B305,3,2,2,,1116,8/1/2023,500,,80%,1819,1.63,1679,1.5,2023-08-01,2023-08-03,3,3
Embold Apartments,B1,D305,3,2,2,,1116,12/3/2024,500,6,80%,1819,1.63,1819,1.63,2024-10-01,2025-02-18,141,78
Embold Apartments,B1,A305,3,2,2,,1116,2/3/2024,500,,80%,1849,1.66,1849,1.66,2024-01-30,2024-03-03,34,30
Embold Apartments,B1,A305,3,2,2,,1116,9/18/2025,500,12,80%,1819,1.63,1736,1.56,2025-08-03,2025-09-19,48,2
Embold Apartments,B1,B214,2,2,2,,1116,6/17/2023,500,,80%,1824,1.63,1684,1.51,,2023-06-18,,
Embold Apartments,B1,B214,2,2,2,,1116,7/5/2024,500,12,80%,1806,1.62,1806,1.62,2024-05-06,2024-06-20,46,0
Embold Apartments,B1,B214,2,2,2,,1116,7/11/2025,500,12,80%,1824,1.63,1741,1.56,2025-05-06,2025-05-27,22,0
Embold Apartments,B1,A214,2,2,2,,1116,8/21/2023,500,,80%,1799,1.61,1661,1.49,2023-08-21,2023-09-07,18,18
Embold Apartments,B1,A214,2,2,2,,1116,2/19/2024,500,,80%,1829,1.64,1829,1.64,2024-02-14,2024-03-29,45,40
Embold Apartments,B1,A314,3,2,2,,1116,8/28/2023,500,,80%,1819,1.63,1679,1.5,2023-08-28,2023-10-05,39,39
Embold Apartments,B1,A314,3,2,2,,1116,4/8/2024,500,,80%,1831,1.64,1831,1.64,2024-04-03,2024-04-25,23,18
Embold Apartments,B1,A108,1,2,2,,1116,8/13/2023,500,,80%,1839,1.65,1697,1.52,2023-08-13,2023-08-14,2,2
Embold Apartments,B1,A108,1,2,2,,1116,10/6/2025,500,12,80%,1839,1.65,1756,1.57,2025-07-27,2025-07-29,3,0
Embold Apartments,B1,D114,1,2,2,,1116,1/7/2026,500,12,80%,1839,1.65,1797,1.61,2025-12-12,2025-12-21,10,0
Embold Apartments,B1,A114,1,2,2,,1116,8/20/2023,500,,80%,1839,1.65,1839,1.65,2023-08-20,2023-11-11,84,84
Embold Apartments,B1,A114,1,2,2,,1116,4/15/2024,500,,80%,1869,1.67,1869,1.67,2024-02-13,2024-03-04,21,0
Embold Apartments,B1,A114,1,2,2,,1116,4/21/2025,500,12,80%,1839,1.65,1756,1.57,2025-03-04,2025-04-23,51,3
Embold Apartments,B1,C308,3,2,2,,1116,4/24/2025,500,12,80%,1849,1.66,1807,1.62,2025-02-25,2025-04-07,42,0
Embold Apartments,B1,C310,3,2,2,,1116,12/7/2024,500,13,80%,1732,1.55,1694,1.52,2024-10-04,2025-01-14,103,39
Embold Apartments,B1,C310,3,2,2,,1116,8/26/2025,500,12,80%,1849,1.66,1766,1.58,2025-06-21,2025-07-19,29,0
Embold Apartments,B1,A405,4,2,2,,1116,8/25/2024,500,14,80%,1932,1.73,1932,1.73,2024-07-10,2024-07-20,11,0
Embold Apartments,B1,A405,4,2,2,,1116,11/28/2025,500,12,80%,1859,1.67,1817,1.63,2025-11-20,2025-12-04,15,7
Embold Apartments,B2,B409,4,2,2,,1116,6/25/2024,500,13,80%,1881,1.69,1881,1.69,2024-05-06,2024-05-17,12,0
Embold Apartments,B2,B409,4,2,2,,1116,4/15/2026,500,3,80%,1859,1.67,1859,1.67,2026-01-29,2026-04-17,79,3
Embold Apartments,B1,B405,4,2,2,,1116,7/1/2024,500,,80%,1827,1.64,1827,1.64,2024-06-22,2024-07-06,15,6
Embold Apartments,B1,B405,4,2,2,,1116,2/6/2025,500,12,80%,1571,1.41,1537,1.38,2024-12-02,2024-12-24,23,0
Embold Apartments,B1,B405,4,2,2,,1116,4/12/2026,,12,80%,1859,1.67,1704,1.53,2026-02-06,2026-03-21,44,0
Embold Apartments,B1,A409,4,2,2,,1116,9/5/2025,500,12,80%,1859,1.67,1776,1.59,2025-06-18,2025-06-29,12,0
Embold Apartments,B1,C409,4,2,2,,1116,1/13/2024,500,,80%,1859,1.67,1859,1.67,2023-11-11,2023-11-15,5,0
Embold Apartments,B1,C409,4,2,2,,1116,10/19/2025,500,12,80%,1859,1.67,1776,1.59,2025-08-14,2025-08-22,9,0
Embold Apartments,B1,C408,4,2,2,,1116,2/4/2024,500,,80%,1889,1.69,1889,1.69,2023-11-18,2023-12-12,25,0
Embold Apartments,B1,C408,4,2,2,,1116,10/17/2025,500,12,80%,1889,1.69,1847,1.66,2025-08-13,2025-11-22,102,37
Embold Apartments,B2,C410,4,2,2,,1116,2/1/2024,500,,80%,1889,1.69,1889,1.69,2023-11-29,2023-12-29,31,0
Embold Apartments,B2,C410,4,2,2,,1116,2/7/2025,500,6,80%,1889,1.69,1889,1.69,2024-12-05,2025-02-09,67,3
Embold Apartments,B2,C410,4,2,2,,1116,4/3/2026,500,3,80%,1889,1.69,1889,1.69,2026-03-07,2026-04-06,31,4
Embold Apartments,B1,D414,4,2,2,,1116,3/28/2024,500,,80%,1940,1.74,1940,1.74,2024-01-12,2024-01-13,2,0
Embold Apartments,B1,B411,4,2,2,,1156,2/7/2025,500,12,80%,1701,1.47,1659,1.44,2024-11-26,2025-01-07,43,0
Embold Apartments,B1,A211,2,2,2,,1156,4/3/2024,500,12,80%,1720,1.49,1720,1.49,2024-03-30,2024-06-13,76,72
Embold Apartments,B1,A411,4,2,2,,1156,8/31/2024,500,13,80%,1946,1.68,1946,1.68,2024-06-23,2024-07-22,30,0
Embold Apartments,B1,C411,4,2,2,,1156,4/19/2026,500,13,80%,1964,1.7,1964,1.7,2026-02-25,2026-06-09,105,52
Embold Apartments,B1,A311,3,2,2,,1156,10/6/2024,500,12,80%,1821,1.58,1738,1.5,2024-08-02,2024-11-06,97,32
Embold Apartments,B1,A311,3,2,2,,1156,4/15/2026,500,13,80%,1990,1.72,1990,1.72,2025-12-26,2026-07-07,194,84
Embold Apartments,B1,D411,4,2,2,,1156,1/29/2026,,12,80%,1730,1.5,1586,1.37,2026-01-09,2026-02-28,51,31
Embold Apartments,B1,C311,3,2,2,,1156,6/21/2024,500,12,80%,1851,1.6,1851,1.6,2024-06-08,2024-06-22,15,2
Embold Apartments,B1,C311,3,2,2,,1156,7/7/2025,500,12,80%,1750,1.51,1667,1.44,2025-05-02,2025-06-28,58,0
Embold Apartments,B1,C211,2,2,2,,1156,8/19/2025,500,12,80%,1880,1.63,1797,1.55,2025-06-13,2025-08-07,56,0
Embold Apartments,B1,C211,2,2,2,,1156,3/23/2026,500,3,80%,1780,1.54,1780,1.54,2026-01-18,2026-04-13,86,22
Embold Apartments,B1,D311,3,2,2,,1156,4/11/2024,500,,80%,1900,1.64,1900,1.64,2024-02-04,2024-03-27,53,0
Embold Apartments,B1,D311,3,2,2,,1156,4/25/2025,500,12,80%,1900,1.64,1858,1.61,2025-02-19,2025-03-29,39,0
Embold Apartments,B1,D311,3,2,2,,1156,9/7/2025,500,12,80%,1825,1.58,1673,1.45,2025-08-29,2025-10-07,40,31
Embold Apartments,B1,B211,2,2,2,,1156,7/18/2023,500,,80%,1799,1.56,1661,1.44,2023-07-18,2023-07-22,5,5
Embold Apartments,B1,B211,2,2,2,,1156,8/7/2024,500,12,80%,1720,1.49,1720,1.49,2024-05-29,2024-06-13,16,0
Embold Apartments,B1,B211,2,2,2,,1156,9/20/2025,500,12,80%,1830,1.58,1747,1.51,2025-08-12,2025-10-06,56,17
Embold Apartments,B1,D211,2,2,2,,1156,4/14/2025,500,12,80%,1880,1.63,1797,1.55,2025-04-08,2025-04-16,9,3
Embold Apartments,B1,B311,3,2,2,,1156,7/7/2023,500,,80%,1819,1.57,1679,1.45,2023-07-07,2023-08-15,40,40
Embold Apartments,B1,B311,3,2,2,,1156,10/11/2025,500,12,80%,1900,1.64,1817,1.57,2025-08-06,2025-08-30,25,0
Embold Apartments,B1,B204,2,2,2,,1250,8/14/2025,500,12,80%,1967,1.57,1884,1.51,2025-06-10,2025-08-10,62,0
Embold Apartments,B1,B204,2,2,2,,1250,6/30/2026,,12,80%,2029,1.62,2029,1.62,2026-04-30,2026-06-08,40,0
Embold Apartments,B1,D204,2,2,2,,1250,11/22/2024,500,13,80%,1824,1.46,1747,1.4,2024-09-19,2024-11-23,66,2
Embold Apartments,B1,D204,2,2,2,,1250,7/6/2025,500,12,80%,1917,1.53,1834,1.47,2025-05-08,2025-05-31,24,0
Embold Apartments,B1,D204,2,2,2,,1250,7/5/2026,,13,80%,2050,1.64,2050,1.64,2026-04-18,2026-07-07,81,3
Embold Apartments,B1,C304,3,2,2,,1250,Now,,13,80%,2099,1.68,2099,1.68,2026-04-28,,77,16
Embold Apartments,B2,D404,4,2,2,,1250,1/19/2026,500,12,80%,1877,1.5,1721,1.38,2025-11-27,2026-03-26,120,67
Embold Apartments,B2,A404,4,2,2,,1250,8/15/2023,500,,80%,1999,1.6,1845,1.48,,2023-10-03,,
Embold Apartments,B2,A404,4,2,2,,1250,10/17/2025,500,12,80%,1877,1.5,1721,1.38,2025-08-15,2025-10-21,68,5
Embold Apartments,B2,D304,3,2,2,,1250,3/14/2026,,12,80%,1887,1.51,1730,1.38,2026-01-11,2026-02-25,46,0
Embold Apartments,B2,C204,2,2,2,,1250,11/15/2023,500,,80%,1914,1.53,1914,1.53,2023-09-14,2023-12-19,97,35
Embold Apartments,B2,A304,3,2,2,,1250,8/15/2023,500,,80%,1959,1.57,1808,1.45,,2023-06-27,,
Embold Apartments,B2,B304,3,2,2,,1250,5/8/2024,500,,80%,1987,1.59,1987,1.59,2024-03-05,2024-03-24,20,0
Embold Apartments,B2,B304,3,2,2,,1250,5/14/2025,500,12,80%,1987,1.59,1821,1.46,2025-03-06,2025-03-09,4,0
Embold Apartments,B2,B404,4,2,2,,1250,5/3/2024,500,,80%,2027,1.62,2027,1.62,2024-02-29,2024-03-13,14,0
Embold Apartments,B2,B404,4,2,2,,1250,4/28/2025,500,12,80%,2027,1.62,1858,1.49,2025-03-14,2025-03-16,3,0
Embold Apartments,C1,B213,2,3,2,,1449,6/17/2023,500,,80%,2220,1.53,2049,1.41,,2023-06-27,,
Embold Apartments,C1,B213,2,3,2,,1449,11/2/2024,500,12,80%,2299,1.59,2257,1.56,2024-08-07,2024-10-11,66,0
Embold Apartments,C1,D213,2,3,2,,1449,9/15/2025,500,12,80%,2203,1.52,2120,1.46,2025-01-31,2025-09-07,220,0
Embold Apartments,C1,D213,2,3,2,,1449,8/9/2026,,13,80%,2325,1.6,2325,1.6,2026-06-13,2026-07-07,25,0
Embold Apartments,C1,C413,4,3,2,,1449,6/17/2023,500,,80%,2305,1.59,2128,1.47,,2023-07-21,,
Embold Apartments,C1,C413,4,3,2,,1449,Now,,12,80%,2358,1.63,2358,1.63,2026-06-13,,31,29
Embold Apartments,C1,B313,3,3,2,,1449,6/19/2026,,12,120%,2423,1.67,2423,1.67,2026-04-11,2026-04-24,14,0
Embold Apartments,C1,C313,3,3,2,,1449,6/17/2023,500,,80%,2265,1.56,2091,1.44,,2023-07-22,,
Embold Apartments,C1,C313,3,3,2,,1449,5/13/2024,500,12,80%,2270,1.57,2270,1.57,2024-05-01,2024-05-19,19,7
Embold Apartments,C1,C313,3,3,2,,1449,2/26/2026,,6,80%,2173,1.5,2173,1.5,2026-01-04,2026-03-03,59,6
Embold Apartments,C1,D413,4,3,2,,1449,6/17/2023,500,,80%,2305,1.59,2128,1.47,,2023-07-27,,
Embold Apartments,C1,D413,4,3,2,,1449,8/4/2024,500,12,80%,2299,1.59,2257,1.56,2024-05-22,2024-08-10,81,7
Embold Apartments,C1,D413,4,3,2,,1449,2/27/2025,500,12,80%,2213,1.53,2029,1.4,2025-02-21,2025-03-25,33,27
Embold Apartments,C1,D413,4,3,2,,1449,9/25/2025,500,12,80%,2213,1.53,2029,1.4,2025-09-11,2025-10-19,39,25
Embold Apartments,C1,D313,3,3,2,,1449,2/24/2024,500,,80%,2265,1.56,2265,1.56,2023-11-29,2023-12-20,22,0
Embold Apartments,C1,C213,2,3,2,,1449,4/6/2024,500,,80%,2278,1.57,2278,1.57,2024-02-02,2024-02-09,8,0
Embold Apartments,C1,C213,2,3,2,,1449,10/2/2025,500,12,80%,2278,1.57,2195,1.51,2025-02-12,2025-09-14,215,0
Embold Apartments,C1,A213,2,3,2,,1449,8/15/2023,500,,80%,2245,1.55,2072,1.43,,2023-10-04,,
Embold Apartments,C1,A213,2,3,2,,1449,10/26/2024,500,13,80%,2239,1.55,2239,1.55,2024-06-06,2024-08-07,63,0
Embold Apartments,C1,A213,2,3,2,,1449,9/14/2025,500,12,80%,2278,1.57,2195,1.51,2025-07-15,2025-08-12,29,0
Embold Apartments,C1,A313,3,3,2,,1449,8/15/2023,500,,80%,2265,1.56,2091,1.44,2023-06-20,2023-08-10,52,0
Embold Apartments,C1,A313,3,3,2,,1449,10/4/2024,500,12,80%,2368,1.63,2326,1.61,2024-07-31,2024-08-23,24,0
Embold Apartments,C1,A313,3,3,2,,1449,10/18/2025,500,12,80%,2298,1.59,2215,1.53,2025-08-13,2025-09-06,25,0
Embold Apartments,C1,B413,4,3,2,,1449,3/14/2025,500,12,80%,2363,1.63,2280,1.57,2025-01-22,2025-04-23,92,41
Embold Apartments,C1,B413,4,3,2,,1449,5/14/2026,,3,80%,2363,1.63,2363,1.63,2026-03-11,2026-04-12,33,0
Aldara Apartments,1 Bed,I204,2,1,1,,868,10/14/2024,,12,60%,1199,1.38,1099,1.27,2024-10-10,2024-11-23,45,41
Aldara Apartments,1 Bed,H208,2,1,1,,868,9/10/2025,,12,60%,1249,1.44,1224,1.41,2025-09-09,2026-01-03,117,116
Aldara Apartments,1 Bed,K308,3,1,1,,868,3/5/2024,500,,60%,1449,1.67,1449,1.67,2024-03-05,2024-04-07,34,34
Aldara Apartments,1 Bed,K308,3,1,1,,868,11/30/2024,,6,60%,1249,1.44,1249,1.44,2024-10-05,2025-04-13,191,135
Aldara Apartments,1 Bed,F101,1,1,1,,868,9/21/2024,,12,60%,1269,1.46,1163,1.34,2024-09-20,2024-12-24,96,95
Aldara Apartments,1 Bed,G305,3,1,1,,868,8/6/2025,,12,60%,1299,1.5,1274,1.47,2025-06-05,2025-11-12,161,99
Aldara Apartments,1 Bed,H301,3,1,1,,868,4/24/2024,500,12,60%,1299,1.5,1191,1.37,2024-04-17,2024-09-10,147,140
Aldara Apartments,1 Bed,E204,2,1,1,,868,9/9/2024,,12,60%,1429,1.65,1310,1.51,2024-09-08,2024-09-18,11,10
Aldara Apartments,1 Bed,E204,2,1,1,,868,8/30/2025,,12,60%,1299,1.5,1274,1.47,2025-08-03,2025-11-29,119,92
Aldara Apartments,1 Bed,H308,3,1,1,,868,9/9/2024,,12,60%,1299,1.5,1191,1.37,2024-09-08,2024-11-19,73,72
Aldara Apartments,1 Bed,F201,2,1,1,,868,9/9/2024,,12,60%,1309,1.51,1200,1.38,2024-09-08,2024-11-14,68,67
Aldara Apartments,1 Bed,K201,2,1,1,,868,6/17/2023,500,,60%,1550,1.79,1550,1.79,,2023-06-21,,
Aldara Apartments,1 Bed,K201,2,1,1,,868,7/6/2024,500,12,60%,1309,1.51,1200,1.38,2024-07-06,2024-12-02,150,150
Aldara Apartments,1 Bed,D201,2,1,1,,868,11/16/2024,,12,60%,1309,1.51,1200,1.38,2024-10-30,2024-12-28,60,43
Aldara Apartments,1 Bed,D201,2,1,1,,868,2/7/2026,,12,60%,1309,1.51,1284,1.48,2025-11-26,2026-01-05,41,0
Aldara Apartments,1 Bed,I305,3,1,1,,868,6/17/2023,500,,60%,1550,1.79,1550,1.79,,2023-07-15,,
Aldara Apartments,1 Bed,I305,3,1,1,,868,9/19/2024,,12,60%,1309,1.51,1200,1.38,2024-09-08,2024-11-16,70,59
Aldara Apartments,1 Bed,K208,2,1,1,,868,11/5/2024,,12,60%,1309,1.51,1200,1.38,2024-09-08,2024-12-16,100,42
Aldara Apartments,1 Bed,K208,2,1,1,,868,1/12/2026,,12,60%,1309,1.51,1208,1.39,2026-01-08,2026-01-18,11,7
Aldara Apartments,1 Bed,G304,3,1,1,,868,8/29/2024,500,12,60%,1319,1.52,1209,1.39,2024-08-29,2024-09-28,31,31
Aldara Apartments,1 Bed,D301,3,1,1,,868,4/20/2025,,6,60%,1349,1.55,1349,1.55,2025-02-18,2025-04-15,57,0
Aldara Apartments,1 Bed,E305,3,1,1,,868,4/9/2025,,6,60%,1349,1.55,1349,1.55,2025-03-20,2025-04-15,27,7
Aldara Apartments,1 Bed,E305,3,1,1,,868,2/18/2026,,12,60%,1349,1.55,1245,1.43,2025-12-16,2026-02-02,49,0
Aldara Apartments,1 Bed,G205,2,1,1,,868,3/5/2024,500,,60%,1550,1.79,1550,1.79,2024-03-05,2024-06-28,116,116
Aldara Apartments,1 Bed,G205,2,1,1,,868,9/5/2025,,6,60%,1349,1.55,1349,1.55,2025-09-04,2025-10-04,31,30
Aldara Apartments,1 Bed,L204,2,1,1,,868,1/5/2025,,6,60%,1379,1.59,1379,1.59,2024-11-02,2025-03-20,139,75
Aldara Apartments,1 Bed,J304,3,1,1,,868,3/5/2024,500,,60%,1419,1.63,1301,1.5,2024-03-05,2024-04-23,50,50
Aldara Apartments,1 Bed,J304,3,1,1,,868,1/26/2025,,6,60%,1399,1.61,1399,1.61,2024-11-23,2025-03-05,103,39
Aldara Apartments,1 Bed,E304,3,1,1,,868,5/31/2025,,6,60%,1399,1.61,1399,1.61,2025-04-17,2025-04-25,9,0
Aldara Apartments,1 Bed,G204,2,1,1,,868,4/25/2026,,6,60%,1399,1.61,1399,1.61,2026-03-06,2026-04-21,47,0
Aldara Apartments,1 Bed,F301,3,1,1,,868,6/4/2024,500,12,60%,1399,1.61,1282,1.48,2024-06-04,2024-09-19,108,108
Aldara Apartments,1 Bed,H201,2,1,1,,868,6/4/2024,500,,60%,1409,1.62,1292,1.49,2024-06-04,2024-08-11,69,69
Aldara Apartments,1 Bed,F208,2,1,1,,868,6/4/2024,500,,60%,1409,1.62,1292,1.49,2024-06-04,2024-08-12,70,70
Aldara Apartments,1 Bed,I205,2,1,1,,868,6/17/2023,500,,60%,1550,1.79,1550,1.79,,2023-06-21,,
Aldara Apartments,1 Bed,I205,2,1,1,,868,8/2/2025,,6,60%,1409,1.62,1409,1.62,2025-05-04,2025-05-11,8,0
Aldara Apartments,1 Bed,C305,3,1,1,,868,6/4/2024,500,,60%,1419,1.63,1301,1.5,2024-06-04,2024-08-20,78,78
Aldara Apartments,1 Bed,I304,3,1,1,,868,6/6/2024,500,12,60%,1419,1.63,1301,1.5,2024-06-06,2024-09-20,107,107
Aldara Apartments,***Pet Friendly & Luxury Living in Saratoga Spr...,J204,2,1,1,,868,3/5/2024,500,,60%,1419,1.63,1301,1.5,2024-03-05,2024-04-17,44,44
Aldara Apartments,1 Bed,J305,3,1,1,,868,6/17/2023,500,,80%,1550,1.79,1550,1.79,,2023-06-21,,
Aldara Apartments,1 Bed,J305,3,1,1,,868,6/29/2025,,6,80%,1429,1.65,1429,1.65,2025-04-26,2025-06-01,37,0
Aldara Apartments,1 Bed,L205,2,1,1,,868,7/8/2026,,12,80%,1429,1.65,1346,1.55,2026-05-05,2026-07-07,64,0
Aldara Apartments,1 Bed,F308,3,1,1,,868,8/15/2026,,6,80%,1479,1.7,1479,1.7,2026-06-13,,31,0
Aldara Apartments,1 Bed,K301,3,1,1,,868,6/27/2025,,6,80%,1550,1.79,1550,1.79,2024-11-06,2025-06-19,226,0
Aldara Apartments,1 Bed,K301,3,1,1,,868,8/29/2026,,6,80%,1499,1.73,1499,1.73,2026-06-30,,14,0
Aldara Apartments,1 Bed,L305,3,1,1,,868,7/30/2025,,6,80%,1529,1.76,1529,1.76,2025-07-17,2025-08-13,28,15
Aldara Apartments,1 Bed,L305,3,1,1,,868,7/4/2026,,12,80%,1499,1.73,1416,1.63,2026-05-11,2026-07-07,58,4
Aldara Apartments,1 Bed,K101,1,1,1,,868,4/19/2025,,6,80%,1499,1.73,1499,1.73,2025-02-19,2025-04-02,43,0
Aldara Apartments,1 Bed,K101,1,1,1,,868,7/19/2025,,6,80%,1499,1.73,1499,1.73,2025-07-08,2025-07-17,10,0
Aldara Apartments,1 Bed,C104,1,1,1,,868,6/4/2024,500,6,80%,1479,1.7,1479,1.7,2024-06-04,2024-09-21,110,110
Aldara Apartments,1 Bed,C104,1,1,1,,868,11/22/2025,,12,80%,1499,1.73,1474,1.7,2025-09-19,2025-12-11,84,20
Aldara Apartments,1 Bed,D101,1,1,1,,868,2/22/2026,,12,80%,1499,1.73,1384,1.59,2025-12-11,2026-02-18,70,0
Aldara Apartments,1 Bed,L104,1,1,1,,868,6/4/2024,500,,80%,1550,1.79,1421,1.64,2024-06-04,2024-07-19,46,46
Aldara Apartments,1 Bed,L104,1,1,1,,868,8/30/2025,,6,80%,1549,1.78,1549,1.78,2025-06-27,2025-08-17,52,0
Aldara Apartments,1 Bed,C204,2,1,1,,868,6/17/2023,500,,80%,1550,1.79,1550,1.79,,2023-06-21,,
Aldara Apartments,1 Bed,C204,2,1,1,,868,6/4/2024,500,,80%,1419,1.63,1301,1.5,2024-06-04,2024-07-18,45,45
Aldara Apartments,1 Bed,C204,2,1,1,,868,11/4/2024,,12,80%,1299,1.5,1191,1.37,2024-10-19,2024-12-26,69,53
Aldara Apartments,1 Bed,C204,2,1,1,,868,2/10/2026,,12,80%,1550,1.79,1431,1.65,2026-02-01,2026-02-12,12,3
Aldara Apartments,1 Bed,C304,3,1,1,,868,7/18/2026,,12,80%,1550,1.79,1467,1.69,2026-05-15,2026-06-11,28,0
Aldara Apartments,1 Bed,H101,1,1,1,,868,9/20/2025,,6,80%,1559,1.8,1559,1.8,2025-07-12,2025-10-07,88,18
Aldara Apartments,2 Bed,L302,3,2,2,,1149,9/9/2024,,12,60%,1339,1.17,1227,1.07,2024-09-08,2024-11-25,79,78
Aldara Apartments,2 Bed,L303,3,2,2,,1149,10/5/2024,,12,60%,1349,1.17,1237,1.08,2024-10-02,2024-11-29,59,56
Aldara Apartments,2 Bed,L303,3,2,2,,1149,1/8/2026,,12,60%,1349,1.17,1324,1.15,2025-11-05,2025-11-09,5,0
Aldara Apartments,2 Bed,J307,3,2,2,,1149,9/16/2025,,6,60%,1399,1.22,1399,1.22,2025-09-10,2025-10-28,49,43
Aldara Apartments,2 Bed,H303,3,2,2,,1149,9/27/2025,,6,60%,1399,1.22,1399,1.22,2025-07-26,2025-10-30,97,34
Aldara Apartments,2 Bed,A305,3,2,2,,1149,7/18/2024,500,12,60%,1429,1.24,1310,1.14,2024-07-18,2024-11-14,120,120
Aldara Apartments,2 Bed,L203,2,2,2,,1149,6/5/2025,,6,60%,1579,1.37,1579,1.37,2025-04-10,2025-07-27,109,53
Aldara Apartments,2 Bed,L203,2,2,2,,1149,12/5/2025,,12,60%,1449,1.26,1337,1.16,2025-12-04,2026-02-22,81,80
Aldara Apartments,2 Bed,A303,3,2,2,,1149,9/11/2024,,12,60%,1449,1.26,1328,1.16,2024-09-08,2024-12-10,94,91
Aldara Apartments,2 Bed,C302,3,2,2,,1149,11/2/2024,,12,60%,1449,1.26,1328,1.16,2024-09-08,2024-12-07,91,36
Aldara Apartments,2 Bed,H307,3,2,2,,1149,10/9/2024,,12,60%,1449,1.26,1328,1.16,2024-10-05,2025-01-09,97,93
Aldara Apartments,2 Bed,D307,3,2,2,,1149,6/7/2025,,6,60%,1679,1.46,1679,1.46,2025-04-09,2025-06-11,64,5
Aldara Apartments,2 Bed,D307,3,2,2,,1149,4/16/2026,,6,60%,1449,1.26,1449,1.26,2026-01-24,2026-05-14,111,29
Aldara Apartments,2 Bed,J203,2,2,2,,1149,5/15/2024,500,,60%,1529,1.33,1402,1.22,2024-05-09,2024-08-15,99,93
Aldara Apartments,2 Bed,J203,2,2,2,,1149,11/1/2025,,12,60%,1449,1.26,1337,1.16,2025-09-26,2026-02-19,147,111
Aldara Apartments,2 Bed,H202,2,2,2,,1149,11/11/2024,,12,60%,1449,1.26,1328,1.16,2024-09-14,2025-01-09,118,60
Aldara Apartments,2 Bed,H202,2,2,2,,1149,3/8/2026,,12,60%,1449,1.26,1424,1.24,2025-12-08,2026-01-08,32,0
Aldara Apartments,2 Bed,I206,2,2,2,,1149,10/9/2024,,12,60%,1449,1.26,1328,1.16,2024-10-05,2024-12-15,72,68
Aldara Apartments,2 Bed,A307,3,2,2,,1149,7/10/2024,500,12,60%,1459,1.27,1337,1.16,2024-07-10,2024-11-15,129,129
Aldara Apartments,2 Bed,E307,3,2,2,,1149,9/9/2024,,6,60%,1459,1.27,1459,1.27,2024-09-08,2024-09-24,17,16
Aldara Apartments,2 Bed,J303,3,2,2,,1149,9/14/2024,,12,60%,1469,1.28,1347,1.17,2024-09-10,2024-11-15,67,63
Aldara Apartments,2 Bed,J303,3,2,2,,1149,8/17/2025,,6,60%,1469,1.28,1469,1.28,2025-08-13,2025-08-20,8,4
Aldara Apartments,2 Bed,A204,2,2,2,,1149,3/5/2024,500,,60%,1599,1.39,1466,1.28,2024-03-05,2024-05-02,59,59
Aldara Apartments,2 Bed,A204,2,2,2,,1149,9/14/2024,,12,60%,1479,1.29,1356,1.18,2024-09-10,2024-11-14,66,62
Aldara Apartments,2 Bed,A204,2,2,2,,1149,5/14/2025,,6,60%,1479,1.29,1479,1.29,2025-05-10,2025-05-11,2,0
Aldara Apartments,2 Bed,A204,2,2,2,,1149,11/11/2025,,12,60%,1499,1.3,1474,1.28,2025-11-07,2025-11-19,13,9
Aldara Apartments,2 Bed,G303,3,2,2,,1149,7/10/2024,500,,60%,1529,1.33,1402,1.22,2024-07-10,2024-09-05,58,58
Aldara Apartments,2 Bed,G303,3,2,2,,1149,12/3/2025,,12,60%,1499,1.3,1384,1.2,2025-10-03,2026-02-18,139,78
Aldara Apartments,2 Bed,D303,3,2,2,,1149,10/13/2024,,12,60%,1499,1.3,1374,1.2,2024-10-09,2025-01-15,99,95
Aldara Apartments,2 Bed,H306,3,2,2,,1149,10/4/2025,,12,60%,1499,1.3,1384,1.2,2025-08-13,2026-01-12,153,101
Aldara Apartments,2 Bed,B307,3,2,2,,1149,11/5/2024,,12,60%,1499,1.3,1374,1.2,2024-10-02,2025-01-12,103,69
Aldara Apartments,2 Bed,C306,3,2,2,,1149,8/30/2024,500,12,60%,1499,1.3,1374,1.2,2024-08-30,2024-11-16,79,79
Aldara Apartments,***Pet Friendly & Luxury Apts just in time for ...,E303,3,2,2,,1149,3/5/2024,500,,60%,1499,1.3,1374,1.2,2024-03-05,2024-04-17,44,44
Aldara Apartments,2 Bed,L207,2,2,2,,1149,5/10/2024,500,,60%,1599,1.39,1599,1.39,2024-05-09,2024-08-08,92,91
Aldara Apartments,2 Bed,L207,2,2,2,,1149,10/6/2025,,12,60%,1499,1.3,1474,1.28,2025-09-10,2025-12-13,95,69
Aldara Apartments,2 Bed,K206,2,2,2,,1149,10/25/2025,,12,60%,1499,1.3,1384,1.2,2025-08-21,2026-01-28,161,96
Aldara Apartments,2 Bed,H206,2,2,2,,1149,12/17/2025,,12,60%,1509,1.31,1484,1.29,2025-10-19,2025-12-28,71,12
Aldara Apartments,2 Bed,H206,2,2,2,,1149,4/22/2026,,6,60%,1509,1.31,1509,1.31,2026-04-02,2026-05-01,30,10
Aldara Apartments,2 Bed,E203,2,2,2,,1149,5/22/2024,500,,60%,1699,1.48,1699,1.48,2024-05-09,2024-06-04,27,14
Aldara Apartments,2 Bed,E203,2,2,2,,1149,7/4/2026,,12,60%,1519,1.32,1436,1.25,2026-05-01,2026-06-26,57,0
Aldara Apartments,2 Bed,F207,2,2,2,,1149,8/16/2024,500,12,60%,1549,1.35,1420,1.24,2024-08-16,2024-10-01,47,47
Aldara Apartments,2 Bed,F207,2,2,2,,1149,5/11/2025,,6,60%,1529,1.33,1529,1.33,2025-05-10,2025-07-23,75,74
Aldara Apartments,2 Bed,F207,2,2,2,,1149,7/4/2026,,12,60%,1519,1.32,1436,1.25,2025-11-30,2026-05-30,182,0
Aldara Apartments,2 Bed,H207,2,2,2,,1149,11/16/2024,,12,60%,1529,1.33,1402,1.22,2024-09-08,2024-12-17,101,32
Aldara Apartments,2 Bed,H207,2,2,2,,1149,1/24/2026,,12,60%,1529,1.33,1411,1.23,2025-11-14,2026-01-09,57,0
Aldara Apartments,2 Bed,E306,3,2,2,,1149,10/14/2024,,12,60%,1399,1.22,1282,1.12,2024-09-08,2024-12-01,85,49
Aldara Apartments,2 Bed,E306,3,2,2,,1149,8/23/2025,,6,60%,1529,1.33,1529,1.33,2025-08-19,2025-08-29,11,7
Aldara Apartments,2 Bed,F307,3,2,2,,1149,6/12/2025,,6,60%,1529,1.33,1529,1.33,2025-04-08,2025-08-18,133,68
Aldara Apartments,2 Bed,K202,2,2,2,,1149,11/19/2024,,12,60%,1529,1.33,1402,1.22,2024-11-15,2025-01-18,65,61
Aldara Apartments,2 Bed,K202,2,2,2,,1149,3/4/2026,,12,60%,1529,1.33,1466,1.28,2025-12-30,2026-03-15,76,12
Aldara Apartments,2 Bed,F202,2,2,2,,1149,11/6/2024,,12,60%,1529,1.33,1402,1.22,2024-09-08,2024-11-19,73,14
Aldara Apartments,2 Bed,F202,2,2,2,,1149,2/7/2026,,12,60%,1529,1.33,1411,1.23,2025-12-02,2026-02-21,82,15
Aldara Apartments,2 Bed,B302,3,2,2,,1149,11/30/2024,,12,60%,1529,1.33,1402,1.22,2024-09-25,2025-01-16,114,48
Aldara Apartments,2 Bed,E206,2,2,2,,1149,3/25/2024,500,,60%,1599,1.39,1466,1.28,2024-03-05,2024-04-27,54,34
Aldara Apartments,2 Bed,E206,2,2,2,,1149,11/16/2024,,6,60%,1549,1.35,1549,1.35,2024-11-11,2025-02-07,89,84
Aldara Apartments,2 Bed,E206,2,2,2,,1149,5/9/2026,,6,60%,1529,1.33,1529,1.33,2026-03-06,2026-05-15,71,7
Aldara Apartments,2 Bed,L307,3,2,2,,1149,12/14/2024,,12,60%,1599,1.39,1466,1.28,2024-10-18,2024-12-04,48,0
Aldara Apartments,2 Bed,L307,3,2,2,,1149,5/3/2025,,6,60%,1599,1.39,1599,1.39,2025-04-01,2025-04-12,12,0
Aldara Apartments,2 Bed,L307,3,2,2,,1149,Now,,6,60%,1529,1.33,1529,1.33,2026-03-22,,114,52
Aldara Apartments,2 Bed,J202,2,2,2,,1149,8/11/2024,500,,60%,1549,1.35,1420,1.24,2024-08-11,2024-08-30,20,20
Aldara Apartments,2 Bed,J202,2,2,2,,1149,10/18/2025,,6,60%,1549,1.35,1549,1.35,2025-08-23,2025-10-10,49,0
Aldara Apartments,2 Bed,B306,3,2,2,,1149,4/17/2024,500,,60%,1619,1.41,1484,1.29,2024-04-17,2024-07-18,93,93
Aldara Apartments,2 Bed,B306,3,2,2,,1149,12/28/2024,,6,60%,1599,1.39,1599,1.39,2024-12-07,2025-02-19,75,54
Aldara Apartments,2 Bed,B306,3,2,2,,1149,5/27/2026,,12,60%,1549,1.35,1466,1.28,2026-03-05,2026-07-01,119,36
Aldara Apartments,2 Bed,A206,2,2,2,,1149,12/25/2024,,6,60%,1649,1.44,1649,1.44,2024-12-20,2025-01-28,40,35
Aldara Apartments,2 Bed,A206,2,2,2,,1149,5/9/2026,,12,60%,1549,1.35,1466,1.28,2026-03-12,2026-05-28,78,20
Aldara Apartments,2 Bed,I207,2,2,2,,1149,6/6/2026,,6,60%,1549,1.35,1549,1.35,2026-01-07,2026-05-04,118,0
Aldara Apartments,2 Bed,F302,3,2,2,,1149,1/12/2025,,6,60%,1549,1.35,1549,1.35,2024-11-12,2025-02-12,93,32
Aldara Apartments,2 Bed,F302,3,2,2,,1149,2/28/2026,,12,60%,1549,1.35,1430,1.24,2025-12-25,2026-02-19,57,0
Aldara Apartments,2 Bed,G206,2,2,2,,1149,11/8/2025,,12,60%,1549,1.35,1524,1.33,2025-09-07,2025-12-02,87,25
Aldara Apartments,2 Bed,F203,2,2,2,,1149,9/9/2024,,6,60%,1399,1.22,1399,1.22,2024-09-08,2024-09-24,17,16
Aldara Apartments,2 Bed,F203,2,2,2,,1149,11/1/2025,,6,60%,1549,1.35,1549,1.35,2025-08-23,2025-09-26,35,0
Aldara Apartments,2 Bed,K303,3,2,2,,1149,6/17/2023,,,60%,1700,1.48,1700,1.48,,2023-06-21,,
Aldara Apartments,2 Bed,K303,3,2,2,,1149,4/23/2024,500,,60%,1599,1.39,1466,1.28,2024-04-23,2024-05-03,11,11
Aldara Apartments,2 Bed,K303,3,2,2,,1149,5/13/2025,,6,60%,1549,1.35,1549,1.35,2025-04-30,2025-07-16,78,65
Aldara Apartments,2 Bed,C203,2,2,2,,1149,9/15/2024,,12,60%,1700,1.48,1558,1.36,2024-09-11,2024-10-03,23,19
Aldara Apartments,2 Bed,C203,2,2,2,,1149,4/14/2025,,6,60%,1549,1.35,1549,1.35,2025-03-12,2025-03-17,6,0
Aldara Apartments,2 Bed,A203,2,2,2,,1149,Now,,6,60%,1579,1.37,1579,1.37,2026-06-03,,41,13
Aldara Apartments,2 Bed,L202,2,2,2,,1149,5/17/2024,500,,60%,1699,1.48,1557,1.36,2024-05-09,2024-05-26,18,10
Aldara Apartments,2 Bed,L202,2,2,2,,1149,6/15/2025,,6,60%,1599,1.39,1599,1.39,2025-04-23,2025-07-11,80,27
Aldara Apartments,2 Bed,L202,2,2,2,,1149,5/23/2026,,12,60%,1579,1.37,1496,1.3,2026-03-19,2026-05-30,73,8
Aldara Apartments,2 Bed,J306,3,2,2,,1149,Now,,6,60%,1579,1.37,1579,1.37,2026-03-26,,110,45
Aldara Apartments,2 Bed,G302,3,2,2,,1149,11/9/2024,,12,60%,1499,1.3,1374,1.2,2024-09-10,2024-12-17,99,39
Aldara Apartments,2 Bed,G302,3,2,2,,1149,1/3/2026,,12,60%,1579,1.37,1554,1.35,2025-11-04,2025-12-03,30,0
Aldara Apartments,2 Bed,G302,3,2,2,,1149,7/25/2026,,12,60%,1579,1.37,1496,1.3,2026-06-27,2026-07-07,11,0
Aldara Apartments,2 Bed,B207,2,2,2,,1149,4/5/2025,,6,60%,1579,1.37,1579,1.37,2025-03-13,2025-04-02,21,0
Aldara Apartments,2 Bed,B207,2,2,2,,1149,5/9/2026,,6,60%,1579,1.37,1579,1.37,2026-03-08,2026-04-15,39,0
Aldara Apartments,2 Bed,B206,2,2,2,,1149,3/5/2024,500,,60%,1559,1.36,1559,1.36,2024-03-05,2024-03-17,13,13
Aldara Apartments,2 Bed,B206,2,2,2,,1149,4/26/2025,,6,60%,1579,1.37,1579,1.37,2025-02-20,2025-03-22,31,0
Aldara Apartments,2 Bed,A302,3,2,2,,1149,9/26/2024,,12,60%,1609,1.4,1475,1.28,2024-09-08,2024-10-13,36,18
Aldara Apartments,2 Bed,A302,3,2,2,,1149,1/10/2026,,12,60%,1579,1.37,1516,1.32,2025-11-04,2026-03-10,127,60
Aldara Apartments,2 Bed,B303,3,2,2,,1149,1/20/2025,,6,60%,1579,1.37,1579,1.37,2025-01-16,2025-04-24,99,95
Aldara Apartments,2 Bed,G203,2,2,2,,1149,1/11/2025,,12,60%,1599,1.39,1466,1.28,2024-11-15,2025-01-26,73,16
Aldara Apartments,2 Bed,D203,2,2,2,,1149,7/10/2024,500,,60%,1599,1.39,1466,1.28,2024-07-10,2024-07-30,21,21
Aldara Apartments,2 Bed,I203,2,2,2,,1149,7/11/2024,500,,60%,1599,1.39,1466,1.28,2024-07-11,2024-07-30,20,20
Aldara Apartments,2 Bed,A207,2,2,2,,1149,5/31/2024,500,,60%,1699,1.48,1699,1.48,2024-05-09,2024-06-04,27,5
Aldara Apartments,2 Bed,A207,2,2,2,,1149,11/1/2024,,12,60%,1299,1.13,1191,1.04,2024-10-31,2024-11-23,24,23
Aldara Apartments,2 Bed,A207,2,2,2,,1149,9/27/2025,,6,60%,1599,1.39,1599,1.39,2025-07-29,2025-09-28,62,2
Aldara Apartments,2 Bed,G202,2,2,2,,1149,9/18/2024,,12,60%,1599,1.39,1466,1.28,2024-09-08,2024-09-12,5,0
Aldara Apartments,2 Bed,K203,2,2,2,,1149,6/21/2025,,6,60%,1599,1.39,1599,1.39,2025-06-17,2025-09-14,90,86
Aldara Apartments,2 Bed,K207,2,2,2,,1149,1/21/2026,,12,60%,1599,1.39,1476,1.28,2025-11-20,2026-02-24,97,35
Aldara Apartments,2 Bed,H203,2,2,2,,1149,7/10/2024,500,,60%,1599,1.39,1466,1.28,2024-07-10,2024-08-11,33,33
Aldara Apartments,2 Bed,A202,2,2,2,,1149,9/23/2024,,12,60%,1599,1.39,1466,1.28,2024-09-08,2024-10-06,29,14
Aldara Apartments,2 Bed,K306,3,2,2,,1149,3/1/2025,,6,60%,1599,1.39,1599,1.39,2025-02-20,2025-05-17,87,78
Aldara Apartments,2 Bed,K306,3,2,2,,1149,5/30/2026,,6,60%,1599,1.39,1599,1.39,2026-04-10,2026-05-15,36,0
Aldara Apartments,2 Bed,G207,2,2,2,,1149,7/10/2024,500,,60%,1599,1.39,1466,1.28,2024-07-10,2024-07-16,7,7
Aldara Apartments,2 Bed,G207,2,2,2,,1149,2/15/2025,,6,60%,1700,1.48,1700,1.48,2025-02-08,2025-02-25,18,11
Aldara Apartments,2 Bed,G207,2,2,2,,1149,6/27/2025,,6,60%,1599,1.39,1599,1.39,2025-06-11,2025-08-14,65,49
Aldara Apartments,2 Bed,G207,2,2,2,,1149,7/18/2026,,12,60%,1599,1.39,1516,1.32,2026-05-13,2026-05-28,16,0
Aldara Apartments,2 Bed,D207,2,2,2,,1149,9/8/2025,,6,80%,1609,1.4,1609,1.4,2025-07-06,2025-08-05,31,0
Aldara Apartments,2 Bed,H302,3,2,2,,1149,9/5/2024,500,12,80%,1619,1.41,1484,1.29,2024-09-05,2024-10-17,43,43
Aldara Apartments,2 Bed,G307,3,2,2,,1149,3/8/2025,,6,80%,1629,1.42,1629,1.42,2025-01-09,2025-03-04,55,0
Aldara Apartments,2 Bed,G307,3,2,2,,1149,6/6/2026,,12,80%,1629,1.42,1546,1.35,2026-02-26,2026-06-15,110,10
Aldara Apartments,2 Bed,L206,2,2,2,,1149,7/12/2025,,6,80%,1629,1.42,1629,1.42,2025-04-22,2025-07-29,99,18
Aldara Apartments,2 Bed,I306,3,2,2,,1149,4/27/2025,,6,80%,1629,1.42,1629,1.42,2025-02-25,2025-06-22,118,57
Aldara Apartments,2 Bed,C307,3,2,2,,1149,Now,,6,80%,1629,1.42,1629,1.42,2026-04-10,,95,31
Aldara Apartments,2 Bed,F206,2,2,2,,1149,4/19/2024,500,,80%,1659,1.44,1521,1.32,2024-04-17,2024-05-07,21,19
Aldara Apartments,2 Bed,F206,2,2,2,,1149,6/4/2025,,6,80%,1629,1.42,1629,1.42,2025-04-03,2025-05-02,30,0
Aldara Apartments,2 Bed,J302,3,2,2,,1149,11/16/2024,,6,80%,1519,1.32,1519,1.32,2024-09-08,2025-02-07,153,84
Aldara Apartments,2 Bed,J302,3,2,2,,1149,5/2/2026,,12,80%,1639,1.43,1576,1.37,2026-03-06,2026-03-15,10,0
Aldara Apartments,2 Bed,K302,3,2,2,,1149,9/9/2024,,12,80%,1459,1.27,1337,1.16,2024-09-08,2024-09-27,20,19
Aldara Apartments,2 Bed,K302,3,2,2,,1149,11/8/2025,,12,80%,1649,1.44,1624,1.41,2025-09-10,2025-11-19,71,12
Aldara Apartments,2 Bed,D306,3,2,2,,1149,5/17/2025,,6,80%,1649,1.44,1649,1.44,2025-03-11,2025-08-08,151,84
Aldara Apartments,2 Bed,A304,3,2,2,,1149,5/24/2025,,6,80%,1649,1.44,1649,1.44,2025-03-01,2025-04-17,48,0
Aldara Apartments,2 Bed,A306,3,2,2,,1149,6/17/2023,,,80%,1700,1.48,1700,1.48,,2023-06-21,,
Aldara Apartments,2 Bed,A306,3,2,2,,1149,5/7/2025,,6,80%,1649,1.44,1649,1.44,2025-02-27,2025-05-28,91,22
Aldara Apartments,2 Bed,I102,1,2,2,,1149,10/5/2024,,12,80%,1659,1.44,1521,1.32,2024-09-08,2024-10-11,34,7
Aldara Apartments,2 Bed,I102,1,2,2,,1149,12/14/2025,,12,80%,1659,1.44,1634,1.42,2025-12-10,2025-12-23,14,10
Aldara Apartments,2 Bed,C303,3,2,2,,1149,2/7/2026,,12,80%,1679,1.46,1616,1.41,2025-11-25,2026-03-06,102,28
Aldara Apartments,2 Bed,I103,1,2,2,,1149,10/5/2024,,12,80%,1700,1.48,1558,1.36,2024-09-08,2024-10-01,24,0
Aldara Apartments,2 Bed,I103,1,2,2,,1149,10/4/2025,,6,80%,1689,1.47,1689,1.47,2025-07-17,2025-11-02,109,30
Aldara Apartments,2 Bed,B102,1,2,2,,1149,6/17/2023,,,80%,1700,1.48,1700,1.48,,2023-06-21,,
Aldara Apartments,2 Bed,B102,1,2,2,,1149,8/15/2026,,12,80%,1699,1.48,1616,1.41,2026-06-27,2026-06-28,2,0
Aldara Apartments,2 Bed,D102,1,2,2,,1149,9/15/2024,,12,80%,1699,1.48,1557,1.36,2024-09-11,2024-11-06,57,53
Aldara Apartments,2 Bed,F102,1,2,2,,1149,3/3/2026,,12,80%,1699,1.48,1568,1.36,2026-01-03,2026-01-11,9,0
Aldara Apartments,2 Bed,K103,1,2,2,,1149,11/18/2025,,6,80%,1699,1.48,1699,1.48,2025-09-14,2025-09-28,15,0
Aldara Apartments,2 Bed,G103,1,2,2,,1149,11/5/2025,,6,80%,1699,1.48,1699,1.48,2025-08-07,2025-08-28,22,0
Aldara Apartments,2 Bed,B203,2,2,2,,1149,7/19/2025,,6,80%,1699,1.48,1699,1.48,2025-05-16,2025-06-26,42,0
Aldara Apartments,2 Bed,E103,1,2,2,,1149,6/17/2023,,,80%,1700,1.48,1700,1.48,,2023-06-21,,
Aldara Apartments,2 Bed,E103,1,2,2,,1149,8/2/2025,,6,80%,1699,1.48,1699,1.48,2025-05-18,2025-06-17,31,0
Aldara Apartments,2 Bed,G102,1,2,2,,1149,12/18/2024,,12,80%,1699,1.48,1557,1.36,2024-12-14,2024-12-31,18,14
Aldara Apartments,2 Bed,G102,1,2,2,,1149,7/20/2025,,6,80%,1699,1.48,1699,1.48,2025-05-17,2025-05-19,3,0
Aldara Apartments,2 Bed,G102,1,2,2,,1149,8/1/2026,,12,80%,1699,1.48,1616,1.41,2026-05-23,2026-06-04,13,0
Aldara Apartments,2 Bed,B308,3,2,2,,1149,6/17/2023,,,80%,1700,1.48,1700,1.48,,2023-06-21,,
Aldara Apartments,2 Bed,B308,3,2,2,,1149,7/18/2026,,12,80%,1699,1.48,1616,1.41,2026-06-27,2026-07-07,11,0
Aldara Apartments,2 Bed,L102,1,2,2,,1149,10/19/2024,,12,80%,1700,1.48,1558,1.36,2024-10-03,2024-10-14,12,0
Aldara Apartments,2 Bed,L102,1,2,2,,1149,10/29/2025,,12,80%,1699,1.48,1674,1.46,2025-08-26,2025-11-30,97,33
Aldara Apartments,2 Bed,B101,1,2,2,,1149,1/28/2026,,12,80%,1699,1.48,1674,1.46,2025-11-26,2025-12-13,18,0
Aldara Apartments,2 Bed,B301,3,2,2,,1149,7/10/2024,500,,80%,1619,1.41,1484,1.29,2024-07-10,2024-07-18,9,9
Aldara Apartments,2 Bed,B301,3,2,2,,1149,2/24/2025,,6,80%,1700,1.48,1700,1.48,2025-02-20,2025-03-04,13,9
Aldara Apartments,Two Bedroom / Two Bath,B202,2,2,2,,1149,6/17/2023,,,80%,1700,1.48,1700,1.48,,2023-07-15,,
Aldara Apartments,2 Bed,I307,3,2,2,,1149,8/27/2025,,6,80%,1700,1.48,1700,1.48,2025-06-05,2025-06-21,17,0
Aldara Apartments,Two Bedroom / Two Bath,A205,2,2,2,,1149,6/17/2023,,,80%,1700,1.48,1700,1.48,,2023-06-21,,
Aldara Apartments,2 Bed,J102,1,2,2,,1149,12/17/2024,,12,80%,1700,1.48,1558,1.36,2024-12-13,2024-12-24,12,8
Aldara Apartments,Two Bedroom / Two Bath,D103,1,2,2,,1149,6/17/2023,,,80%,1700,1.48,1700,1.48,,2023-06-21,,
Aldara Apartments,2 Bed,E207,2,2,2,,1149,4/23/2025,,6,80%,1700,1.48,1700,1.48,2025-02-19,2025-03-05,15,0
Aldara Apartments,2 Bed,A102,1,2,2,,1149,5/17/2025,,6,80%,1729,1.5,1729,1.5,2025-03-16,2025-04-09,25,0
Aldara Apartments,2 Bed,C102,1,2,2,,1149,10/5/2024,,12,80%,1699,1.48,1557,1.36,2024-09-08,2024-11-02,56,29
Aldara Apartments,2 Bed,C102,1,2,2,,1149,5/22/2025,,6,80%,1729,1.5,1729,1.5,2025-05-02,2025-05-08,7,0
Aldara Apartments,2 Bed,C103,1,2,2,,1149,11/17/2024,,12,80%,1699,1.48,1557,1.36,2024-09-14,2024-11-05,53,0
Aldara Apartments,2 Bed,C103,1,2,2,,1149,8/16/2025,,6,80%,1749,1.52,1749,1.52,2025-07-03,2025-08-03,32,0
Aldara Apartments,2 Bed,H102,1,2,2,,1149,9/20/2025,,6,80%,1749,1.52,1749,1.52,2025-06-27,2025-07-22,26,0
Aldara Apartments,2 Bed,B103,1,2,2,,1149,6/17/2023,,,80%,1700,1.48,1700,1.48,,2023-06-21,,
Aldara Apartments,2 Bed,B103,1,2,2,,1149,7/6/2025,,6,80%,1749,1.52,1749,1.52,2025-07-02,2025-07-22,21,17
Aldara Apartments,2 Bed,K102,1,2,2,,1149,4/17/2024,500,,80%,1749,1.52,1603,1.4,2024-04-17,2024-05-25,39,39
Aldara Apartments,2 Bed,K102,1,2,2,,1149,6/4/2025,,6,80%,1769,1.54,1769,1.54,2025-04-01,2025-04-26,26,0
Aldara Apartments,2 Bed,H103,1,2,2,,1149,3/5/2025,,6,80%,1799,1.57,1799,1.57,2025-01-11,2025-02-18,39,0
Aldara Apartments,3 Bed,D304,3,3,2,,1426,6/17/2023,,,60%,2200,1.54,2200,1.54,,2023-07-15,,
Aldara Apartments,3 Bed,D304,3,3,2,,1426,8/28/2024,500,12,60%,1629,1.14,1493,1.05,2024-08-28,2024-12-21,116,116
Aldara Apartments,3 Bed,D304,3,3,2,,1426,7/10/2025,,12,60%,1569,1.1,1544,1.08,2025-07-09,2025-12-20,165,164
Aldara Apartments,3 Bed,A201,2,3,2,,1426,5/31/2024,500,12,60%,1999,1.4,1832,1.28,2024-05-09,2024-09-11,126,104
Aldara Apartments,3 Bed,A201,2,3,2,,1426,10/11/2025,,12,60%,1599,1.12,1476,1.04,2025-09-28,2026-01-21,116,103
Aldara Apartments,3 Bed,A201,2,3,2,,1426,9/12/2026,,6,60%,1599,1.12,1599,1.12,2026-07-12,,2,0
Aldara Apartments,3 Bed,K305,3,3,2,,1426,10/4/2025,,12,60%,1599,1.12,1574,1.1,2025-09-30,2026-01-06,99,95
Aldara Apartments,3 Bed,A301,3,3,2,,1426,7/10/2024,500,,60%,1899,1.33,1741,1.22,2024-07-10,2024-08-10,32,32
Aldara Apartments,3 Bed,A301,3,3,2,,1426,9/13/2025,,12,60%,1599,1.12,1574,1.1,2025-07-10,2026-01-01,176,111
Aldara Apartments,3 Bed,H304,3,3,2,,1426,10/5/2024,,12,60%,1629,1.14,1493,1.05,2024-09-20,2024-12-15,87,72
Aldara Apartments,3 Bed,H304,3,3,2,,1426,6/18/2025,,12,60%,1609,1.13,1584,1.11,2025-06-14,2025-11-19,159,155
Aldara Apartments,3 Bed,J208,2,3,2,,1426,11/16/2024,,12,60%,1649,1.16,1512,1.06,2024-11-11,2025-01-01,52,47
Aldara Apartments,3 Bed,D204,2,3,2,,1426,11/8/2025,,12,60%,1649,1.16,1522,1.07,2025-09-04,2026-01-27,146,81
Aldara Apartments,3 Bed,I308,3,3,2,,1426,10/19/2024,,12,60%,1999,1.4,1832,1.28,2024-10-02,2024-11-07,37,20
Aldara Apartments,3 Bed,I308,3,3,2,,1426,4/15/2026,,6,60%,1649,1.16,1649,1.16,2026-03-08,2026-05-17,71,33
Aldara Apartments,3 Bed,L208,2,3,2,,1426,8/23/2025,,6,60%,1649,1.16,1649,1.16,2025-06-18,2025-10-25,130,64
Aldara Apartments,3 Bed,E201,2,3,2,,1426,4/29/2026,,12,60%,1679,1.18,1596,1.12,2026-02-24,2026-06-24,121,57
Aldara Apartments,3 Bed,H205,2,3,2,,1426,11/12/2025,,12,60%,1689,1.18,1664,1.17,2025-11-04,2025-12-27,54,46
Aldara Apartments,3 Bed,E301,3,3,2,,1426,11/9/2024,,12,60%,1699,1.19,1557,1.09,2024-09-25,2025-01-25,123,78
Aldara Apartments,3 Bed,B304,3,3,2,,1426,12/3/2025,,12,60%,1699,1.19,1568,1.1,2025-10-02,2026-02-03,125,63
Aldara Apartments,3 Bed,F205,2,3,2,,1426,1/25/2026,,12,60%,1699,1.19,1674,1.17,2025-12-04,2025-12-31,28,0
Aldara Apartments,3 Bed,C201,2,3,2,,1426,10/9/2024,500,12,60%,1699,1.19,1557,1.09,2024-09-06,2025-01-01,118,85
Aldara Apartments,3 Bed,H305,3,3,2,,1426,11/9/2024,,12,60%,1709,1.2,1567,1.1,2024-09-08,2025-01-22,137,75
Aldara Apartments,3 Bed,E208,2,3,2,,1426,5/9/2026,,12,60%,1719,1.21,1636,1.15,2026-04-28,2026-05-30,33,22
Aldara Apartments,3 Bed,J201,2,3,2,,1426,12/10/2025,,12,60%,1719,1.21,1587,1.11,2025-10-13,2026-01-26,106,48
Aldara Apartments,3 Bed,L308,3,3,2,,1426,4/24/2024,500,,60%,1849,1.3,1695,1.19,2024-04-17,2024-05-01,15,8
Aldara Apartments,3 Bed,L308,3,3,2,,1426,3/12/2025,,6,60%,1889,1.32,1889,1.32,2025-03-05,2025-05-08,65,58
Aldara Apartments,3 Bed,L308,3,3,2,,1426,Now,,6,60%,1729,1.21,1729,1.21,2026-04-08,,97,45
Aldara Apartments,3 Bed,F204,2,3,2,,1426,9/17/2025,,6,60%,1699,1.19,1699,1.19,2025-09-13,2025-10-18,36,32
Aldara Apartments,3 Bed,F204,2,3,2,,1426,7/4/2026,,12,60%,1729,1.21,1646,1.15,2026-04-30,2026-06-27,59,0
Aldara Apartments,3 Bed,D305,3,3,2,,1426,11/20/2024,,6,60%,1769,1.24,1769,1.24,2024-09-25,2025-02-12,141,85
Aldara Apartments,3 Bed,D305,3,3,2,,1426,3/11/2026,,12,60%,1749,1.23,1614,1.13,2026-01-07,2026-01-29,23,0
Aldara Apartments,3 Bed,H204,2,3,2,,1426,8/27/2024,500,,60%,1819,1.28,1667,1.17,2024-08-27,2024-08-28,2,2
Aldara Apartments,3 Bed,H204,2,3,2,,1426,8/10/2025,,6,60%,1759,1.23,1759,1.23,2025-06-07,2025-08-18,73,9
Aldara Apartments,3 Bed,H204,2,3,2,,1426,9/9/2026,,6,60%,1759,1.23,1759,1.23,2026-07-12,,2,0
Aldara Apartments,3 Bed,G201,2,3,2,,1426,9/5/2025,,6,60%,1759,1.23,1759,1.23,2025-06-24,2025-08-19,57,0
Aldara Apartments,3 Bed,K205,2,3,2,,1426,7/12/2025,,6,60%,1759,1.23,1759,1.23,2025-05-21,2025-08-16,88,36
Aldara Apartments,3 Bed,I201,2,3,2,,1426,9/14/2024,,12,60%,1999,1.4,1832,1.28,2024-09-10,2024-10-27,48,44
Aldara Apartments,3 Bed,I201,2,3,2,,1426,5/23/2026,,12,60%,1759,1.23,1676,1.18,2026-03-18,2026-06-08,83,17
Aldara Apartments,3 Bed,J301,3,3,2,,1426,10/19/2024,500,12,60%,1649,1.16,1512,1.06,2024-08-28,2025-01-05,131,79
Aldara Apartments,3 Bed,J301,3,3,2,,1426,5/26/2025,,6,60%,1759,1.23,1759,1.23,2025-05-10,2025-06-19,41,25
Aldara Apartments,3 Bed,J301,3,3,2,,1426,7/4/2026,,12,60%,1759,1.23,1676,1.18,2026-05-14,2026-07-07,55,4
Aldara Apartments,3 Bed,I208,2,3,2,,1426,12/11/2024,,12,60%,1709,1.2,1567,1.1,2024-10-10,2024-11-19,41,0
Aldara Apartments,3 Bed,I208,2,3,2,,1426,8/5/2025,,6,60%,1799,1.26,1799,1.26,2025-05-16,2025-07-23,69,0
Aldara Apartments,3 Bed,I208,2,3,2,,1426,8/12/2026,,6,60%,1759,1.23,1759,1.23,2026-05-29,,46,0
Aldara Apartments,3 Bed,D205,2,3,2,,1426,4/11/2026,,12,60%,1769,1.24,1706,1.2,2026-02-05,2026-03-08,32,0
Aldara Apartments,3 Bed,B204,2,3,2,,1426,7/10/2024,500,,60%,1699,1.19,1557,1.09,2024-07-10,2024-08-27,49,49
Aldara Apartments,3 Bed,B204,2,3,2,,1426,4/9/2025,,6,60%,1879,1.32,1879,1.32,2025-04-05,2025-04-15,11,7
Aldara Apartments,3 Bed,B204,2,3,2,,1426,5/16/2026,,12,60%,1769,1.24,1686,1.18,2026-03-10,2026-06-15,98,31
Aldara Apartments,3 Bed,G301,3,3,2,,1426,12/29/2024,,6,80%,1809,1.27,1809,1.27,2024-10-26,2025-02-08,106,42
Aldara Apartments,3 Bed,G301,3,3,2,,1426,4/15/2026,,6,80%,1799,1.26,1799,1.26,2025-12-07,2026-04-21,136,7
Aldara Apartments,3 Bed,I301,3,3,2,,1426,7/10/2024,500,6,80%,1799,1.26,1799,1.26,2024-07-10,2024-09-21,74,74
Aldara Apartments,3 Bed,C308,3,3,2,,1426,7/10/2024,500,6,80%,1829,1.28,1829,1.28,2024-07-10,2024-09-25,78,78
Aldara Apartments,3 Bed,G208,2,3,2,,1426,5/17/2025,,6,80%,1829,1.28,1829,1.28,2025-03-12,2025-03-23,12,0
Aldara Apartments,3 Bed,A308,3,3,2,,1426,7/5/2025,,6,80%,1849,1.3,1849,1.3,2025-05-20,2025-06-29,41,0
Aldara Apartments,3 Bed,F305,3,3,2,,1426,9/28/2025,,6,80%,1889,1.32,1889,1.32,2025-07-22,2025-09-26,67,0
Aldara Apartments,3 Bed,I101,1,3,2,,1426,7/10/2024,500,,80%,1949,1.37,1787,1.25,2024-07-10,2024-07-21,12,12
Aldara Apartments,3 Bed,I101,1,3,2,,1426,11/22/2025,,12,80%,1899,1.33,1874,1.31,2025-09-30,2025-12-10,72,19
Aldara Apartments,3 Bed,K104,1,3,2,,1426,7/10/2024,500,,80%,1949,1.37,1787,1.25,2024-07-10,2024-07-18,9,9
Aldara Apartments,3 Bed,K104,1,3,2,,1426,11/16/2024,,12,80%,1999,1.4,1832,1.28,2024-11-12,2024-11-14,3,0
Aldara Apartments,3 Bed,K104,1,3,2,,1426,1/17/2026,,12,80%,1899,1.33,1753,1.23,2025-11-08,2026-01-13,67,0
Aldara Apartments,3 Bed,A101,1,3,2,,1426,3/5/2024,500,,80%,1939,1.36,1777,1.25,2024-03-05,2024-04-17,44,44
Aldara Apartments,3 Bed,A101,1,3,2,,1426,10/29/2024,,12,80%,1999,1.4,1832,1.28,2024-09-26,2024-12-14,80,47
Aldara Apartments,3 Bed,A101,1,3,2,,1426,1/7/2026,,12,80%,1899,1.33,1753,1.23,2025-10-09,2026-01-12,96,6
Aldara Apartments,***Pet Friendly & Luxury Living in Saratoga Spr...,G101,1,3,2,,1426,3/5/2024,500,,80%,1949,1.37,1949,1.37,2024-03-05,2024-03-17,13,13
Aldara Apartments,3 Bed,J101,1,3,2,,1426,7/10/2025,,6,80%,1999,1.4,1999,1.4,2025-07-09,2025-07-11,3,2
Aldara Apartments,3 Bed,B305,3,3,2,,1426,11/2/2024,,12,80%,1999,1.4,1832,1.28,2024-09-08,2024-09-12,5,0
Aldara Apartments,3 Bed,B104,1,3,2,,1426,6/7/2025,,6,80%,2019,1.42,2019,1.42,2025-03-09,2025-04-08,31,0
Aldara Apartments,3 Bed,B104,1,3,2,,1426,6/13/2026,,6,80%,2009,1.41,2009,1.41,2026-04-01,2026-05-27,57,0
Aldara Apartments,3 Bed,H104,1,3,2,,1426,5/10/2025,,6,80%,2059,1.44,2059,1.44,2025-03-04,2025-04-18,46,0
Aldara Apartments,3 Bed,H104,1,3,2,,1426,5/16/2026,,12,80%,2019,1.42,1936,1.36,2026-03-31,2026-06-04,66,20
Aldara Apartments,3 Bed,F304,3,3,2,,1426,9/15/2024,,12,80%,1729,1.21,1585,1.11,2024-09-11,2024-11-20,71,67
Aldara Apartments,3 Bed,F304,3,3,2,,1426,4/21/2025,,6,80%,2100,1.47,2100,1.47,2025-04-08,2025-06-01,55,42
Aldara Apartments,3 Bed,F304,3,3,2,,1426,5/27/2026,,12,80%,2100,1.47,2017,1.41,2026-05-23,2026-06-08,17,13
Aldara Apartments,Three Bedroom / Two Bath,F104,1,3,2,,1426,6/17/2023,,,80%,2200,1.54,2200,1.54,,2023-06-21,,
Terra Vista Lehi,SC,1510,5,1,1,,585,11/15/2023,500,13,60%,1408,2.41,1258,2.15,2023-11-15,2025-07-02,596,596
Terra Vista Lehi,SC,1510,5,1,1,,585,8/21/2026,,12,60%,1372,2.35,1372,2.35,2026-06-18,,26,0
Terra Vista Lehi,SB,1508,5,1,1,,640,11/15/2023,500,14,60%,1312,2.05,1089,1.7,2023-11-15,2026-02-05,814,814
Terra Vista Lehi,SA,4213,2,1,1,,687,8/5/2024,500,12,60%,1363,1.98,1249,1.82,2024-05-06,2025-05-03,363,272
Terra Vista Lehi,SA,4213,2,1,1,,687,8/15/2025,500,15,60%,1272,1.85,1272,1.85,2025-08-10,2025-10-07,59,54
Terra Vista Lehi,SA,3315,3,1,1,,687,5/1/2024,500,15,60%,1329,1.93,1329,1.93,2024-02-23,2024-12-30,312,244
Terra Vista Lehi,SA,3315,3,1,1,,687,4/18/2026,,13,60%,1312,1.91,1110,1.62,2026-02-18,2026-04-01,43,0
Terra Vista Lehi,SA,4415,4,1,1,,687,9/2/2024,500,15,60%,1332,1.94,1332,1.94,2024-05-06,2025-11-24,568,449
Terra Vista Lehi,SA,3413,4,1,1,,687,3/15/2024,500,12,60%,1333,1.94,1069,1.56,2024-01-08,2025-12-11,704,637
Terra Vista Lehi,SA,3415,4,1,1,,687,6/3/2024,500,12,60%,1333,1.94,1069,1.56,2024-05-06,2025-12-16,590,562
Terra Vista Lehi,SA,4215,2,1,1,,687,9/2/2024,500,12,60%,1363,1.98,1249,1.82,2024-05-06,2025-04-19,349,230
Terra Vista Lehi,SA,4215,2,1,1,,687,7/24/2025,500,13,60%,1337,1.95,1194,1.74,2025-07-23,2025-07-26,4,3
Terra Vista Lehi,SA,3215,2,1,1,,687,5/1/2024,500,13,60%,1337,1.95,1234,1.8,2024-03-14,2025-06-01,445,397
Terra Vista Lehi,SA,3213,2,1,1,,687,11/15/2023,500,12,60%,1356,1.97,1243,1.81,2023-11-15,2025-03-18,490,490
Terra Vista Lehi,SA,4413,4,1,1,,687,8/5/2024,500,14,60%,1362,1.98,1362,1.98,2024-05-06,2025-11-02,546,455
Terra Vista Lehi,SA,3313,3,1,1,,687,3/15/2024,500,12,60%,1373,2,1259,1.83,2024-01-06,2024-12-04,334,265
Terra Vista Lehi,SA,1313,3,1,1,,687,11/15/2023,500,12,60%,1402,2.04,1285,1.87,2023-11-15,2024-09-22,313,313
Terra Vista Lehi,SA,1313,3,1,1,,687,4/18/2026,,13,60%,1373,2,1162,1.69,2026-02-18,2026-04-03,45,0
Terra Vista Lehi,SA,4315,3,1,1,,687,9/2/2024,500,13,60%,1413,2.06,1304,1.9,2024-05-06,2025-06-08,399,280
Terra Vista Lehi,SA,4315,3,1,1,,687,9/8/2026,,13,60%,1377,2,1377,2,2026-06-10,,34,0
Terra Vista Lehi,SA,2413,4,1,1,,687,7/1/2024,500,14,60%,1392,2.03,1157,1.68,2024-05-06,2025-12-07,581,525
Terra Vista Lehi,SA,1213,2,1,1,,687,11/15/2023,500,12,60%,1432,2.08,1432,2.08,2023-11-15,2024-05-07,175,175
Terra Vista Lehi,SA,1213,2,1,1,,687,7/16/2025,500,14,60%,1397,2.03,1397,2.03,2025-07-15,2025-08-09,26,25
Terra Vista Lehi,SA,4313,3,1,1,,687,8/5/2024,500,13,60%,1413,2.06,1304,1.9,2024-05-06,2025-06-01,392,301
Terra Vista Lehi,SA,2213,2,1,1,,687,7/1/2024,500,12,60%,1417,2.06,1299,1.89,2024-05-06,2025-03-08,307,251
Terra Vista Lehi,SA,2313,3,1,1,,687,7/1/2024,500,13,80%,1367,1.99,1367,1.99,2024-05-06,2026-01-08,613,557
Terra Vista Lehi,SA,2313,3,1,1,,687,8/4/2026,,12,80%,1437,2.09,1437,2.09,2026-06-04,,40,0
Terra Vista Lehi,SA,3515,5,1,1,,687,5/1/2024,500,12,80%,1479,2.15,1356,1.97,2024-03-17,2024-11-14,243,198
Terra Vista Lehi,SA,3515,5,1,1,,687,Now,500,12,80%,1447,2.11,1206,1.76,2025-09-25,,292,90
Terra Vista Lehi,SA,4513,5,1,1,,687,8/5/2024,500,15,80%,1452,2.11,1452,2.11,2024-05-06,2026-01-21,626,535
Terra Vista Lehi,SA,4515,5,1,1,,687,Now,500,12,80%,1497,2.18,1248,1.82,2024-05-06,,799,90
Terra Vista Lehi,SA,2513,5,1,1,,687,7/1/2024,500,15,80%,1557,2.27,1349,1.96,2024-05-06,2026-03-02,666,610
Terra Vista Lehi,SA,3513,5,1,1,,687,11/16/2023,500,12,80%,1479,2.15,1356,1.97,2023-11-16,2024-11-15,366,366
Terra Vista Lehi,SA,3513,5,1,1,,687,8/30/2025,500,,80%,1680,2.45,1400,2.04,2025-08-29,2026-04-04,219,218
Terra Vista Lehi,SA,1413,4,1,1,,687,11/16/2023,500,12,80%,1494,2.17,1494,2.17,2023-11-16,2024-08-16,275,275
Terra Vista Lehi,SA,1513,5,1,1,,687,4/1/2024,500,12,80%,1512,2.2,1512,2.2,2024-02-19,2024-07-26,159,117
Terra Vista Lehi,1A,3211,2,1,1,,728,9/28/2025,500,13,60%,1374,1.89,1124,1.54,2024-05-06,2025-12-02,576,66
Terra Vista Lehi,1A,1311,3,1,1,,728,11/15/2023,500,15,60%,1422,1.95,1422,1.95,2023-11-15,2024-12-06,388,388
Terra Vista Lehi,1A,4410,4,1,1,,728,8/5/2024,500,14,60%,1424,1.96,1185,1.63,2024-05-06,2025-12-29,603,512
Terra Vista Lehi,1A,4310,3,1,1,,728,8/5/2024,500,13,80%,1435,1.97,1282,1.76,2024-05-06,2025-08-14,466,375
Terra Vista Lehi,1A,2310,3,1,1,,728,7/1/2024,500,13,80%,1435,1.97,1282,1.76,2024-05-06,2025-09-18,501,445
Terra Vista Lehi,1A,1211,2,1,1,,728,11/15/2023,500,12,80%,1438,1.98,1318,1.81,2023-11-15,2024-10-22,343,343
Terra Vista Lehi,1A,4210,2,1,1,,728,8/5/2024,500,13,80%,1459,2,1459,2,2024-05-06,2026-03-11,675,584
Terra Vista Lehi,1A,4317,3,1,1,,728,9/2/2024,500,12,80%,1474,2.02,1187,1.63,2024-05-06,2025-12-27,601,482
Terra Vista Lehi,1A,3510,5,1,1,,728,4/1/2024,500,13,80%,1488,2.04,1374,1.89,2024-02-17,2024-10-12,239,195
Terra Vista Lehi,1A,1411,4,1,1,,728,11/15/2023,500,12,80%,1493,2.05,1369,1.88,2023-11-15,2024-10-01,322,322
Terra Vista Lehi,1A,3411,4,1,1,,728,4/1/2024,500,12,80%,1543,2.12,1414,1.94,2024-02-16,2025-01-30,350,305
Terra Vista Lehi,1A,3411,4,1,1,,728,2/4/2026,,14,80%,1525,2.09,1307,1.8,2025-12-30,2026-03-15,76,40
Terra Vista Lehi,1A,4411,4,1,1,,728,8/5/2024,500,14,80%,1525,2.09,1307,1.8,2024-05-06,2026-03-19,683,592
Terra Vista Lehi,1A,1514,5,1,1,,728,4/1/2024,500,12,80%,1528,2.1,1528,2.1,2024-02-21,2024-09-13,206,166
Terra Vista Lehi,1A,1412,4,1,1,,728,12/21/2023,500,12,80%,1493,2.05,1369,1.88,2023-12-21,2025-03-22,458,458
Terra Vista Lehi,1A,1412,4,1,1,,728,4/15/2026,,,80%,1540,2.12,1283,1.76,2026-01-13,2026-07-03,172,80
Terra Vista Lehi,1A,2210,2,1,1,,728,7/1/2024,500,12,80%,1520,2.09,1393,1.91,2024-05-06,2025-06-19,410,354
Terra Vista Lehi,1A,2210,2,1,1,,728,11/24/2025,500,,80%,1583,2.17,1319,1.81,2025-11-18,2026-03-16,119,113
Terra Vista Lehi,1A,4516,5,1,1,,728,9/2/2024,500,13,80%,1796,2.47,1520,2.09,2024-05-06,2026-04-10,705,586
Terra Vista Lehi,1A,1312,3,1,1,,728,2/15/2024,500,12,60%,1498,2.06,1498,2.06,2024-01-06,2024-05-24,140,100
Terra Vista Lehi,1A,1312,3,1,1,,728,11/13/2024,500,12,60%,1349,1.85,1082,1.49,2024-11-12,2025-12-07,391,390
Terra Vista Lehi,1A,3217,2,1,1,,728,6/3/2024,500,12,60%,1374,1.89,1103,1.52,2024-05-06,2025-12-04,578,550
Terra Vista Lehi,1A,3317,3,1,1,,728,6/3/2024,500,12,60%,1435,1.97,1315,1.81,2024-05-06,2025-06-08,399,371
Terra Vista Lehi,1A,3317,3,1,1,,728,6/16/2026,,12,60%,1395,1.92,1395,1.92,2026-04-10,2026-05-07,28,0
Terra Vista Lehi,1A,4416,4,1,1,,728,9/2/2024,500,12,60%,1399,1.92,1124,1.54,2024-05-06,2025-12-16,590,471
Terra Vista Lehi,1A,3410,4,1,1,,728,4/1/2024,500,12,60%,1463,2.01,1341,1.84,2024-02-16,2025-03-07,386,341
Terra Vista Lehi,1A,3410,4,1,1,,728,9/29/2025,500,12,60%,1399,1.92,1124,1.54,2025-09-10,2025-12-14,96,77
Terra Vista Lehi,1A,4316,3,1,1,,728,9/2/2024,500,13,80%,1435,1.97,1282,1.76,2024-05-06,2025-06-29,420,301
Terra Vista Lehi,1A,4211,2,1,1,,728,8/5/2024,500,12,80%,1438,1.98,1318,1.81,2024-05-06,2025-03-22,321,230
Terra Vista Lehi,1A,3310,3,1,1,,728,4/1/2024,500,12,80%,1463,2.01,1341,1.84,2024-02-17,2025-04-16,425,381
Terra Vista Lehi,1A,4510,5,1,1,,728,8/5/2024,500,12,80%,1469,2.02,1182,1.62,2024-05-06,2025-12-16,590,499
Terra Vista Lehi,1A,2410,4,1,1,,728,7/1/2024,500,13,80%,1485,2.04,1327,1.82,2024-05-06,2025-08-08,460,404
Terra Vista Lehi,1A,4217,2,1,1,,728,9/2/2024,500,13,80%,1488,2.04,1374,1.89,2024-05-06,2025-03-27,326,207
Terra Vista Lehi,1A,4217,2,1,1,,728,8/24/2026,,12,80%,1485,2.04,1485,2.04,2026-05-13,,62,0
Terra Vista Lehi,1A,4221,2,1,1,,728,9/2/2024,500,12,80%,1488,2.04,1364,1.87,2024-05-06,2025-04-06,336,217
Terra Vista Lehi,1A,2311,3,1,1,,728,7/1/2024,500,12,80%,1493,2.05,1369,1.88,2024-05-06,2025-03-06,305,249
Terra Vista Lehi,1A,3416,4,1,1,,728,6/3/2024,500,13,80%,1515,2.08,1354,1.86,2024-05-06,2025-07-15,436,408
Terra Vista Lehi,1A,4216,2,1,1,,728,Now,500,12,80%,1520,2.09,1267,1.74,2024-05-06,,799,90
Terra Vista Lehi,1A,3516,5,1,1,,728,6/3/2024,500,12,80%,1543,2.12,1414,1.94,2024-05-06,2025-01-17,257,229
Terra Vista Lehi,1A,3210,2,1,1,,728,5/26/2024,500,13,80%,1498,2.06,1383,1.9,2024-05-06,2024-10-22,170,150
Terra Vista Lehi,1A,3210,2,1,1,,728,Now,,12,80%,1545,2.12,1288,1.77,2026-05-31,,44,10
Terra Vista Lehi,1A,1212,2,1,1,,728,11/15/2023,500,12,80%,1498,2.06,1373,1.89,2023-11-15,2024-09-21,312,312
Terra Vista Lehi,1A,1212,2,1,1,,728,10/7/2026,,12,80%,1545,2.12,1545,2.12,2026-06-18,,26,0
Terra Vista Lehi,1A,4311,3,1,1,,728,8/5/2024,500,12,80%,1493,2.05,1369,1.88,2024-05-06,2025-03-01,300,209
Terra Vista Lehi,1A,4311,3,1,1,,728,6/18/2026,,12,80%,1560,2.14,1300,1.79,2026-04-26,2026-07-07,73,20
Terra Vista Lehi,1A,3216,2,1,1,,728,6/3/2024,500,13,80%,1464,2.01,1464,2.01,2024-05-06,2025-11-22,566,538
Terra Vista Lehi,1A,3216,2,1,1,,728,Now,,12,80%,1575,2.16,1312,1.8,2026-04-08,,97,35
Terra Vista Lehi,1A,2510,5,1,1,,728,Now,500,12,80%,1580,2.17,1317,1.81,2024-05-06,,799,90
Terra Vista Lehi,1A,3511,5,1,1,,728,4/1/2024,500,12,80%,1593,2.19,1593,2.19,2024-02-17,2024-12-25,313,269
Terra Vista Lehi,1A,2511,5,1,1,,728,7/1/2024,500,12,80%,1593,2.19,1460,2.01,2024-05-06,2025-01-14,254,198
Terra Vista Lehi,1A,3417,4,1,1,,728,6/3/2024,500,12,80%,1563,2.15,1433,1.97,2024-05-06,2025-03-23,322,294
Terra Vista Lehi,1A,3417,4,1,1,,728,Now,,12,80%,1610,2.21,1342,1.84,2026-01-31,,164,90
Terra Vista Lehi,1A,4517,5,1,1,,728,9/2/2024,500,12,80%,1620,2.23,1620,2.23,2024-05-06,2025-10-15,528,409
Terra Vista Lehi,1A,4511,5,1,1,,728,4/15/2026,500,12,80%,1680,2.31,1400,1.92,2024-05-06,2026-06-28,784,75
Terra Vista Lehi,1A,3517,5,1,1,,728,6/3/2024,500,12,80%,1518,2.09,1518,2.09,2024-05-06,2024-12-11,220,192
Terra Vista Lehi,1A,3517,5,1,1,,728,Now,500,12,80%,1680,2.31,1400,1.92,2025-10-02,,285,90
Terra Vista Lehi,1A,4521,5,1,1,,728,9/2/2024,500,12,80%,1683,2.31,1543,2.12,2024-05-06,2025-04-22,352,233
Terra Vista Lehi,1A,1511,5,1,1,,728,2/15/2024,500,,80%,1685,2.31,1685,2.31,2024-01-11,2024-01-20,10,0
Terra Vista Lehi,1A,2211,2,1,1,,728,7/1/2024,500,12,80%,1438,1.98,1318,1.81,2024-05-06,2025-01-22,262,206
Terra Vista Lehi,1A,2211,2,1,1,,728,6/3/2026,,12,80%,1704,2.34,1420,1.95,2026-02-17,2026-05-16,89,0
Terra Vista Lehi,1A,3316,3,1,1,,728,6/3/2024,500,12,80%,1443,1.98,1323,1.82,2024-05-06,2025-01-13,253,225
Terra Vista Lehi,1A,3316,3,1,1,,728,5/19/2026,,12,80%,1710,2.35,1425,1.96,2026-03-05,2026-05-13,70,0
Terra Vista Lehi,1A,3311,3,1,1,,728,4/1/2024,500,12,80%,1457,2,1336,1.84,2024-02-17,2025-05-03,442,398
Terra Vista Lehi,1A,3311,3,1,1,,728,5/20/2026,,12,80%,1716,2.36,1430,1.96,2026-03-12,2026-06-01,82,13
Terra Vista Lehi,1A,4417,4,1,1,,728,4/15/2026,500,12,80%,1854,2.55,1545,2.12,2024-05-06,2026-05-16,741,32
Terra Vista Lehi,1A,2411,4,1,1,,728,4/15/2026,500,12,80%,1854,2.55,1545,2.12,2024-05-06,2026-05-19,744,35
Terra Vista Lehi,1B,4223,2,1,1,,795,9/2/2024,500,12,80%,1460,1.84,1460,1.84,2024-05-06,2025-07-27,448,329
Terra Vista Lehi,1B,1207,2,1,1,,795,2/15/2024,500,12,80%,1565,1.97,1565,1.97,2024-01-06,2024-08-07,215,175
Terra Vista Lehi,1B,1207,2,1,1,,795,10/8/2025,500,13,80%,1464,1.84,1464,1.84,2025-08-27,2025-11-21,87,45
Terra Vista Lehi,1B,3223,2,1,1,,795,6/3/2024,500,12,80%,1524,1.92,1524,1.92,2024-05-06,2025-07-28,449,421
Terra Vista Lehi,1B,4321,3,1,1,,795,9/2/2024,500,12,80%,1535,1.93,1535,1.93,2024-05-06,2025-08-13,465,346
Terra Vista Lehi,1B,4309,3,1,1,,795,8/5/2024,500,12,80%,1539,1.94,1241,1.56,2024-05-06,2025-12-19,593,502
Terra Vista Lehi,1B,2409,4,1,1,,795,7/1/2024,500,12,80%,1589,2,1282,1.61,2024-05-06,2025-12-21,595,539
Terra Vista Lehi,1B,1405,4,1,1,,795,11/16/2023,500,12,80%,1620,2.04,1620,2.04,2023-11-16,2024-08-08,267,267
Terra Vista Lehi,1B,1405,4,1,1,,795,8/7/2025,500,12,80%,1592,2,1327,1.67,2025-07-31,2026-02-20,205,198
Terra Vista Lehi,1B,4523,5,1,1,,795,9/2/2024,500,13,80%,1594,2.01,1594,2.01,2024-05-06,2026-03-11,675,556
Terra Vista Lehi,1B,1409,4,1,1,,795,12/24/2023,500,13,80%,1620,2.04,1620,2.04,2023-12-24,2024-06-28,188,188
Terra Vista Lehi,1B,1309,3,1,1,,795,11/15/2023,500,12,80%,1623,2.04,1488,1.87,2023-11-15,2024-11-22,374,374
Terra Vista Lehi,1B,2309,3,1,1,,795,7/1/2024,500,13,80%,1624,2.04,1451,1.83,2024-05-06,2025-09-17,500,444
Terra Vista Lehi,,1B,,1,1,,795,3/1/2024,500,,80%,1640,2.06,1640,2.06,2024-01-24,2024-01-25,2,0
Terra Vista Lehi,1B,4507,5,1,1,,795,8/5/2024,500,13,80%,1659,2.09,1365,1.72,2024-05-06,2026-01-14,619,528
Terra Vista Lehi,1B,1507,5,1,1,,795,2/15/2024,500,12,80%,1660,2.09,1660,2.09,2024-01-12,2024-05-16,126,92
Terra Vista Lehi,1B,2509,5,1,1,,795,7/1/2024,500,12,80%,1645,2.07,1645,2.07,2024-05-06,2024-09-01,119,63
Terra Vista Lehi,1B,2509,5,1,1,,795,4/25/2025,500,14,80%,1667,2.1,1429,1.8,2025-04-24,2026-03-15,326,325
Terra Vista Lehi,1B,3507,5,1,1,,795,4/1/2024,500,13,80%,1645,2.07,1645,2.07,2024-02-19,2024-07-10,143,101
Terra Vista Lehi,1B,3507,5,1,1,,795,9/15/2025,500,12,80%,1677,2.11,1398,1.76,2025-09-14,2026-02-25,165,164
Terra Vista Lehi,1B,3519,5,1,1,,795,6/3/2024,500,12,80%,1790,2.25,1641,2.06,2024-05-06,2025-02-20,291,263
Terra Vista Lehi,1B,3519,5,1,1,,795,3/8/2026,,13,80%,1677,2.11,1419,1.78,2026-01-22,2026-03-05,43,0
Terra Vista Lehi,1B,4509,5,1,1,,795,8/5/2024,500,14,80%,1717,2.16,1472,1.85,2024-05-06,2026-03-17,681,590
Terra Vista Lehi,1B,3505,5,1,1,,795,4/1/2024,500,12,80%,1790,2.25,1641,2.06,2024-02-19,2025-02-05,353,311
Terra Vista Lehi,1B,3505,5,1,1,,795,2/20/2026,500,14,80%,1722,2.17,1476,1.86,2025-12-12,2026-03-24,103,33
Terra Vista Lehi,1B,4405,4,1,1,,795,8/5/2024,500,,80%,1755,2.21,1462,1.84,2024-05-06,2026-03-04,668,577
Terra Vista Lehi,1B,2405,4,1,1,,795,7/1/2024,500,,80%,1800,2.26,1500,1.89,2024-05-06,2026-03-21,685,629
Terra Vista Lehi,1B,3209,2,1,1,,795,5/26/2024,500,12,80%,1524,1.92,1397,1.76,2024-05-06,2025-06-21,412,392
Terra Vista Lehi,1B,3209,2,1,1,,795,1/21/2026,,13,80%,1828,2.3,1547,1.95,2026-01-13,2026-04-10,88,80
Terra Vista Lehi,1B,4505,5,1,1,,795,4/15/2026,500,13,120%,2059,2.59,1742,2.19,2024-05-06,2026-04-29,724,15
Terra Vista Lehi,1B,4519,5,1,1,,795,9/2/2024,500,13,120%,2059,2.59,1742,2.19,2024-05-06,2026-04-11,706,587
Terra Vista Lehi,1B,1305,3,1,1,,795,2/15/2024,500,12,80%,1590,2,1590,2,2024-01-06,2024-08-27,235,195
Terra Vista Lehi,1B,1305,3,1,1,,795,8/15/2025,500,12,80%,1439,1.81,1439,1.81,2025-08-10,2025-10-10,62,57
Terra Vista Lehi,1B,1205,2,1,1,,795,2/15/2024,500,12,80%,1615,2.03,1615,2.03,2024-01-06,2024-09-04,243,203
Terra Vista Lehi,1B,1205,2,1,1,,795,9/7/2025,500,13,80%,1549,1.95,1384,1.74,2025-08-03,2025-08-05,3,0
Terra Vista Lehi,1B,1205,2,1,1,,795,1/9/2026,500,12,80%,1467,1.85,1222,1.54,2025-11-18,2026-02-19,94,42
Terra Vista Lehi,1B,4423,4,1,1,,795,9/2/2024,500,12,80%,1499,1.89,1208,1.52,2024-05-06,2025-12-03,577,458
Terra Vista Lehi,1B,3323,3,1,1,,795,6/3/2024,500,13,80%,1499,1.89,1339,1.68,2024-05-06,2025-07-06,427,399
Terra Vista Lehi,1B,3305,3,1,1,,795,4/1/2024,500,13,80%,1499,1.89,1339,1.68,2024-02-18,2025-07-03,502,459
Terra Vista Lehi,1B,3307,3,1,1,,795,5/26/2024,500,12,80%,1499,1.89,1374,1.73,2024-05-06,2025-06-20,411,391
Terra Vista Lehi,1B,3319,3,1,1,,795,6/3/2024,500,13,80%,1499,1.89,1339,1.68,2024-05-06,2025-07-26,447,419
Terra Vista Lehi,1B,3309,3,1,1,,795,5/26/2024,500,13,80%,1499,1.89,1339,1.68,2024-05-06,2025-06-30,421,401
Terra Vista Lehi,1B,4205,2,1,1,,795,8/5/2024,500,12,80%,1584,1.99,1452,1.83,2024-05-06,2025-05-10,370,279
Terra Vista Lehi,1B,4205,2,1,1,,795,11/14/2025,500,12,80%,1504,1.89,1504,1.89,2025-09-10,2025-10-05,26,0
Terra Vista Lehi,1B,2207,2,1,1,,795,7/1/2024,500,13,80%,1524,1.92,1362,1.71,2024-05-06,2025-06-24,415,359
Terra Vista Lehi,1B,3207,2,1,1,,795,5/26/2024,500,12,80%,1524,1.92,1397,1.76,2024-05-06,2025-06-12,403,383
Terra Vista Lehi,1B,2209,2,1,1,,795,7/1/2024,500,13,80%,1524,1.92,1362,1.71,2024-05-06,2025-07-19,440,384
Terra Vista Lehi,1B,4219,2,1,1,,795,9/2/2024,500,13,80%,1524,1.92,1362,1.71,2024-05-06,2025-07-17,438,319
Terra Vista Lehi,1B,4207,2,1,1,,795,8/5/2024,500,13,80%,1524,1.92,1362,1.71,2024-05-06,2025-07-06,427,336
Terra Vista Lehi,1B,4307,3,1,1,,795,8/5/2024,500,12,80%,1539,1.94,1539,1.94,2024-05-06,2025-10-29,542,451
Terra Vista Lehi,1B,2307,3,1,1,,795,7/1/2024,500,12,80%,1539,1.94,1539,1.94,2024-05-06,2025-10-15,528,472
Terra Vista Lehi,1B,4305,3,1,1,,795,8/5/2024,500,12,80%,1542,1.94,1243,1.56,2024-05-06,2026-02-12,648,557
Terra Vista Lehi,1B,3321,3,1,1,,795,6/3/2024,500,13,80%,1499,1.89,1339,1.68,2024-05-06,2025-06-24,415,387
Terra Vista Lehi,1B,3321,3,1,1,,795,8/9/2026,,12,80%,1547,1.95,1547,1.95,2026-05-28,,47,0
Terra Vista Lehi,1B,3221,2,1,1,,795,6/3/2024,500,13,80%,1549,1.95,1384,1.74,2024-05-06,2025-08-01,453,425
Terra Vista Lehi,1B,4421,4,1,1,,795,9/2/2024,500,12,80%,1550,1.95,1550,1.95,2024-05-06,2025-10-10,523,404
Terra Vista Lehi,1B,4323,3,1,1,,795,9/2/2024,500,12,80%,1535,1.93,1535,1.93,2024-05-06,2025-08-24,476,357
Terra Vista Lehi,1B,4323,3,1,1,,795,10/2/2026,,12,80%,1560,1.96,1560,1.96,2026-06-30,,14,0
Terra Vista Lehi,1B,4209,2,1,1,,795,8/5/2024,500,13,80%,1524,1.92,1362,1.71,2024-05-06,2025-07-19,440,349
Terra Vista Lehi,1B,4209,2,1,1,,795,8/28/2026,,12,80%,1572,1.98,1572,1.98,2026-06-09,,35,0
Terra Vista Lehi,1B,3219,2,1,1,,795,6/3/2024,500,13,80%,1524,1.92,1362,1.71,2024-05-06,2025-07-15,436,408
Terra Vista Lehi,1B,3219,2,1,1,,795,8/7/2026,,12,80%,1572,1.98,1572,1.98,2026-06-09,,35,0
Terra Vista Lehi,1B,1209,2,1,1,,795,2/15/2024,500,12,80%,1615,2.03,1615,2.03,2024-01-06,2024-09-11,250,210
Terra Vista Lehi,1B,1209,2,1,1,,795,9/19/2026,,12,80%,1572,1.98,1572,1.98,2026-07-12,,2,0
Terra Vista Lehi,1B,4407,4,1,1,,795,8/5/2024,500,12,80%,1589,2,1344,1.69,2024-05-06,2025-11-19,563,472
Terra Vista Lehi,1B,4409,4,1,1,,795,8/5/2024,500,12,80%,1589,2,1344,1.69,2024-05-06,2025-11-10,554,463
Terra Vista Lehi,1B,4419,4,1,1,,795,9/2/2024,500,12,80%,1592,2,1327,1.67,2024-05-06,2026-02-19,655,536
Terra Vista Lehi,1B,4319,3,1,1,,795,9/2/2024,500,,80%,1599,2.01,1466,1.84,2024-05-06,2025-05-23,383,264
Terra Vista Lehi,1B,4319,3,1,1,,795,3/27/2026,,13,80%,1557,1.96,1317,1.66,2026-01-21,2026-03-05,44,0
Terra Vista Lehi,1B,4319,3,1,1,,795,9/27/2026,,12,80%,1647,2.07,1647,2.07,2026-06-25,,19,0
Terra Vista Lehi,1B,3421,4,1,1,,795,Now,500,12,80%,1647,2.07,1372,1.73,2024-05-06,,799,90
Terra Vista Lehi,1B,3409,4,1,1,,795,Now,500,12,80%,1647,2.07,1372,1.73,2024-02-19,,876,90
Terra Vista Lehi,1B,1407,4,1,1,,795,2/15/2024,500,12,80%,1620,2.04,1620,2.04,2024-01-11,2024-08-01,204,169
Terra Vista Lehi,1B,1407,4,1,1,,795,Now,500,12,80%,1647,2.07,1372,1.73,2025-07-19,,360,90
Terra Vista Lehi,1B,3405,4,1,1,,795,Now,500,12,80%,1647,2.07,1372,1.73,2024-05-06,,799,90
Terra Vista Lehi,1B,3423,4,1,1,,795,Now,500,12,80%,1647,2.07,1372,1.73,2024-05-06,,799,90
Terra Vista Lehi,1B,3407,4,1,1,,795,Now,500,12,80%,1647,2.07,1372,1.73,2024-02-19,,876,90
Terra Vista Lehi,1B,3419,4,1,1,,795,6/3/2024,500,13,80%,1649,2.07,1473,1.85,2024-05-06,2025-07-17,438,410
Terra Vista Lehi,1B,1505,5,1,1,,795,3/1/2024,500,,80%,1745,2.19,1745,2.19,2024-01-25,2024-04-01,68,32
Terra Vista Lehi,1B,1505,5,1,1,,795,9/26/2025,500,12,80%,1659,2.09,1659,2.09,2025-09-25,2025-10-11,17,16
Terra Vista Lehi,1B,2407,4,1,1,,795,7/1/2024,500,13,80%,1674,2.11,1496,1.88,2024-05-06,2025-08-07,459,403
Terra Vista Lehi,1B,2305,3,1,1,,795,9/30/2024,500,12,80%,1690,2.13,1549,1.95,2024-07-06,2025-02-21,231,145
Terra Vista Lehi,1B,1509,5,1,1,,795,3/1/2024,500,,80%,1745,2.19,1745,2.19,2024-01-29,2024-02-07,10,0
Terra Vista Lehi,1B,3521,5,1,1,,795,6/3/2024,500,12,80%,1790,2.25,1641,2.06,2024-05-06,2025-02-12,283,255
Terra Vista Lehi,1B,3521,5,1,1,,795,Now,,12,80%,1767,2.22,1472,1.85,2026-01-13,,182,90
Terra Vista Lehi,1B,3509,5,1,1,,795,Now,500,12,80%,1767,2.22,1472,1.85,2024-02-19,,876,90
Terra Vista Lehi,1B,3523,5,1,1,,795,6/3/2024,500,12,80%,1790,2.25,1641,2.06,2024-05-06,2025-02-27,298,270
Terra Vista Lehi,1B,2507,5,1,1,,795,7/1/2024,500,12,80%,1790,2.25,1641,2.06,2024-05-06,2025-02-05,276,220
Terra Vista Lehi,1B,1307,3,1,1,,795,1/7/2024,500,12,80%,1540,1.94,1540,1.94,2024-01-07,2024-06-20,166,166
Terra Vista Lehi,1B,1307,3,1,1,,795,10/3/2024,500,12,80%,1610,2.03,1476,1.86,2024-09-28,2024-09-30,3,0
Terra Vista Lehi,1B,1307,3,1,1,,795,10/23/2025,500,13,80%,1524,1.92,1362,1.71,2025-08-19,2025-09-03,16,0
Terra Vista Lehi,1B,1307,3,1,1,,795,4/20/2026,,12,80%,1826,2.3,1522,1.91,2026-04-17,2026-05-06,20,17
Terra Vista Lehi,1B,2205,2,1,1,,795,9/30/2024,500,12,80%,1635,2.06,1499,1.89,2024-05-06,2025-02-07,278,131
Terra Vista Lehi,1B,2205,2,1,1,,795,6/7/2026,,12,80%,1856,2.33,1547,1.95,2026-01-08,2026-05-19,132,0
Terra Vista Lehi,1B,3205,2,1,1,,795,4/1/2024,500,12,80%,1635,2.06,1499,1.89,2024-02-18,2025-02-12,361,318
Terra Vista Lehi,1B,3205,2,1,1,,795,4/22/2026,,12,80%,1856,2.33,1547,1.95,2026-02-17,2026-05-16,89,25
Terra Vista Lehi,1B,2505,5,1,1,,795,7/1/2024,500,12,120%,1871,2.35,1715,2.16,2024-05-06,2025-04-02,332,276
Terra Vista Lehi,1B,2505,5,1,1,,795,4/15/2026,,12,120%,2090,2.63,1742,2.19,2026-03-05,2026-05-06,63,22
Terra Vista Lehi,1B Deluxe,3203,2,1,1,,844,11/15/2023,500,14,80%,1574,1.86,1349,1.6,2023-11-15,2026-03-27,864,864
Terra Vista Lehi,1B Deluxe,3303,3,1,1,,844,11/15/2023,500,12,80%,1574,1.86,1574,1.86,2023-11-15,2025-08-30,655,655
Terra Vista Lehi,1B Deluxe,4203,2,1,1,,844,8/5/2024,500,13,80%,1599,1.89,1429,1.69,2024-05-06,2025-09-15,498,407
Terra Vista Lehi,1B Deluxe,3425,4,1,1,,844,4/15/2026,500,,80%,1649,1.95,1374,1.63,2024-01-06,2026-07-03,910,80
Terra Vista Lehi,1B Deluxe,4503,5,1,1,,844,8/5/2024,500,12,80%,1764,2.09,1428,1.69,2024-05-06,2025-12-09,583,492
Terra Vista Lehi,1B Deluxe,4225,2,1,1,,844,9/2/2024,500,13,80%,1624,1.92,1451,1.72,2024-05-06,2025-07-21,442,323
Terra Vista Lehi,1B Deluxe,4225,2,1,1,,844,3/1/2026,,13,80%,1860,2.2,1574,1.86,2026-01-21,2026-04-10,80,41
Terra Vista Lehi,1B Deluxe,3225,2,1,1,,844,4/15/2024,500,12,80%,1569,1.86,1266,1.5,2024-01-14,2025-11-27,684,592
Terra Vista Lehi,1B Deluxe,2203,2,1,1,,844,7/1/2024,500,12,80%,1656,1.96,1518,1.8,2024-05-06,2025-04-29,359,303
Terra Vista Lehi,1B Deluxe,2203,2,1,1,,844,8/18/2026,,12,80%,1574,1.86,1574,1.86,2026-06-25,,19,0
Terra Vista Lehi,1B Deluxe,4325,3,1,1,,844,9/2/2024,500,12,80%,1644,1.95,1328,1.57,2024-05-06,2026-02-03,639,520
Terra Vista Lehi,1B Deluxe,3325,3,1,1,,844,4/15/2024,500,12,80%,1649,1.95,1512,1.79,2024-01-07,2025-02-08,399,300
Terra Vista Lehi,1B Deluxe,4303,3,1,1,,844,8/5/2024,500,13,80%,1699,2.01,1518,1.8,2024-05-06,2025-07-11,432,341
Terra Vista Lehi,1B Deluxe,4303,3,1,1,,844,6/5/2026,,12,80%,1649,1.95,1374,1.63,2026-05-30,2026-07-02,34,28
Terra Vista Lehi,1B Deluxe,3403,4,1,1,,844,11/15/2023,500,13,80%,1729,2.05,1596,1.89,2023-11-15,2024-10-21,342,342
Terra Vista Lehi,1B Deluxe,3403,4,1,1,,844,Now,500,12,80%,1649,1.95,1374,1.63,2025-12-11,,215,90
Terra Vista Lehi,1B Deluxe,4403,4,1,1,,844,8/5/2024,500,14,80%,1749,2.07,1749,2.07,2024-05-06,2025-08-15,467,376
Terra Vista Lehi,1B Deluxe,4403,4,1,1,,844,9/21/2026,,12,80%,1699,2.01,1699,2.01,2026-06-18,,26,0
Terra Vista Lehi,1B Deluxe,4425,4,1,1,,844,4/15/2026,500,12,80%,1699,2.01,1416,1.68,2024-05-06,2026-07-07,793,84
Terra Vista Lehi,1B Deluxe,2303,3,1,1,,844,7/1/2024,500,12,80%,1729,2.05,1585,1.88,2024-05-06,2025-03-03,302,246
Terra Vista Lehi,1B Deluxe,2403,4,1,1,,844,7/1/2024,500,13,80%,1749,2.07,1563,1.85,2024-05-06,2025-07-31,452,396
Terra Vista Lehi,1B Deluxe,3503,5,1,1,,844,Now,500,12,80%,1769,2.1,1474,1.75,2023-12-21,,936,90
Terra Vista Lehi,1B Deluxe,3525,5,1,1,,844,4/15/2024,500,12,80%,1829,2.17,1677,1.99,2024-01-10,2025-01-30,387,291
Terra Vista Lehi,1B Deluxe,3525,5,1,1,,844,Now,,12,80%,1769,2.1,1474,1.75,2026-01-01,,194,90
Terra Vista Lehi,1B Deluxe,2503,5,1,1,,844,7/1/2024,500,12,80%,1829,2.17,1677,1.99,2024-05-06,2025-03-04,303,247
Terra Vista Lehi,1B Deluxe,4525,5,1,1,,844,4/15/2026,500,12,120%,2123,2.52,1769,2.1,2024-05-06,2026-06-02,758,49
Terra Vista Lehi,2x1A,3312,3,2,1,,892,11/15/2023,500,13,60%,1514,1.7,1514,1.7,2023-11-15,2025-10-10,696,696
Terra Vista Lehi,2x1A,4314,3,2,1,,892,9/2/2024,500,12,60%,1514,1.7,1220,1.37,2024-05-06,2025-12-24,598,479
Terra Vista Lehi,2x1A,3414,4,2,1,,892,6/3/2024,500,13,60%,1594,1.79,1594,1.79,2024-05-06,2026-01-21,626,598
Terra Vista Lehi,2x1A,3514,5,2,1,,892,6/3/2024,500,13,80%,1764,1.98,1628,1.83,2024-05-06,2024-10-20,168,140
Terra Vista Lehi,2x1A,3514,5,2,1,,892,2/14/2025,500,13,80%,1664,1.87,1370,1.54,2025-02-13,2026-01-23,345,344
Terra Vista Lehi,2x1A,4214,2,2,1,,892,Now,500,12,80%,1669,1.87,1391,1.56,2024-05-06,,799,90
Terra Vista Lehi,2x1A,1302,3,2,1,,892,11/15/2023,500,12,80%,1784,2,1784,2,2023-11-15,2024-05-14,182,182
Terra Vista Lehi,2x1A,1302,3,2,1,,892,8/15/2026,,13,80%,1669,1.87,1669,1.87,2026-05-23,,52,0
Terra Vista Lehi,2x1A,3314,3,2,1,,892,5/1/2024,500,,80%,1697,1.9,1414,1.59,2024-02-20,2026-03-31,771,700
Terra Vista Lehi,2x1A,2212,2,2,1,,892,Now,500,12,80%,1729,1.94,1441,1.62,2024-05-06,,799,90
Terra Vista Lehi,2x1A,1202,2,2,1,,892,Now,500,12,80%,1729,1.94,1441,1.62,2023-11-19,,968,75
Terra Vista Lehi,2x1A,4212,2,2,1,,892,4/15/2026,500,12,80%,1979,2.22,1649,1.85,2024-05-06,2026-05-27,752,43
Terra Vista Lehi,2x1A,2412,4,2,1,,892,4/15/2026,500,12,80%,2039,2.29,1699,1.9,2024-05-06,2026-05-21,746,37
Terra Vista Lehi,2x1A,4414,4,2,1,,892,4/15/2026,500,,80%,2096,2.35,1747,1.96,2024-05-06,2026-05-11,736,27
Terra Vista Lehi,2x1A,1402,4,2,1,,892,12/23/2023,500,12,80%,1779,1.99,1631,1.83,2023-12-23,2024-10-01,284,284
Terra Vista Lehi,2x1A,1402,4,2,1,,892,4/15/2026,500,13,80%,2067,2.32,1749,1.96,2025-08-19,2026-06-05,291,52
Terra Vista Lehi,2x1A,4312,3,2,1,,892,8/5/2024,500,12,60%,1514,1.7,1514,1.7,2024-05-06,2025-10-10,523,432
Terra Vista Lehi,2x1A,2312,3,2,1,,892,7/1/2024,500,12,60%,1574,1.76,1270,1.42,2024-05-06,2025-12-05,579,523
Terra Vista Lehi,2x1A,4512,5,2,1,,892,8/5/2024,500,12,80%,1639,1.84,1366,1.53,2024-05-06,2026-04-08,703,612
Terra Vista Lehi,2x1A,3512,5,2,1,,892,10/13/2025,500,12,80%,1639,1.84,1366,1.53,2024-01-12,2026-03-28,807,167
Terra Vista Lehi,2x1A,1502,5,2,1,,892,11/16/2023,500,12,80%,1674,1.88,1395,1.56,2023-11-16,2026-02-28,836,836
Terra Vista Lehi,2x1A,2512,5,2,1,,892,7/1/2024,500,12,80%,1694,1.9,1694,1.9,2024-05-06,2025-10-15,528,472
Terra Vista Lehi,2x1A,3212,2,2,1,,892,3/15/2024,500,12,80%,1738,1.95,1593,1.79,2024-01-08,2025-03-01,419,352
Terra Vista Lehi,2x1A,3212,2,2,1,,892,4/15/2026,,12,80%,1694,1.9,1412,1.58,2026-02-11,2026-07-07,147,84
Terra Vista Lehi,2x1A,3412,4,2,1,,892,4/15/2026,500,12,80%,1883,2.11,1569,1.76,2024-01-09,2026-04-19,832,5
Terra Vista Lehi,2x1A,4412,4,2,1,,892,4/15/2026,500,12,80%,1919,2.15,1599,1.79,2024-05-06,2026-05-05,730,21
Terra Vista Lehi,2x1A,3214,2,2,1,,892,4/15/2026,500,12,80%,1931,2.16,1609,1.8,2024-05-06,2026-04-17,712,3
Terra Vista Lehi,2x1A,4514,5,2,1,,892,4/15/2026,500,12,80%,1967,2.21,1639,1.84,2024-05-06,2026-04-15,710,1
Terra Vista Lehi,2B,1503,5,2,2,,1001,12/21/2023,500,12,80%,1888,1.89,1888,1.89,2023-12-21,2024-09-15,270,270
Terra Vista Lehi,2B,1503,5,2,2,,1001,5/10/2025,500,12,80%,1814,1.81,1663,1.66,2025-05-01,2025-06-11,42,33
Terra Vista Lehi,2B,1203,2,2,2,,1001,11/15/2023,500,13,80%,1884,1.88,1884,1.88,2023-11-15,2024-06-26,225,225
Terra Vista Lehi,2B,1203,2,2,2,,1001,8/1/2025,500,13,80%,1674,1.67,1496,1.49,2025-07-31,2025-09-08,40,39
Terra Vista Lehi,2B,1403,4,2,2,,1001,11/15/2023,500,12,80%,1863,1.86,1863,1.86,2023-11-15,2024-09-17,308,308
Terra Vista Lehi,2B,1403,4,2,2,,1001,9/29/2025,500,12,80%,1734,1.73,1403,1.4,2025-08-22,2026-02-12,175,137
Terra Vista Lehi,2B,1303,3,2,2,,1001,11/15/2023,500,12,80%,1884,1.88,1884,1.88,2023-11-15,2024-06-05,204,204
Terra Vista Lehi,2A,1306,3,2,2,,1087,2/15/2024,500,12,80%,1848,1.7,1694,1.56,2024-01-19,2024-11-02,289,262
Terra Vista Lehi,2A,1306,3,2,2,,1087,2/24/2025,500,12,80%,1658,1.53,1520,1.4,2025-02-23,2025-06-20,118,117
Terra Vista Lehi,2A,1306,3,2,2,,1087,6/23/2026,,,80%,1639,1.51,1366,1.26,2026-06-18,2026-07-03,16,11
Terra Vista Lehi,2A,4304,3,2,2,,1087,8/5/2024,500,12,80%,1658,1.53,1520,1.4,2024-05-06,2025-05-06,366,275
Terra Vista Lehi,2A,1310,3,2,2,,1087,2/15/2024,500,12,80%,1863,1.71,1708,1.57,2024-01-12,2024-11-22,316,282
Terra Vista Lehi,2A,1310,3,2,2,,1087,4/9/2025,500,12,80%,1658,1.53,1520,1.4,2025-04-08,2025-05-05,28,27
Terra Vista Lehi,2A,2308,3,2,2,,1087,7/1/2024,500,12,80%,1658,1.53,1520,1.4,2024-05-06,2025-05-01,361,305
Terra Vista Lehi,2A,1304,3,2,2,,1087,11/15/2023,500,12,80%,1658,1.53,1520,1.4,2023-11-15,2025-06-14,578,578
Terra Vista Lehi,2A,3308,3,2,2,,1087,5/26/2024,500,12,80%,1658,1.53,1520,1.4,2024-05-06,2025-06-21,412,392
Terra Vista Lehi,2A,4308,3,2,2,,1087,8/5/2024,500,13,80%,1657,1.52,1480,1.36,2024-05-06,2025-06-25,416,325
Terra Vista Lehi,2A,3318,3,2,2,,1087,6/3/2024,500,12,80%,1688,1.55,1547,1.42,2024-05-06,2025-06-03,394,366
Terra Vista Lehi,2A,3322,3,2,2,,1087,6/3/2024,500,12,80%,1688,1.55,1547,1.42,2024-05-06,2025-06-03,394,366
Terra Vista Lehi,2A,4404,4,2,2,,1087,4/15/2026,500,13,80%,1689,1.55,1429,1.31,2024-05-06,2026-06-27,783,74
Terra Vista Lehi,2A,4318,3,2,2,,1087,9/2/2024,500,13,80%,1697,1.56,1516,1.39,2024-05-06,2025-07-02,423,304
Terra Vista Lehi,2A,4218,2,2,2,,1087,Now,500,12,80%,1699,1.56,1416,1.3,2024-05-06,,799,90
Terra Vista Lehi,2A,3204,2,2,2,,1087,Now,500,12,80%,1699,1.56,1416,1.3,2024-02-18,,877,90
Terra Vista Lehi,2A,4208,2,2,2,,1087,Now,500,12,80%,1699,1.56,1416,1.3,2024-05-06,,799,90
Terra Vista Lehi,2A,4222,2,2,2,,1087,Now,500,12,80%,1699,1.56,1416,1.3,2024-05-06,,799,90
Terra Vista Lehi,2A,3404,4,2,2,,1087,4/1/2024,500,13,80%,1699,1.56,1699,1.56,2024-02-16,2026-03-11,755,710
Terra Vista Lehi,2A,2504,5,2,2,,1087,7/1/2024,500,13,80%,1719,1.58,1719,1.58,2024-05-06,2026-03-11,675,619
Terra Vista Lehi,2A,1206,2,2,2,,1087,2/15/2024,500,13,80%,1798,1.65,1606,1.48,2024-01-06,2025-07-17,559,519
Terra Vista Lehi,2A,1206,2,2,2,,1087,Now,,12,80%,1724,1.59,1437,1.32,2026-05-13,,62,59
Terra Vista Lehi,2A,3222,2,2,2,,1087,Now,500,12,80%,1729,1.59,1441,1.33,2024-05-06,,799,90
Terra Vista Lehi,2A,3218,2,2,2,,1087,Now,500,12,80%,1729,1.59,1441,1.33,2024-05-06,,799,90
Terra Vista Lehi,2A,1204,2,2,2,,1087,11/15/2023,500,12,80%,1734,1.6,1403,1.29,2023-11-15,2025-12-31,778,778
Terra Vista Lehi,2A,3202,2,2,2,,1087,Now,500,12,80%,1759,1.62,1466,1.35,2024-02-18,,877,90
Terra Vista Lehi,2A,1214,2,2,2,,1087,Now,500,12,80%,1759,1.62,1466,1.35,2023-11-15,,972,90
Terra Vista Lehi,2A,4508,5,2,2,,1087,8/5/2024,500,12,80%,1769,1.63,1432,1.32,2024-05-06,2025-12-17,591,500
Terra Vista Lehi,2A,3302,3,2,2,,1087,4/1/2024,500,13,80%,1773,1.63,1584,1.46,2024-02-18,2025-07-29,528,485
Terra Vista Lehi,2A,4518,5,2,2,,1087,9/2/2024,500,12,80%,1779,1.64,1631,1.5,2024-05-06,2025-05-12,372,253
Terra Vista Lehi,2A,3504,5,2,2,,1087,4/1/2024,500,12,80%,1779,1.64,1631,1.5,2024-02-16,2025-06-03,474,429
Terra Vista Lehi,2A,1414,4,2,2,,1087,2/15/2024,500,13,80%,1868,1.72,1669,1.54,2024-01-07,2025-07-31,572,533
Terra Vista Lehi,2A,1414,4,2,2,,1087,8/7/2026,,13,80%,1779,1.64,1779,1.64,2026-06-10,,34,0
Terra Vista Lehi,2A,3224,2,2,2,,1087,Now,500,12,80%,1789,1.65,1491,1.37,2024-05-06,,799,90
Terra Vista Lehi,2A,2202,2,2,2,,1087,7/1/2024,500,13,80%,1794,1.65,1794,1.65,2024-05-06,2026-01-08,613,557
Terra Vista Lehi,2A,4202,2,2,2,,1087,8/5/2024,500,12,80%,1804,1.66,1654,1.52,2024-05-06,2025-05-06,366,275
Terra Vista Lehi,2A,3518,5,2,2,,1087,6/3/2024,500,12,80%,1809,1.66,1658,1.53,2024-05-06,2025-06-17,408,380
Terra Vista Lehi,2A,3508,5,2,2,,1087,4/1/2024,500,13,80%,1923,1.77,1775,1.63,2024-02-16,2024-10-30,258,213
Terra Vista Lehi,2A,1504,5,2,2,,1087,2/15/2024,500,12,80%,1963,1.81,1799,1.66,2024-01-11,2024-10-27,291,256
Terra Vista Lehi,2A,4322,3,2,2,,1087,9/2/2024,500,12,80%,1658,1.53,1520,1.4,2024-05-06,2025-06-02,393,274
Terra Vista Lehi,2A,4322,3,2,2,,1087,6/30/2026,,13,80%,1937,1.78,1639,1.51,2026-04-30,2026-06-05,37,0
Terra Vista Lehi,2A,4418,4,2,2,,1087,4/15/2026,500,13,80%,1996,1.84,1689,1.55,2024-05-06,2026-06-14,770,61
Terra Vista Lehi,2A,2208,2,2,2,,1087,4/15/2026,500,13,80%,2008,1.85,1699,1.56,2024-05-06,2026-06-04,760,51
Terra Vista Lehi,,2A,,2,2,,1087,2/15/2024,500,,80%,2055,1.89,2055,1.89,2024-01-10,2024-01-11,2,0
Terra Vista Lehi,,2A,,2,2,,1087,4/18/2024,500,,80%,2055,1.89,2055,1.89,2024-04-18,2024-04-19,2,2
Terra Vista Lehi,2A,1410,4,2,2,,1087,4/15/2026,500,13,80%,2032,1.87,1719,1.58,2024-01-13,2026-06-09,879,56
Terra Vista Lehi,2A,3422,4,2,2,,1087,6/3/2024,500,12,80%,1849,1.7,1695,1.56,2024-05-06,2025-03-30,329,301
Terra Vista Lehi,2A,3422,4,2,2,,1087,5/23/2026,,12,80%,2075,1.91,1729,1.59,2026-03-19,2026-06-02,76,11
Terra Vista Lehi,2A,3324,3,2,2,,1087,6/3/2024,500,12,80%,1748,1.61,1602,1.47,2024-05-06,2025-06-11,402,374
Terra Vista Lehi,2A,3324,3,2,2,,1087,6/27/2026,,13,80%,2043,1.88,1729,1.59,2026-04-15,2026-06-08,55,0
Terra Vista Lehi,2A,3402,4,2,2,,1087,4/15/2026,500,13,80%,2067,1.9,1749,1.61,2024-02-16,2026-06-16,852,63
Terra Vista Lehi,2A,3522,5,2,2,,1087,6/3/2024,500,12,120%,1809,1.66,1658,1.53,2024-05-06,2025-06-09,400,372
Terra Vista Lehi,2A,3522,5,2,2,,1087,6/15/2026,,13,120%,2114,1.94,1789,1.65,2026-04-03,2026-06-05,64,0
Terra Vista Lehi,2A,4402,4,2,2,,1087,4/15/2026,500,,120%,2335,2.15,1946,1.79,2024-05-06,2026-05-19,744,35
Terra Vista Lehi,2A,2304,3,2,2,,1087,7/1/2024,500,12,80%,1658,1.53,1520,1.4,2024-05-06,2025-05-15,375,319
Terra Vista Lehi,2A,2304,3,2,2,,1087,9/7/2026,,12,80%,1639,1.51,1639,1.51,2026-05-23,,52,0
Terra Vista Lehi,2A,3408,4,2,2,,1087,5/26/2024,500,12,80%,1699,1.56,1374,1.26,2024-05-06,2026-02-05,641,621
Terra Vista Lehi,2A,2408,4,2,2,,1087,7/1/2024,500,12,80%,1699,1.56,1416,1.3,2024-05-06,2026-02-27,663,607
Terra Vista Lehi,2A,3208,2,2,2,,1087,4/15/2026,500,12,80%,1699,1.56,1416,1.3,2024-02-18,2026-07-07,871,84
Terra Vista Lehi,2A,1314,3,2,2,,1087,3/1/2024,500,,80%,1888,1.74,1731,1.59,2024-02-03,2024-10-25,266,239
Terra Vista Lehi,2A,1314,3,2,2,,1087,10/21/2025,500,12,80%,1709,1.57,1424,1.31,2025-09-17,2026-03-07,172,138
Terra Vista Lehi,2A,4302,3,2,2,,1087,8/5/2024,500,12,80%,1709,1.57,1382,1.27,2024-05-06,2026-02-18,654,563
Terra Vista Lehi,2A,4324,3,2,2,,1087,9/2/2024,500,12,80%,1709,1.57,1382,1.27,2024-05-06,2025-12-03,577,458
Terra Vista Lehi,2A,2302,3,2,2,,1087,7/1/2024,500,12,80%,1718,1.58,1575,1.45,2024-05-06,2025-05-22,382,326
Terra Vista Lehi,2A,2302,3,2,2,,1087,2/28/2026,,12,80%,1709,1.57,1424,1.31,2026-02-27,2026-03-07,9,8
Terra Vista Lehi,2A,2404,4,2,2,,1087,7/1/2024,500,12,80%,1728,1.59,1440,1.32,2024-05-06,2026-03-24,688,632
Terra Vista Lehi,2A,4422,4,2,2,,1087,9/2/2024,500,12,80%,1728,1.59,1440,1.32,2024-05-06,2026-03-31,695,576
Terra Vista Lehi,2A,1210,2,2,2,,1087,11/16/2023,500,12,80%,1734,1.6,1403,1.29,2023-11-16,2025-11-27,743,743
Terra Vista Lehi,2A,4424,4,2,2,,1087,9/2/2024,500,12,80%,1759,1.62,1424,1.31,2024-05-06,2025-12-09,583,464
Terra Vista Lehi,2A,4424,4,2,2,,1087,7/6/2026,,12,80%,1749,1.61,1458,1.34,2026-06-27,2026-07-04,8,0
Terra Vista Lehi,2A,4224,2,2,2,,1087,4/15/2026,500,12,80%,1759,1.62,1466,1.35,2024-05-06,2026-07-07,793,84
Terra Vista Lehi,2A,2508,5,2,2,,1087,7/1/2024,500,13,80%,1834,1.69,1639,1.51,2024-05-06,2025-08-10,462,406
Terra Vista Lehi,2A,2508,5,2,2,,1087,9/17/2026,,12,80%,1759,1.62,1759,1.62,2026-06-30,,14,0
Terra Vista Lehi,2A,1404,4,2,2,,1087,4/15/2026,500,12,80%,1768,1.63,1768,1.63,2024-01-11,2026-04-26,837,12
Terra Vista Lehi,2A,4504,5,2,2,,1087,8/5/2024,500,12,80%,1769,1.63,1474,1.36,2024-05-06,2026-03-01,665,574
Terra Vista Lehi,2A,2402,4,2,2,,1087,7/1/2024,500,12,80%,1788,1.64,1490,1.37,2024-05-06,2026-03-17,681,625
Terra Vista Lehi,2A,3424,4,2,2,,1087,6/3/2024,500,12,80%,1789,1.65,1449,1.33,2024-05-06,2025-12-13,587,559
Terra Vista Lehi,2A,3418,4,2,2,,1087,6/3/2024,500,,80%,1794,1.65,1794,1.65,2024-05-06,2025-09-25,508,480
Terra Vista Lehi,2A,1406,4,2,2,,1087,2/15/2024,500,12,80%,1794,1.65,1794,1.65,2024-01-11,2025-10-04,633,598
Terra Vista Lehi,2A,4204,2,2,2,,1087,8/5/2024,500,13,80%,1799,1.66,1607,1.48,2024-05-06,2025-08-08,460,369
Terra Vista Lehi,2A,2204,2,2,2,,1087,7/1/2024,500,12,80%,1799,1.66,1799,1.66,2024-05-06,2025-10-03,516,460
Terra Vista Lehi,2A,3502,5,2,2,,1087,4/1/2024,500,13,80%,1894,1.74,1692,1.56,2024-02-16,2025-08-13,545,500
Terra Vista Lehi,2A,3502,5,2,2,,1087,9/17/2026,,12,80%,1819,1.67,1819,1.67,2026-06-30,,14,0
Terra Vista Lehi,2A,4502,5,2,2,,1087,8/5/2024,500,13,80%,1894,1.74,1692,1.56,2024-05-06,2025-08-15,467,376
Terra Vista Lehi,2A,4502,5,2,2,,1087,10/5/2026,,12,80%,1819,1.67,1819,1.67,2026-07-05,,9,0
Terra Vista Lehi,2A,2502,5,2,2,,1087,7/1/2024,500,,80%,1907,1.75,1907,1.75,2024-05-06,2025-08-02,454,398
Terra Vista Lehi,2A,2502,5,2,2,,1087,8/7/2026,,12,80%,1819,1.67,1819,1.67,2026-05-11,2026-07-07,58,0
Terra Vista Lehi,2A,1506,5,2,2,,1087,2/15/2024,500,12,80%,1864,1.71,1577,1.45,2024-01-13,2025-11-08,666,633
Terra Vista Lehi,2A,1506,5,2,2,,1087,5/19/2026,,12,80%,1838,1.69,1838,1.69,2026-03-20,2026-04-25,37,0
Terra Vista Lehi,2A,1512,5,2,2,,1087,2/15/2024,500,,80%,2170,2,2170,2,2024-01-13,2024-02-14,33,0
Terra Vista Lehi,2A,1512,5,2,2,,1087,8/7/2024,500,13,80%,1864,1.71,1665,1.53,2024-08-06,2025-09-24,415,414
Terra Vista Lehi,2A,3524,5,2,2,,1087,6/3/2024,500,12,80%,2015,1.85,1847,1.7,2024-05-06,2025-02-11,282,254
Terra Vista Lehi,2A,3524,5,2,2,,1087,4/29/2026,,12,80%,1888,1.74,1573,1.45,2026-02-25,2026-03-14,18,0
Terra Vista Lehi,2A,3304,3,2,2,,1087,4/1/2024,500,12,80%,1658,1.53,1520,1.4,2024-02-18,2025-06-14,483,440
Terra Vista Lehi,2A,3304,3,2,2,,1087,7/4/2026,,12,80%,2026,1.86,1688,1.55,2026-02-26,2026-05-15,79,0
Terra Vista Lehi,2A,4408,4,2,2,,1087,4/15/2026,500,12,80%,2086,1.92,1738,1.6,2024-05-06,2026-05-01,726,17
Terra Vista Lehi,2A,4522,5,2,2,,1087,9/2/2024,500,12,120%,1779,1.64,1631,1.5,2024-05-06,2025-04-24,354,235
Terra Vista Lehi,2A,4522,5,2,2,,1087,5/8/2026,,12,120%,2170,2,1808,1.66,2026-02-11,2026-05-13,92,6
Terra Vista Lehi,2A,1515,5,2,2,,1087,2/15/2024,500,,120%,2170,2,2170,2,2024-01-13,2024-02-13,32,0
Terra Vista Lehi,2A,4524,5,2,2,,1087,9/2/2024,500,12,120%,1839,1.69,1686,1.55,2024-05-06,2025-05-01,361,242
Terra Vista Lehi,2A,4524,5,2,2,,1087,5/9/2026,,12,120%,2248,2.07,1873,1.72,2026-02-11,2026-04-19,68,0
Terra Vista Lehi,2A Deluxe,2306,3,2,2,,1203,7/1/2024,500,13,80%,1801,1.5,1609,1.34,2024-05-06,2025-07-21,442,386
Terra Vista Lehi,2A Deluxe,4320,3,2,2,,1203,9/2/2024,500,13,80%,1801,1.5,1609,1.34,2024-05-06,2025-07-31,452,333
Terra Vista Lehi,2A Deluxe,4306,3,2,2,,1203,8/5/2024,500,13,80%,1850,1.54,1653,1.37,2024-05-06,2025-06-30,421,330
Terra Vista Lehi,2A Deluxe,3420,4,2,2,,1203,5/1/2024,500,13,80%,1867,1.55,1541,1.28,2024-03-16,2026-01-28,684,638
Terra Vista Lehi,2A Deluxe,2206,2,2,2,,1203,Now,500,12,80%,1890,1.57,1575,1.31,2024-05-06,,799,90
Terra Vista Lehi,2A Deluxe,4220,2,2,2,,1203,4/15/2026,500,13,80%,1890,1.57,1599,1.33,2024-05-06,2026-06-20,776,67
Terra Vista Lehi,2A Deluxe,2506,5,2,2,,1203,7/1/2024,500,13,80%,1907,1.59,1575,1.31,2024-05-06,2026-02-02,638,582
Terra Vista Lehi,2A Deluxe,3220,2,2,2,,1203,Now,500,12,80%,1920,1.6,1600,1.33,2024-02-26,,869,90
Terra Vista Lehi,2A Deluxe,3520,5,2,2,,1203,5/1/2024,500,13,80%,1952,1.62,1744,1.45,2024-03-03,2025-07-31,516,457
Terra Vista Lehi,2A Deluxe,4420,4,2,2,,1203,4/15/2026,500,12,120%,2256,1.88,1880,1.56,2024-05-06,2026-05-17,742,33
Terra Vista Lehi,2A Deluxe,3206,2,2,2,,1203,4/15/2026,500,12,120%,2298,1.91,1915,1.59,2024-01-07,2026-05-29,874,45
Terra Vista Lehi,2A Deluxe,1308,3,2,2,,1203,11/15/2023,500,12,80%,2095,1.74,2095,1.74,2023-11-15,2024-08-05,265,265
Terra Vista Lehi,2A Deluxe,1308,3,2,2,,1203,6/10/2025,500,12,80%,1787,1.49,1787,1.49,2025-06-09,2025-10-16,130,129
Terra Vista Lehi,2A Deluxe,3306,3,2,2,,1203,3/15/2024,500,13,80%,1787,1.49,1597,1.33,2024-01-12,2025-08-30,597,534
Terra Vista Lehi,2A Deluxe,2406,4,2,2,,1203,7/1/2024,500,13,80%,1837,1.53,1641,1.36,2024-05-06,2025-08-12,464,408
Terra Vista Lehi,2A Deluxe,3406,4,2,2,,1203,11/15/2023,500,12,80%,2145,1.78,2145,1.78,2023-11-15,2024-06-14,213,213
Terra Vista Lehi,2A Deluxe,3406,4,2,2,,1203,9/26/2025,500,12,80%,1849,1.54,1541,1.28,2025-09-25,2026-02-21,150,149
Terra Vista Lehi,2A Deluxe,3320,3,2,2,,1203,5/1/2024,500,13,80%,1817,1.51,1623,1.35,2024-02-20,2025-08-26,554,483
Terra Vista Lehi,2A Deluxe,3320,3,2,2,,1203,11/5/2026,,12,80%,1860,1.55,1860,1.55,2026-07-12,,2,0
Terra Vista Lehi,2A Deluxe,4406,4,2,2,,1203,4/15/2026,500,12,80%,1880,1.56,1567,1.3,2024-05-06,2026-07-07,793,84
Terra Vista Lehi,2A Deluxe,4206,2,2,2,,1203,4/15/2026,500,12,80%,1890,1.57,1575,1.31,2024-05-06,2026-07-07,793,84
Terra Vista Lehi,2A Deluxe,1208,2,2,2,,1203,11/15/2023,500,12,80%,2130,1.77,1952,1.62,2023-11-15,2024-11-01,353,353
Terra Vista Lehi,2A Deluxe,1208,2,2,2,,1203,4/15/2026,500,12,80%,1890,1.57,1575,1.31,2025-04-08,2026-07-07,456,84
Terra Vista Lehi,2A Deluxe,3506,5,2,2,,1203,11/15/2023,500,13,80%,1907,1.59,1704,1.42,2023-11-15,2025-08-30,655,655
Terra Vista Lehi,2A Deluxe,4520,5,2,2,,1203,9/2/2024,500,13,80%,1907,1.59,1704,1.42,2024-05-06,2025-09-04,487,368
Terra Vista Lehi,2A Deluxe,4506,5,2,2,,1203,8/5/2024,500,12,80%,1907,1.59,1907,1.59,2024-05-06,2025-10-16,529,438
Terra Vista Lehi,2A Deluxe,1408,4,2,2,,1203,12/21/2023,500,12,120%,2205,1.83,2205,1.83,2023-12-21,2024-05-21,153,153
Terra Vista Lehi,2A Deluxe,1408,4,2,2,,1203,4/15/2026,500,12,120%,2292,1.91,1910,1.59,2024-09-24,2026-05-13,597,29
Terra Vista Lehi,3A,1301,3,3,2,,1296,11/15/2023,500,12,120%,2395,1.85,2395,1.85,2023-11-15,2024-08-06,266,266
Terra Vista Lehi,3A,1201,2,3,2,,1296,11/15/2023,500,13,120%,2420,1.87,2420,1.87,2023-11-15,2024-07-30,259,259
Terra Vista Lehi,3A,1401,4,3,2,,1296,4/15/2026,500,15,120%,2508,1.94,2174,1.68,2023-12-21,2026-04-23,855,9
Terra Vista Lehi,3A,1501,5,3,2,,1296,11/15/2023,500,,120%,2395,1.85,2395,1.85,2023-11-15,2024-05-05,173,173
Terra Vista Lehi,3A,1501,5,3,2,,1296,Now,500,15,120%,2852,2.2,2472,1.91,2025-07-08,,371,90
Terra Vista Lehi,3A Deluxe,2201,2,3,2,,1376,7/1/2024,500,12,80%,2089,1.52,1741,1.27,2024-05-06,2026-04-09,704,648
Terra Vista Lehi,3A Deluxe,4201,2,3,2,,1376,8/5/2024,500,13,80%,2499,1.82,2233,1.62,2024-05-06,2025-06-28,419,328
Terra Vista Lehi,3A Deluxe,4201,2,3,2,,1376,3/21/2026,,12,80%,2102,1.53,1752,1.27,2026-01-16,2026-03-14,58,0
Terra Vista Lehi,3A Deluxe,3201,2,3,2,,1376,11/15/2023,500,15,80%,2099,1.53,2099,1.53,2023-11-15,2026-01-13,791,791
Terra Vista Lehi,3A Deluxe,3226,2,3,2,,1376,4/15/2024,500,13,80%,2131,1.55,1765,1.28,2023-12-21,2026-02-03,776,660
Terra Vista Lehi,3A Deluxe,4326,3,3,2,,1376,4/15/2026,500,15,80%,2164,1.57,1875,1.36,2024-05-06,2026-06-24,780,71
Terra Vista Lehi,3A Deluxe,4301,3,3,2,,1376,4/15/2026,500,15,80%,2164,1.57,1875,1.36,2024-05-06,2026-06-25,781,72
Terra Vista Lehi,3A Deluxe,4426,4,3,2,,1376,4/15/2026,500,14,80%,2214,1.61,1898,1.38,2024-05-06,2026-07-07,793,84
Terra Vista Lehi,3A Deluxe,2401,4,3,2,,1376,7/1/2024,500,12,80%,2228,1.62,1857,1.35,2024-05-06,2026-03-17,681,625
Terra Vista Lehi,3A Deluxe,3426,4,3,2,,1376,4/15/2024,500,12,80%,2259,1.64,1841,1.34,2024-01-11,2025-12-14,704,609
Terra Vista Lehi,3A Deluxe,4226,2,3,2,,1376,4/15/2026,500,14,120%,2437,1.77,2089,1.52,2024-05-06,2026-06-02,758,49
Terra Vista Lehi,3A Deluxe,3326,3,3,2,,1376,4/15/2024,500,12,120%,2513,1.83,2094,1.52,2023-11-16,2026-04-10,877,726
Terra Vista Lehi,3A Deluxe,3301,3,3,2,,1376,11/15/2023,500,12,120%,2594,1.89,2378,1.73,2023-11-15,2025-03-23,495,495
Terra Vista Lehi,3A Deluxe,2301,3,3,2,,1376,4/15/2026,500,12,120%,2597,1.89,2164,1.57,2024-05-06,2026-04-15,710,1
Terra Vista Lehi,3A Deluxe,4401,4,3,2,,1376,8/5/2024,500,13,120%,2625,1.91,2345,1.7,2024-05-06,2025-07-19,440,349
Terra Vista Lehi,3A Deluxe,4526,5,3,2,,1376,9/2/2024,500,12,120%,2654,1.93,2654,1.93,2024-05-06,2024-09-04,122,3
Terra Vista Lehi,3A Deluxe,3501,5,3,2,,1376,4/15/2026,500,12,120%,2741,1.99,2284,1.66,2025-09-14,2026-04-16,215,2
Terra Vista Lehi,3A Deluxe,3526,5,3,2,,1376,4/15/2024,500,,120%,2550,1.85,2550,1.85,2024-01-15,2024-05-04,111,20
Terra Vista Lehi,3A Deluxe,3526,5,3,2,,1376,4/15/2026,500,15,120%,2670,1.94,2314,1.68,2025-09-25,2026-06-16,265,63
Terra Vista Lehi,3A Deluxe,2501,5,3,2,,1376,7/1/2024,500,12,120%,2603,1.89,2603,1.89,2024-05-06,2024-09-07,125,69
Terra Vista Lehi,3A Deluxe,2501,5,3,2,,1376,1/31/2025,500,13,120%,2791,2.03,2576,1.87,2025-01-30,2025-02-11,13,12
Terra Vista Lehi,3A Deluxe,4501,5,3,2,,1376,8/5/2024,500,13,120%,2791,2.03,2576,1.87,2024-05-06,2025-02-15,286,195
Terra Vista Lehi,3A Deluxe,3401,4,3,2,,1376,Now,500,15,120%,2813,2.04,2438,1.77,2023-11-15,,972,90
Sanctuary,Air,2142,2,0,1,,524,Now,500,,60%,1189,2.27,1189,2.27,2026-02-25,,139,134
Sanctuary,Air,2344,2,0,1,,524,Now,500,,60%,1199,2.29,1199,2.29,2025-11-07,,249,29
Sanctuary,Air,2350,2,0,1,,524,Now,500,,60%,1199,2.29,1199,2.29,2025-11-07,,249,29
Sanctuary,Air,2150,2,0,1,,524,12/15/2025,500,,60%,1199,2.29,922,1.76,2025-10-23,2026-05-29,219,166
Sanctuary,Air,2340,2,0,1,,524,Now,500,,60%,1199,2.29,1199,2.29,2025-11-07,,249,29
Sanctuary,Air,2348,2,0,1,,524,Now,500,,60%,1199,2.29,1199,2.29,2025-11-07,,249,29
Sanctuary,Air,2342,2,0,1,,524,Now,500,,60%,1199,2.29,1199,2.29,2025-11-07,,249,29
Sanctuary,Air,2338,,0,1,,524,Now,500,,60%,1199,2.29,1199,2.29,2025-11-07,,249,29
Sanctuary,Air,2330,2,0,1,,524,Now,500,,60%,1199,2.29,1199,2.29,2025-11-07,,249,29
Sanctuary,Air,2148,2,0,1,,524,12/15/2025,500,,60%,1199,2.29,922,1.76,2025-10-23,2026-06-17,238,185
Sanctuary,Air,2328,,0,1,,524,Now,500,,60%,1199,2.29,1199,2.29,2025-11-07,,249,29
Sanctuary,Air,2144,,0,1,,524,12/15/2025,500,,60%,1199,2.29,1199,2.29,2025-11-07,2026-07-03,239,201
Sanctuary,Air,2332,2,0,1,,524,6/15/2026,500,,60%,1209,2.31,930,1.77,2025-11-07,2026-06-28,234,14
Sanctuary,Air,1142,,0,1,,524,Now,500,,60%,1214,2.32,1214,2.32,2025-11-07,,249,211
Sanctuary,Air,1138,,0,1,,524,Now,500,,60%,1214,2.32,1214,2.32,2025-11-07,,249,49
Sanctuary,Air,1140,1,0,1,,524,Now,500,,60%,1214,2.32,1214,2.32,2025-11-07,,249,211
Sanctuary,Air,1150,1,0,1,,524,Now,500,,60%,1214,2.32,1214,2.32,2025-11-07,,249,211
Sanctuary,Air,1148,1,0,1,,524,Now,500,,60%,1214,2.32,1214,2.32,2025-11-07,,249,211
Sanctuary,Air,1348,,0,1,,524,Now,500,,60%,1224,2.34,1224,2.34,2025-11-07,,249,29
Sanctuary,Air,1340,1,0,1,,524,Now,500,,60%,1224,2.34,1224,2.34,2025-11-07,,249,29
Sanctuary,Air,1144,1,0,1,,524,12/15/2025,500,,60%,1224,2.34,941,1.8,2025-11-07,2026-06-19,225,187
Sanctuary,Air,1330,,0,1,,524,Now,500,,60%,1224,2.34,1224,2.34,2025-11-07,,249,29
Sanctuary,Air,1342,3,0,1,,524,Now,500,,60%,1224,2.34,1224,2.34,2025-11-07,,249,29
Sanctuary,Air,1344,3,0,1,,524,Now,500,,60%,1224,2.34,1224,2.34,2025-11-07,,249,29
Sanctuary,Air,1350,,0,1,,524,Now,500,,60%,1224,2.34,1224,2.34,2025-11-07,,249,29
Sanctuary,Air,1338,,0,1,,524,Now,500,,60%,1224,2.34,1224,2.34,2025-11-07,,249,29
Sanctuary,Air,1332,1,0,1,,524,Now,500,,60%,1224,2.34,1224,2.34,2025-11-07,,249,29
Sanctuary,Air,1328,1,0,1,,524,Now,500,,60%,1224,2.34,1224,2.34,2025-11-07,,249,29
Sanctuary,Air,3148,3,0,1,,524,Now,500,,60%,1239,2.36,1239,2.36,2025-11-07,,249,211
Sanctuary,Air,3328,3,0,1,,524,Now,500,,60%,1239,2.36,1239,2.36,2025-11-07,,249,29
Sanctuary,Air,3144,3,0,1,,524,Now,500,,60%,1239,2.36,1239,2.36,2025-11-07,,249,211
Sanctuary,Air,3340,3,0,1,,524,Now,500,,60%,1239,2.36,1239,2.36,2025-11-07,,249,29
Sanctuary,Air,3348,3,0,1,,524,Now,500,,60%,1239,2.36,1239,2.36,2025-11-07,,249,29
Sanctuary,Air,3342,,0,1,,524,Now,500,,60%,1239,2.36,1239,2.36,2025-11-07,,249,29
Sanctuary,Air,3330,3,0,1,,524,Now,500,,60%,1239,2.36,1239,2.36,2025-11-07,,249,29
Sanctuary,Air,3344,3,0,1,,524,Now,500,,60%,1239,2.36,1239,2.36,2025-11-07,,249,29
Sanctuary,Air,3350,3,0,1,,524,Now,500,,60%,1239,2.36,1239,2.36,2025-11-07,,249,29
Sanctuary,Air,3140,3,0,1,,524,Now,500,,60%,1239,2.36,1239,2.36,2025-11-07,,249,211
Sanctuary,Air,3150,,0,1,,524,Now,500,,60%,1239,2.36,1239,2.36,2025-11-07,,249,211
Sanctuary,Air,3338,3,0,1,,524,Now,500,,60%,1239,2.36,1239,2.36,2025-11-07,,249,29
Sanctuary,Air,3142,3,0,1,,524,Now,500,,60%,1239,2.36,1239,2.36,2025-11-07,,249,211
Sanctuary,Air,3138,,0,1,,524,Now,500,,60%,1239,2.36,1239,2.36,2025-11-07,,249,211
Sanctuary,Air,3332,3,0,1,,524,Now,500,,60%,1239,2.36,1239,2.36,2025-11-07,,249,29
Sanctuary,Air,2109,2,0,1,,524,Now,500,,80%,1264,2.41,1264,2.41,2025-10-17,,270,211
Sanctuary,Air,4348,4,0,1,,524,Now,500,,80%,1264,2.41,1264,2.41,2025-11-07,,249,29
Sanctuary,Air,4342,3,0,1,,524,Now,500,,80%,1264,2.41,1264,2.41,2025-11-07,,249,29
Sanctuary,Air,2128,2,0,1,,524,Now,500,,80%,1264,2.41,1264,2.41,2025-10-17,,270,211
Sanctuary,Air,4338,4,0,1,,524,Now,500,,80%,1264,2.41,1264,2.41,2025-11-07,,249,29
Sanctuary,Air,1128,,0,1,,524,Now,500,,80%,1264,2.41,1264,2.41,2025-10-19,,268,211
Sanctuary,Air,2132,2,0,1,,524,Now,500,,80%,1264,2.41,1264,2.41,2025-11-07,,249,211
Sanctuary,Air,2130,2,0,1,,524,Now,500,,80%,1264,2.41,1264,2.41,2025-10-17,,270,211
Sanctuary,Air,4344,3,0,1,,524,Now,500,,80%,1264,2.41,1264,2.41,2025-11-07,,249,29
Sanctuary,Air,4350,4,0,1,,524,Now,500,,80%,1264,2.41,1264,2.41,2025-11-07,,249,29
Sanctuary,Air,1130,1,0,1,,524,Now,500,,80%,1264,2.41,1264,2.41,2025-10-19,,268,211
Sanctuary,Air,4340,4,0,1,,524,Now,500,,80%,1264,2.41,1264,2.41,2025-11-07,,249,29
Sanctuary,Air,2129,2,0,1,,524,12/15/2025,500,,80%,1274,2.43,980,1.87,2025-10-17,2026-06-28,255,196
Sanctuary,Air,1132,,0,1,,524,12/15/2025,500,,80%,1274,2.43,980,1.87,2025-11-07,2026-06-25,231,193
Sanctuary,Air,2247,2,0,1,,524,Now,500,,80%,1275,2.43,1275,2.43,2025-11-07,,249,29
Sanctuary,Air,2329,2,0,1,,524,Now,500,,80%,1275,2.43,1275,2.43,2025-11-07,,249,29
Sanctuary,Air,2253,2,0,1,,524,Now,500,,80%,1275,2.43,1275,2.43,2025-11-07,,249,29
Sanctuary,Air,2113,2,0,1,,524,12/15/2025,500,,80%,1288,2.46,991,1.89,2025-10-17,2026-06-04,231,172
Sanctuary,Air,2223,2,0,1,,524,12/15/2025,500,,80%,1288,2.46,991,1.89,2025-11-07,2026-06-04,210,172
Sanctuary,Air,1217,,0,1,,524,Now,500,,80%,1289,2.46,1289,2.46,2025-11-07,,249,211
Sanctuary,Air,1129,,0,1,,524,Now,500,,80%,1289,2.46,1289,2.46,2025-10-19,,268,211
Sanctuary,Air,1223,,0,1,,524,Now,500,,80%,1289,2.46,1289,2.46,2025-11-07,,249,211
Sanctuary,Air,1152,1,0,1,,524,Now,500,,80%,1299,2.48,1299,2.48,2025-11-07,,249,211
Sanctuary,Air,2352,,0,1,,524,Now,500,,80%,1300,2.48,1300,2.48,2025-11-07,,249,29
Sanctuary,Air,1253,1,0,1,,524,Now,500,,80%,1300,2.48,1300,2.48,2025-11-07,,249,29
Sanctuary,Air,1247,,0,1,,524,Now,500,,80%,1300,2.48,1300,2.48,2025-11-07,,249,29
Sanctuary,Air,1329,,0,1,,524,Now,500,,80%,1300,2.48,1300,2.48,2025-11-07,,249,29
Sanctuary,Air,1109,1,0,1,,524,4/15/2026,500,,80%,1304,2.49,1003,1.91,2025-10-19,2026-05-27,221,43
Sanctuary,Air,2152,1,0,1,,524,12/15/2025,500,,80%,1313,2.51,1010,1.93,2025-10-23,2026-06-08,229,176
Sanctuary,Air,3109,3,0,1,,524,Now,500,,80%,1314,2.51,1314,2.51,2025-11-07,,249,211
Sanctuary,Air,3132,3,0,1,,524,Now,500,,80%,1314,2.51,1314,2.51,2025-11-07,,249,211
Sanctuary,Air,3217,,0,1,,524,Now,500,,80%,1314,2.51,1314,2.51,2025-11-07,,249,211
Sanctuary,Air,3329,3,0,1,,524,Now,500,,80%,1314,2.51,1314,2.51,2025-11-07,,249,29
Sanctuary,Air,3129,3,0,1,,524,Now,500,,80%,1314,2.51,1314,2.51,2025-11-07,,249,211
Sanctuary,Colony,3223,3,0,1,,524,Now,500,,80%,1314,2.51,1314,2.51,2025-10-17,,270,211
Sanctuary,Air,3113,3,0,1,,524,Now,500,,80%,1314,2.51,1314,2.51,2025-11-07,,249,211
Sanctuary,Air,3128,3,0,1,,524,Now,500,,80%,1314,2.51,1314,2.51,2025-11-07,,249,211
Sanctuary,Air,3130,3,0,1,,524,Now,500,,80%,1314,2.51,1314,2.51,2025-11-07,,249,211
Sanctuary,Colony,3253,2,0,1,,524,Now,500,,80%,1314,2.51,1314,2.51,2025-10-17,,270,29
Sanctuary,Air,3247,3,0,1,,524,Now,500,,80%,1314,2.51,1314,2.51,2025-11-07,,249,29
Sanctuary,Air,1352,3,0,1,,524,Now,500,,80%,1325,2.53,1325,2.53,2025-11-07,,249,29
Sanctuary,Colony,3152,3,0,1,,524,Now,500,,80%,1339,2.56,1339,2.56,2025-10-17,,270,211
Sanctuary,Air,4330,4,0,1,,524,Now,500,,80%,1339,2.56,1339,2.56,2025-11-07,,249,29
Sanctuary,Air,4132,4,0,1,,524,Now,500,,80%,1339,2.56,1339,2.56,2025-11-07,,249,211
Sanctuary,Air,4332,4,0,1,,524,Now,500,,80%,1339,2.56,1339,2.56,2025-11-07,,249,29
Sanctuary,Air,4150,4,0,1,,524,Now,500,,80%,1339,2.56,1339,2.56,2025-11-07,,249,211
Sanctuary,Air,4148,4,0,1,,524,Now,500,,80%,1339,2.56,1339,2.56,2025-11-07,,249,211
Sanctuary,Air,4247,4,0,1,,524,Now,500,,80%,1339,2.56,1339,2.56,2025-11-07,,249,29
Sanctuary,Air,4109,4,0,1,,524,Now,500,,80%,1339,2.56,1339,2.56,2025-10-30,,257,211
Sanctuary,Air,4328,4,0,1,,524,Now,500,,80%,1339,2.56,1339,2.56,2025-11-07,,249,29
Sanctuary,Air,4142,,0,1,,524,Now,500,,80%,1339,2.56,1339,2.56,2025-11-07,,249,211
Sanctuary,Air,4329,,0,1,,524,Now,500,,80%,1339,2.56,1339,2.56,2025-11-07,,249,29
Sanctuary,Colony,3352,3,0,1,,524,Now,500,,80%,1339,2.56,1339,2.56,2025-10-17,,270,29
Sanctuary,Air,4138,4,0,1,,524,Now,500,,80%,1339,2.56,1339,2.56,2025-11-07,,249,211
Sanctuary,Air,4253,4,0,1,,524,Now,500,,80%,1339,2.56,1339,2.56,2025-11-07,,249,29
Sanctuary,Air,4113,,0,1,,524,Now,500,,80%,1339,2.56,1339,2.56,2025-10-30,,257,211
Sanctuary,Air,4217,4,0,1,,524,Now,500,,80%,1339,2.56,1339,2.56,2025-11-07,,249,32
Sanctuary,Air,4128,4,0,1,,524,Now,500,,80%,1339,2.56,1339,2.56,2025-10-30,,257,211
Sanctuary,Air,4129,1,0,1,,524,Now,500,,80%,1339,2.56,1339,2.56,2025-10-30,,257,211
Sanctuary,Air,4144,4,0,1,,524,Now,500,,80%,1339,2.56,1339,2.56,2025-11-07,,249,211
Sanctuary,Air,4140,4,0,1,,524,Now,500,,80%,1339,2.56,1339,2.56,2025-11-07,,249,211
Sanctuary,Air,4352,3,0,1,,524,Now,500,,80%,1364,2.6,1364,2.6,2025-11-07,,249,104
Sanctuary,Air,2309,,0,1,,524,Now,500,,80%,1375,2.62,1375,2.62,2025-11-07,,249,29
Sanctuary,Air,1309,1,0,1,,524,Now,500,,80%,1401,2.67,1401,2.67,2025-11-07,,249,29
Sanctuary,Air,3309,,0,1,,524,Now,500,,80%,1414,2.7,1414,2.7,2025-11-07,,249,29
Sanctuary,Air,4130,4,0,1,,524,12/15/2025,500,,80%,1424,2.72,1095,2.09,2025-10-30,2026-05-17,200,154
Sanctuary,Air,2217,2,0,1,,524,12/15/2025,500,,80%,1437,2.74,1105,2.11,2025-11-07,2026-05-13,188,150
Sanctuary,Air,5329,5,0,1,,524,Now,500,,80%,1439,2.75,1439,2.75,2025-11-07,,249,29
Sanctuary,Air,5330,,0,1,,524,Now,500,,80%,1439,2.75,1439,2.75,2025-11-07,,249,29
Sanctuary,Air,4309,4,0,1,,524,Now,500,,80%,1439,2.75,1439,2.75,2025-11-07,,249,29
Sanctuary,Air,5217,,0,1,,524,Now,500,,80%,1439,2.75,1439,2.75,2025-11-07,,249,32
Sanctuary,Air,5129,,0,1,,524,Now,500,,80%,1439,2.75,1439,2.75,2025-10-21,,266,211
Sanctuary,Air,5342,3,0,1,,524,Now,500,,80%,1439,2.75,1439,2.75,2025-11-07,,249,29
Sanctuary,Air,5340,,0,1,,524,Now,500,,80%,1439,2.75,1439,2.75,2025-11-07,,249,29
Sanctuary,Air,4152,1,0,1,,524,Now,500,,80%,1439,2.75,1439,2.75,2025-11-07,,249,18
Sanctuary,Air,5223,5,0,1,,524,Now,500,,80%,1439,2.75,1439,2.75,2025-11-07,,249,32
Sanctuary,Air,5109,5,0,1,,524,Now,500,,80%,1439,2.75,1439,2.75,2025-10-21,,266,211
Sanctuary,Air,5148,5,0,1,,524,Now,500,,80%,1439,2.75,1439,2.75,2025-11-07,,249,211
Sanctuary,Air,5128,5,0,1,,524,Now,500,,80%,1439,2.75,1439,2.75,2025-10-21,,266,211
Sanctuary,Air,5338,5,0,1,,524,Now,500,,80%,1439,2.75,1439,2.75,2025-11-07,,249,29
Sanctuary,Air,5144,,0,1,,524,Now,500,,80%,1439,2.75,1439,2.75,2025-11-07,,249,211
Sanctuary,Air,5348,5,0,1,,524,Now,500,,80%,1439,2.75,1439,2.75,2025-11-07,,249,29
Sanctuary,Air,5328,5,0,1,,524,Now,500,,80%,1439,2.75,1439,2.75,2025-11-07,,249,29
Sanctuary,Air,5344,3,0,1,,524,Now,500,,80%,1439,2.75,1439,2.75,2025-11-07,,249,29
Sanctuary,Air,5132,5,0,1,,524,Now,500,,80%,1439,2.75,1439,2.75,2025-10-28,,259,211
Sanctuary,Air,5138,5,0,1,,524,Now,500,,80%,1439,2.75,1439,2.75,2025-11-07,,249,211
Sanctuary,Air,5332,3,0,1,,524,Now,500,,80%,1439,2.75,1439,2.75,2025-11-07,,249,29
Sanctuary,Air,5130,5,0,1,,524,Now,500,,80%,1439,2.75,1439,2.75,2025-10-21,,266,211
Sanctuary,Air,5150,5,0,1,,524,Now,500,,80%,1439,2.75,1439,2.75,2025-11-07,,249,211
Sanctuary,Air,5247,5,0,1,,524,Now,500,,80%,1439,2.75,1439,2.75,2025-11-07,,249,29
Sanctuary,Air,5142,5,0,1,,524,Now,500,,80%,1439,2.75,1439,2.75,2025-11-07,,249,211
Sanctuary,Air,5140,5,0,1,,524,Now,500,,80%,1439,2.75,1439,2.75,2025-10-28,,259,211
Sanctuary,Air,5350,5,0,1,,524,Now,500,,80%,1439,2.75,1439,2.75,2025-11-07,,249,29
Sanctuary,Air,5253,5,0,1,,524,Now,500,,80%,1439,2.75,1439,2.75,2025-11-07,,249,29
Sanctuary,Air,5113,5,0,1,,524,12/15/2025,500,,80%,1449,2.77,1114,2.13,2025-10-21,2026-06-26,249,194
Sanctuary,Air,5352,3,0,1,,524,Now,500,,80%,1539,2.94,1539,2.94,2025-11-07,,249,29
Sanctuary,Air,5309,5,0,1,,524,Now,500,,80%,1539,2.94,1539,2.94,2025-11-07,,249,29
Sanctuary,Air,5152,5,0,1,,524,Now,500,,80%,1539,2.94,1539,2.94,2025-11-07,,249,211
Sanctuary,Air,1113,,0,1,,524,12/1/2025,500,,80%,1661,3.17,1322,2.52,2025-10-19,2026-01-08,82,39
Sanctuary,Espresso,3252,2,0,1,,549,Now,500,,80%,1289,2.35,1289,2.35,2025-11-07,,249,29
Sanctuary,Espresso,3248,3,0,1,,549,Now,500,,80%,1289,2.35,1289,2.35,2025-11-07,,249,29
Sanctuary,Espresso,3218,,0,1,,549,Now,500,,80%,1289,2.35,1289,2.35,2025-11-04,,252,32
Sanctuary,Espresso,3222,3,0,1,,549,6/12/2026,500,,80%,1299,2.37,1299,2.37,2025-11-04,2026-07-05,244,24
Sanctuary,Espresso,4252,4,0,1,,549,Now,500,,80%,1314,2.39,1314,2.39,2025-11-07,,249,29
Sanctuary,Espresso,4218,,0,1,,549,Now,500,,80%,1314,2.39,1314,2.39,2025-11-04,,252,32
Sanctuary,Espresso,4248,,0,1,,549,Now,500,,80%,1314,2.39,1314,2.39,2025-11-07,,249,29
Sanctuary,Espresso,4222,4,0,1,,549,Now,500,,80%,1314,2.39,1314,2.39,2025-11-04,,252,32
Sanctuary,Espresso,5252,5,0,1,,549,Now,500,,80%,1414,2.58,1414,2.58,2025-11-07,,249,29
Sanctuary,Espresso,5248,,0,1,,549,Now,500,,80%,1414,2.58,1414,2.58,2025-11-07,,249,29
Sanctuary,Espresso,5218,5,0,1,,549,Now,500,,80%,1414,2.58,1414,2.58,2025-11-04,,252,32
Sanctuary,Espresso,5222,5,0,1,,549,Now,500,,80%,1414,2.58,1414,2.58,2025-11-07,,249,32
Sanctuary,Namaste,2227,2,1,1,,789,12/15/2025,500,,80%,1833,2.32,1833,2.32,2025-11-07,2026-05-03,178,140
Sanctuary,Namaste,1257,1,1,1,,789,Now,500,,80%,1854,2.35,1854,2.35,2025-11-07,,249,29
Sanctuary,Namaste,4120,,1,1,,789,12/15/2025,500,,80%,1854,2.35,1854,2.35,2025-10-25,2026-04-21,179,128
Sanctuary,Namaste,1320,1,1,1,,789,Now,500,,80%,1858,2.35,1858,2.35,2025-11-07,,249,29
Sanctuary,Namaste,1322,1,1,1,,789,Now,500,,80%,1858,2.35,1858,2.35,2025-11-07,,249,29
Sanctuary,Namaste,1225,1,1,1,,789,12/15/2025,500,,80%,1858,2.35,1858,2.35,2025-10-28,2026-04-30,185,137
Sanctuary,Namaste,3227,3,1,1,,789,12/15/2025,500,,80%,1888,2.39,1888,2.39,2025-10-17,2026-07-05,262,203
Sanctuary,Namaste,3122,3,1,1,,789,12/15/2025,500,,80%,1890,2.4,1890,2.4,2025-10-21,2026-05-13,205,150
Sanctuary,Namaste,1112,,1,1,,789,12/1/2025,500,,80%,1890,2.4,1890,2.4,2025-10-22,2026-03-23,153,113
Sanctuary,Namaste,3225,3,1,1,,789,12/15/2025,500,,80%,1895,2.4,1895,2.4,2025-10-17,2026-07-08,265,206
Sanctuary,Namaste,1227,,1,1,,789,12/15/2025,500,,80%,1898,2.41,1189,1.51,2025-10-28,2026-01-28,93,45
Sanctuary,Namaste,1120,,1,1,,789,12/1/2025,500,,80%,1898,2.41,1189,1.51,2025-10-22,2026-01-29,100,60
Sanctuary,Namaste,2111,,1,1,,789,Now,500,,120%,1904,2.41,1904,2.41,2025-10-24,,263,211
Sanctuary,Namaste,2122,,1,1,,789,12/15/2025,500,,120%,1904,2.41,1904,2.41,2025-10-24,2026-06-09,229,177
Sanctuary,Namaste,2107,2,1,1,,789,Now,500,,120%,1904,2.41,1904,2.41,2025-10-24,,263,211
Sanctuary,Namaste,2225,2,1,1,,789,12/15/2025,500,,120%,1906,2.42,1906,2.42,2025-11-07,2026-05-22,197,159
Sanctuary,Namaste,2255,2,1,1,,789,Now,500,,120%,1908,2.42,1908,2.42,2025-11-07,,249,29
Sanctuary,Namaste,2257,2,1,1,,789,Now,500,,120%,1908,2.42,1908,2.42,2025-11-07,,249,29
Sanctuary,Namaste,2320,,1,1,,789,Now,500,,120%,1908,2.42,1908,2.42,2025-11-07,,249,29
Sanctuary,Namaste,2322,2,1,1,,789,Now,500,,120%,1908,2.42,1908,2.42,2025-11-07,,249,29
Sanctuary,Namaste,2307,2,1,1,,789,Now,500,,120%,1908,2.42,1908,2.42,2025-11-07,,249,29
Sanctuary,Namaste,4227,4,1,1,,789,6/12/2026,500,,120%,1913,2.42,1913,2.42,2025-10-29,2026-07-04,249,23
Sanctuary,Namaste,1107,1,1,1,,789,Now,500,,120%,1929,2.44,1929,2.44,2025-10-22,,265,63
Sanctuary,Namaste,1111,1,1,1,,789,Now,500,,120%,1929,2.44,1929,2.44,2025-10-22,,265,211
Sanctuary,Namaste,1307,1,1,1,,789,Now,500,,120%,1933,2.45,1933,2.45,2025-11-07,,249,29
Sanctuary,Namaste,1255,,1,1,,789,Now,500,,120%,1933,2.45,1933,2.45,2025-11-07,,249,29
Sanctuary,Namaste,2120,2,1,1,,789,12/1/2025,500,,120%,1938,2.46,1490,1.89,2025-10-24,2026-02-26,126,88
Sanctuary,Namaste,3322,3,1,1,,789,Now,500,,120%,1954,2.48,1954,2.48,2025-11-07,,249,29
Sanctuary,Namaste,3101,,1,1,,789,Now,500,,120%,1954,2.48,1954,2.48,2025-10-21,,266,211
Sanctuary,Namaste,3255,3,1,1,,789,Now,500,,120%,1954,2.48,1954,2.48,2025-11-07,,249,29
Sanctuary,Namaste,3111,3,1,1,,789,Now,500,,120%,1954,2.48,1954,2.48,2025-10-21,,266,211
Sanctuary,Namaste,5227,5,1,1,,789,1/15/2026,500,,120%,1954,2.48,1954,2.48,2025-10-19,2026-04-21,185,97
Sanctuary,Namaste,5225,5,1,1,,789,1/15/2026,500,,120%,1954,2.48,1954,2.48,2025-10-19,2026-04-23,187,99
Sanctuary,Namaste,3215,3,1,1,,789,Now,500,,120%,1954,2.48,1954,2.48,2025-10-17,,270,211
Sanctuary,Namaste,3257,,1,1,,789,Now,500,,120%,1954,2.48,1954,2.48,2025-11-07,,249,29
Sanctuary,Namaste,3320,3,1,1,,789,Now,500,,120%,1954,2.48,1954,2.48,2025-11-07,,249,29
Sanctuary,Namaste,3245,3,1,1,,789,Now,500,,120%,1954,2.48,1954,2.48,2025-10-17,,270,29
Sanctuary,Earth,3307,3,1,1,,789,Now,500,,120%,1954,2.48,1954,2.48,2025-10-17,,270,29
Sanctuary,Earth,3107,,1,1,,789,Now,500,,120%,1954,2.48,1954,2.48,2025-10-17,,270,211
Sanctuary,Namaste,3301,3,1,1,,789,Now,500,,120%,1954,2.48,1954,2.48,2025-11-07,,249,29
Sanctuary,Namaste,3120,3,1,1,,789,12/15/2025,500,,120%,1961,2.49,1961,2.49,2025-10-21,2026-06-02,225,170
Sanctuary,Namaste,4107,4,1,1,,789,Now,500,,120%,1979,2.51,1979,2.51,2025-10-25,,262,211
Sanctuary,Namaste,4322,3,1,1,,789,Now,500,,120%,1979,2.51,1979,2.51,2025-11-07,,249,29
Sanctuary,Namaste,4215,,1,1,,789,Now,500,,120%,1979,2.51,1979,2.51,2025-10-29,,258,32
Sanctuary,Namaste,4225,4,1,1,,789,Now,500,,120%,1979,2.51,1979,2.51,2025-10-29,,258,32
Sanctuary,Namaste,4245,2,1,1,,789,Now,500,,120%,1979,2.51,1979,2.51,2025-11-07,,249,29
Sanctuary,Namaste,4301,4,1,1,,789,Now,500,,120%,1979,2.51,1979,2.51,2025-11-07,,249,29
Sanctuary,Namaste,4111,4,1,1,,789,Now,500,,120%,1979,2.51,1979,2.51,2025-10-25,,262,211
Sanctuary,Namaste,4255,4,1,1,,789,Now,500,,120%,1979,2.51,1979,2.51,2025-11-07,,249,29
Sanctuary,Namaste,4307,3,1,1,,789,Now,500,,120%,1979,2.51,1979,2.51,2025-11-07,,249,29
Sanctuary,Namaste,4320,4,1,1,,789,Now,500,,120%,1979,2.51,1979,2.51,2025-11-07,,249,29
Sanctuary,Namaste,4257,,1,1,,789,Now,500,,120%,1979,2.51,1979,2.51,2025-11-07,,249,29
Sanctuary,Namaste,4101,4,1,1,,789,Now,500,,120%,1990,2.52,1990,2.52,2025-10-17,,270,3
Sanctuary,Namaste,2215,,1,1,,789,Now,500,,120%,2004,2.54,2004,2.54,2025-11-07,,249,211
Sanctuary,Namaste,5301,3,1,1,,789,Now,500,,120%,2004,2.54,2004,2.54,2025-11-07,,249,29
Sanctuary,Namaste,2112,,1,1,,789,Now,500,,120%,2004,2.54,2004,2.54,2025-10-24,,263,211
Sanctuary,Namaste,2155,,1,1,,789,Now,500,,120%,2004,2.54,2004,2.54,2025-11-07,,249,211
Sanctuary,Namaste,5101,5,1,1,,789,4/30/2026,500,,120%,2008,2.54,2008,2.54,2025-10-23,2026-05-03,193,4
Sanctuary,Namaste,2355,3,1,1,,789,Now,500,,120%,2009,2.55,2009,2.55,2025-11-07,,249,29
Sanctuary,Namaste,2313,3,1,1,,789,Now,500,,120%,2009,2.55,2009,2.55,2025-11-07,,249,29
Sanctuary,Namaste,2245,,1,1,,789,Now,500,,120%,2009,2.55,2009,2.55,2025-11-07,,249,29
Sanctuary,Namaste,1155,1,1,1,,789,Now,500,,120%,2029,2.57,2029,2.57,2025-10-28,,259,211
Sanctuary,Namaste,1215,2,1,1,,789,Now,500,,120%,2029,2.57,2029,2.57,2025-10-28,,259,104
Sanctuary,Namaste,1245,1,1,1,,789,Now,500,,120%,2034,2.58,2034,2.58,2025-11-07,,249,29
Sanctuary,Namaste,1313,1,1,1,,789,Now,500,,120%,2034,2.58,2034,2.58,2025-11-07,,249,29
Sanctuary,Namaste,1355,1,1,1,,789,Now,500,,120%,2034,2.58,2034,2.58,2025-11-07,,249,29
Sanctuary,Namaste,1122,1,1,1,,789,12/1/2025,500,,120%,2042,2.59,1644,2.08,2025-10-22,2026-01-13,84,44
Sanctuary,Namaste,3112,3,1,1,,789,5/12/2026,500,,120%,2049,2.6,1576,2,2025-10-21,2026-06-23,246,43
Sanctuary,Earth,3355,3,1,1,,789,Now,500,,120%,2054,2.6,2054,2.6,2025-10-17,,270,29
Sanctuary,Namaste,3313,3,1,1,,789,Now,500,,120%,2054,2.6,2054,2.6,2025-11-07,,249,29
Sanctuary,Earth,3155,3,1,1,,789,Now,500,,120%,2054,2.6,2054,2.6,2025-10-17,,270,211
Sanctuary,Namaste,5107,5,1,1,,789,Now,500,,120%,2079,2.63,2079,2.63,2025-10-23,,264,211
Sanctuary,Namaste,4355,4,1,1,,789,Now,500,,120%,2079,2.63,2079,2.63,2025-11-07,,249,104
Sanctuary,Namaste,5245,5,1,1,,789,Now,500,,120%,2079,2.63,2079,2.63,2025-10-19,,268,29
Sanctuary,Namaste,4313,,1,1,,789,Now,500,,120%,2079,2.63,2079,2.63,2025-11-07,,249,29
Sanctuary,Namaste,5307,,1,1,,789,Now,500,,120%,2079,2.63,2079,2.63,2025-11-07,,249,29
Sanctuary,Namaste,4155,4,1,1,,789,Now,500,,120%,2079,2.63,2079,2.63,2025-11-07,,249,211
Sanctuary,Namaste,5255,5,1,1,,789,Now,500,,120%,2079,2.63,2079,2.63,2025-10-19,,268,29
Sanctuary,Namaste,5320,5,1,1,,789,Now,500,,120%,2079,2.63,2079,2.63,2025-11-07,,249,29
Sanctuary,Namaste,4112,4,1,1,,789,12/15/2025,500,,120%,2079,2.63,2079,2.63,2025-10-25,2026-06-04,223,172
Sanctuary,Namaste,5322,5,1,1,,789,Now,500,,120%,2079,2.63,2079,2.63,2025-11-07,,249,29
Sanctuary,Namaste,5111,,1,1,,789,Now,500,,120%,2079,2.63,2079,2.63,2025-10-23,,264,211
Sanctuary,Namaste,5257,5,1,1,,789,Now,500,,120%,2079,2.63,2079,2.63,2025-10-19,,268,29
Sanctuary,Namaste,5215,,1,1,,789,Now,500,,120%,2079,2.63,2079,2.63,2025-11-07,,249,32
Sanctuary,Namaste,5155,5,1,1,,789,12/15/2025,500,,120%,2108,2.67,2108,2.67,2025-11-07,2026-04-26,171,133
Sanctuary,Namaste,5120,5,1,1,,789,12/1/2025,500,,120%,2121,2.69,1378,1.75,2025-10-27,2026-02-09,106,71
Sanctuary,Namaste,5112,5,1,1,,789,5/1/2026,500,,120%,2131,2.7,2131,2.7,2025-10-27,2026-05-17,203,17
Sanctuary,Namaste,4122,4,1,1,,789,12/15/2025,,,120%,2152,2.73,1737,2.2,2025-11-07,2025-12-11,35,0
Sanctuary,Namaste,5355,3,1,1,,789,Now,500,,120%,2179,2.76,2179,2.76,2025-11-07,,249,29
Sanctuary,Namaste,5313,5,1,1,,789,Now,500,,120%,2179,2.76,2179,2.76,2025-11-07,,249,29
Sanctuary,Namaste,5122,,1,1,,789,12/15/2025,,,120%,2187,2.77,1767,2.24,2025-11-07,2025-11-22,16,0
Sanctuary,Florence,3214,3,1,1,,822,Now,500,,120%,2019,2.46,2019,2.46,2025-10-17,,270,57
Sanctuary,Florence,3244,3,1,1,,822,Now,500,,120%,2019,2.46,2019,2.46,2025-10-17,,270,29
Sanctuary,Florence,4244,4,1,1,,822,Now,500,,120%,2044,2.49,2044,2.49,2025-10-17,,270,29
Sanctuary,Florence,5214,5,1,1,,822,6/12/2026,500,,120%,2085,2.54,2085,2.54,2025-10-17,2026-07-08,265,27
Sanctuary,Florence,5244,5,1,1,,822,Now,500,,120%,2144,2.61,2144,2.61,2025-10-17,,270,29
Sanctuary,San Paulo,3254,,1,1,,942,Now,500,,--,2984,3.17,2984,3.17,2025-10-17,,270,29
Sanctuary,San Paulo,3224,3,1,1,,942,Now,500,,--,2984,3.17,2984,3.17,2025-10-17,,270,32
Sanctuary,San Paulo,4254,4,1,1,,942,Now,500,,--,3009,3.19,3009,3.19,2025-10-17,,270,29
Sanctuary,San Paulo,4224,4,1,1,,942,Now,500,,--,3009,3.19,3009,3.19,2025-10-17,,270,32
Sanctuary,San Paulo,5224,5,1,1,,942,Now,500,,--,3109,3.3,3109,3.3,2025-10-17,,270,32
Sanctuary,San Paulo,5254,5,1,1,,942,Now,500,,--,3109,3.3,3109,3.3,2025-10-29,,258,29
Sanctuary,Mantra,3303,3,1,1,,1056,Now,500,,120%,2070,1.96,2070,1.96,2025-10-17,,270,29
Sanctuary,Mantra,3103,3,1,1,,1056,7/20/2026,500,,120%,2075,1.96,2075,1.96,2025-10-17,,270,0
Sanctuary,Mantra,4303,4,1,1,,1056,6/15/2026,500,,120%,2095,1.98,2095,1.98,2025-10-21,2026-07-12,265,28
Sanctuary,Mantra,2103,2,1,1,,1056,Now,500,,120%,2120,2.01,2120,2.01,2025-10-17,,270,211
Sanctuary,Mantra,2303,2,1,1,,1056,Now,500,,120%,2125,2.01,2125,2.01,2025-10-19,,268,29
Sanctuary,Mantra,1303,1,1,1,,1056,Now,500,,120%,2150,2.04,2150,2.04,2025-10-23,,264,29
Sanctuary,Mantra,1103,,1,1,,1056,12/15/2025,500,,120%,2216,2.1,2216,2.1,2025-10-17,2026-05-13,209,150
Sanctuary,Mantra,4103,4,1,1,,1056,12/1/2025,500,,120%,2280,2.16,1753,1.66,2025-10-17,2026-03-17,152,107
Sanctuary,Harmony,1321,1,1,1,,1063,Now,500,,120%,1994,1.88,1994,1.88,2025-11-07,,249,29
Sanctuary,Harmony,1318,1,1,1,,1063,Now,500,,120%,1994,1.88,1994,1.88,2025-11-07,,249,29
Sanctuary,Harmony,1308,1,1,1,,1063,Now,500,,120%,1994,1.88,1994,1.88,2025-11-07,,249,29
Sanctuary,Harmony,2105,2,1,1,,1063,Now,500,,120%,2040,1.92,2040,1.92,2025-11-07,,249,211
Sanctuary,Harmony,2153,2,1,1,,1063,Now,500,,120%,2040,1.92,2040,1.92,2025-10-23,,264,211
Sanctuary,Harmony,2133,,1,1,,1063,Now,500,,120%,2040,1.92,2040,1.92,2025-11-07,,249,211
Sanctuary,Harmony,2141,2,1,1,,1063,Now,500,,120%,2040,1.92,2040,1.92,2025-11-07,,249,211
Sanctuary,Harmony,2127,2,1,1,,1063,Now,500,,120%,2040,1.92,2040,1.92,2025-11-07,,249,211
Sanctuary,Harmony,2151,1,1,1,,1063,Now,500,,120%,2040,1.92,2040,1.92,2025-11-07,,249,211
Sanctuary,Harmony,2321,2,1,1,,1063,Now,500,,120%,2045,1.92,2045,1.92,2025-11-07,,249,29
Sanctuary,Harmony,2327,2,1,1,,1063,Now,500,,120%,2045,1.92,2045,1.92,2025-11-07,,249,29
Sanctuary,Harmony,2318,,1,1,,1063,Now,500,,120%,2045,1.92,2045,1.92,2025-11-07,,249,29
Sanctuary,Harmony,2305,2,1,1,,1063,Now,500,,120%,2045,1.92,2045,1.92,2025-11-07,,249,29
Sanctuary,Harmony,2341,,1,1,,1063,Now,500,,120%,2045,1.92,2045,1.92,2025-11-07,,249,29
Sanctuary,Harmony,2351,3,1,1,,1063,Now,500,,120%,2045,1.92,2045,1.92,2025-11-07,,249,29
Sanctuary,Harmony,2333,2,1,1,,1063,Now,500,,120%,2045,1.92,2045,1.92,2025-11-07,,249,29
Sanctuary,Harmony,2353,3,1,1,,1063,Now,500,,120%,2045,1.92,2045,1.92,2025-11-07,,249,29
Sanctuary,Harmony,2308,2,1,1,,1063,Now,500,,120%,2045,1.92,2045,1.92,2025-11-07,,249,29
Sanctuary,Harmony,1118,1,1,1,,1063,5/12/2026,500,,120%,2061,1.94,2061,1.94,2025-10-19,2026-05-14,208,3
Sanctuary,Harmony,1141,1,1,1,,1063,Now,500,,120%,2065,1.94,2065,1.94,2025-11-07,,249,211
Sanctuary,Harmony,1121,,1,1,,1063,Now,500,,120%,2065,1.94,2065,1.94,2025-10-19,,268,211
Sanctuary,Harmony,1153,1,1,1,,1063,Now,500,,120%,2065,1.94,2065,1.94,2025-11-07,,249,211
Sanctuary,Harmony,1151,,1,1,,1063,Now,500,,120%,2065,1.94,2065,1.94,2025-11-07,,249,211
Sanctuary,Harmony,1127,1,1,1,,1063,Now,500,,120%,2065,1.94,2065,1.94,2025-10-19,,268,211
Sanctuary,Harmony,1133,1,1,1,,1063,Now,500,,120%,2065,1.94,2065,1.94,2025-10-28,,259,211
Sanctuary,Harmony,1353,1,1,1,,1063,Now,500,,120%,2070,1.95,2070,1.95,2025-11-07,,249,29
Sanctuary,Harmony,1341,1,1,1,,1063,Now,500,,120%,2070,1.95,2070,1.95,2025-11-07,,249,29
Sanctuary,Harmony,1327,1,1,1,,1063,Now,500,,120%,2070,1.95,2070,1.95,2025-11-07,,249,29
Sanctuary,Harmony,1333,1,1,1,,1063,Now,500,,120%,2070,1.95,2070,1.95,2025-11-07,,249,29
Sanctuary,Harmony,1305,1,1,1,,1063,Now,500,,120%,2070,1.95,2070,1.95,2025-11-07,,249,29
Sanctuary,Harmony,1351,3,1,1,,1063,Now,500,,120%,2070,1.95,2070,1.95,2025-11-07,,249,29
Sanctuary,Harmony,3121,1,1,1,,1063,12/15/2025,500,,120%,2080,1.96,2080,1.96,2025-10-23,2026-07-11,262,209
Sanctuary,Harmony,3105,,1,1,,1063,12/15/2025,500,,120%,2088,1.96,2088,1.96,2025-10-23,2026-07-09,260,207
Sanctuary,Harmony,3321,3,1,1,,1063,Now,500,,120%,2090,1.97,2090,1.97,2025-11-07,,249,29
Sanctuary,Harmony,3341,,1,1,,1063,Now,500,,120%,2090,1.97,2090,1.97,2025-11-07,,249,29
Sanctuary,Harmony,3243,3,1,1,,1063,Now,500,,120%,2090,1.97,2090,1.97,2025-11-07,,249,29
Sanctuary,Harmony,3211,2,1,1,,1063,7/15/2026,500,,120%,2090,1.97,2090,1.97,2025-11-07,,249,0
Sanctuary,Harmony,3308,,1,1,,1063,Now,500,,120%,2090,1.97,2090,1.97,2025-11-07,,249,29
Sanctuary,Harmony,3153,3,1,1,,1063,Now,500,,120%,2090,1.97,2090,1.97,2025-10-29,,258,211
Sanctuary,Harmony,3333,3,1,1,,1063,Now,500,,120%,2090,1.97,2090,1.97,2025-11-07,,249,29
Sanctuary,Harmony,3305,3,1,1,,1063,Now,500,,120%,2090,1.97,2090,1.97,2025-11-07,,249,29
Sanctuary,Harmony,3127,3,1,1,,1063,Now,500,,120%,2090,1.97,2090,1.97,2025-10-29,,258,211
Sanctuary,Harmony,3318,3,1,1,,1063,Now,500,,120%,2090,1.97,2090,1.97,2025-11-07,,249,29
Sanctuary,Harmony,3151,,1,1,,1063,Now,500,,120%,2090,1.97,2090,1.97,2025-10-29,,258,211
Sanctuary,Harmony,3327,3,1,1,,1063,Now,500,,120%,2090,1.97,2090,1.97,2025-11-07,,249,29
Sanctuary,Harmony,3353,3,1,1,,1063,Now,500,,120%,2090,1.97,2090,1.97,2025-11-07,,249,29
Sanctuary,Harmony,3141,,1,1,,1063,Now,500,,120%,2090,1.97,2090,1.97,2025-11-04,,252,211
Sanctuary,Harmony,3351,3,1,1,,1063,Now,500,,120%,2090,1.97,2090,1.97,2025-11-07,,249,29
Sanctuary,Harmony,3133,,1,1,,1063,Now,500,,120%,2090,1.97,2090,1.97,2025-11-04,,252,211
Sanctuary,Harmony,2121,2,1,1,,1063,12/15/2025,500,,120%,2093,1.97,2093,1.97,2025-11-07,2026-04-26,171,133
Sanctuary,Harmony,3213,3,1,1,,1063,12/15/2025,500,,120%,2099,1.97,2099,1.97,2025-10-29,2026-07-07,252,205
Sanctuary,Harmony,4121,4,1,1,,1063,Now,500,,120%,2115,1.99,2115,1.99,2025-10-24,,263,211
Sanctuary,Harmony,4351,3,1,1,,1063,Now,500,,120%,2115,1.99,2115,1.99,2025-11-07,,249,29
Sanctuary,Harmony,4141,4,1,1,,1063,Now,500,,120%,2115,1.99,2115,1.99,2025-11-01,,255,211
Sanctuary,Harmony,4151,4,1,1,,1063,Now,500,,120%,2115,1.99,2115,1.99,2025-10-17,,270,211
Sanctuary,Harmony,4333,4,1,1,,1063,Now,500,,120%,2115,1.99,2115,1.99,2025-11-07,,249,29
Sanctuary,Harmony,4353,3,1,1,,1063,Now,500,,120%,2115,1.99,2115,1.99,2025-11-07,,249,104
Sanctuary,Harmony,4153,4,1,1,,1063,Now,500,,120%,2115,1.99,2115,1.99,2025-10-17,,270,211
Sanctuary,Harmony,4133,4,1,1,,1063,Now,500,,120%,2115,1.99,2115,1.99,2025-11-01,,255,211
Sanctuary,Harmony,4243,4,1,1,,1063,Now,500,,120%,2115,1.99,2115,1.99,2025-10-17,,270,29
Sanctuary,Harmony,4327,,1,1,,1063,Now,500,,120%,2115,1.99,2115,1.99,2025-11-07,,249,29
Sanctuary,Harmony,4321,4,1,1,,1063,Now,500,,120%,2115,1.99,2115,1.99,2025-11-07,,249,29
Sanctuary,Harmony,4341,3,1,1,,1063,Now,500,,120%,2115,1.99,2115,1.99,2025-11-07,,249,29
Sanctuary,Harmony,4305,4,1,1,,1063,Now,500,,120%,2115,1.99,2115,1.99,2025-11-07,,249,29
Sanctuary,Harmony,4127,,1,1,,1063,Now,500,,120%,2115,1.99,2115,1.99,2025-10-24,,263,211
Sanctuary,Harmony,2108,,1,1,,1063,4/26/2026,500,,120%,2136,2.01,2136,2.01,2025-11-07,2026-05-06,181,11
Sanctuary,Harmony,1105,,1,1,,1063,12/15/2025,500,,120%,2138,2.01,2138,2.01,2025-10-19,2026-06-05,230,173
Sanctuary,Harmony,3118,,1,1,,1063,12/1/2025,500,,120%,2160,2.03,2160,2.03,2025-10-23,2026-03-29,158,119
Sanctuary,Harmony,3201,3,1,1,,1063,12/15/2025,500,,120%,2161,2.03,2161,2.03,2025-10-29,2026-05-15,199,152
Sanctuary,Harmony,4308,4,1,1,,1063,4/1/2026,500,,120%,2171,2.04,2171,2.04,2025-11-07,2026-03-25,139,0
Sanctuary,Harmony,4105,,1,1,,1063,12/15/2025,500,,120%,2188,2.06,1683,1.58,2025-10-22,2026-06-17,239,185
Sanctuary,Harmony,4318,4,1,1,,1063,6/15/2026,500,,120%,2195,2.06,1688,1.59,2025-11-07,2026-06-23,229,9
Sanctuary,Harmony,4201,4,1,1,,1063,5/16/2026,500,,120%,2196,2.07,2196,2.07,2025-10-17,2026-05-19,215,4
Sanctuary,Harmony,1108,,1,1,,1063,12/1/2025,,,120%,2223,2.09,1797,1.69,2025-10-19,2025-11-20,33,0
Sanctuary,Harmony,2118,2,1,1,,1063,12/15/2025,500,,120%,2251,2.12,1821,1.71,2025-11-07,2025-12-23,47,9
Sanctuary,Harmony,3108,3,1,1,,1063,5/4/2026,500,,120%,2261,2.13,2261,2.13,2025-10-23,2026-05-13,203,10
Sanctuary,Harmony,4108,,1,1,,1063,12/1/2025,500,,120%,2326,2.19,2326,2.19,2025-10-22,2026-04-03,164,124
Sanctuary,Harmony,4211,4,1,1,,1063,4/1/2026,500,,120%,2334,2.2,1795,1.69,2025-10-17,2026-03-03,138,0
Sanctuary,Harmony,4118,,1,1,,1063,12/1/2025,500,,120%,2337,2.2,1797,1.69,2025-10-24,2026-03-03,131,93
Sanctuary,Haven,3209,3,1,1,,1064,7/15/2026,500,,120%,2090,1.96,2090,1.96,2025-10-17,,270,0
Sanctuary,Haven,3242,3,1,1,,1064,Now,500,,120%,2090,1.96,2090,1.96,2025-10-17,,270,29
Sanctuary,Haven,3203,3,1,1,,1064,7/15/2026,500,,120%,2107,1.98,1620,1.52,2025-10-17,2026-06-28,255,0
Sanctuary,Haven,4212,,1,1,,1064,12/15/2025,500,,120%,2151,2.02,2151,2.02,2025-10-21,2026-04-23,185,130
Sanctuary,Haven,4203,4,1,1,,1064,6/15/2026,500,,120%,2168,2.04,2168,2.04,2025-10-19,2026-04-30,194,0
Sanctuary,Haven,3212,2,1,1,,1064,5/5/2026,500,,120%,2171,2.04,2171,2.04,2025-10-17,2026-05-26,222,22
Sanctuary,Haven,4209,4,1,1,,1064,4/30/2026,500,,120%,2186,2.05,2186,2.05,2025-10-21,2026-05-07,199,8
Sanctuary,Haven,4242,4,1,1,,1064,5/6/2026,500,,120%,2196,2.06,2196,2.06,2025-10-17,2026-06-08,235,34
Sanctuary,Solerno,3265,3,1,1,,1079,Now,500,,--,3059,2.84,3059,2.84,2025-10-17,,270,29
Sanctuary,Solerno,3235,3,1,1,,1079,Now,500,,--,3059,2.84,3059,2.84,2025-10-17,,270,29
Sanctuary,Solerno,4235,4,1,1,,1079,Now,500,,--,3084,2.86,3084,2.86,2025-10-17,,270,29
Sanctuary,Solerno,4265,2,1,1,,1079,Now,500,,--,3084,2.86,3084,2.86,2025-10-19,,268,29
Sanctuary,Solerno,5265,5,1,1,,1079,Now,500,,--,3134,2.9,3134,2.9,2025-10-17,,270,29
Sanctuary,Solerno,5235,,1,1,,1079,Now,500,,--,3134,2.9,3134,2.9,2025-10-17,,270,59
Sanctuary,Roma,3263,3,1,1,,1350,Now,500,,--,3209,2.38,3209,2.38,2025-10-17,,270,29
Sanctuary,Roma,3233,3,1,1,,1350,Now,500,,--,3209,2.38,3209,2.38,2025-10-17,,270,29
Sanctuary,Roma,4233,4,1,1,,1350,Now,500,,--,3234,2.4,3234,2.4,2025-10-17,,270,29
Sanctuary,Roma,4263,4,1,1,,1350,Now,500,,--,3234,2.4,3234,2.4,2025-10-17,,270,29
Sanctuary,Serenity,1146,,2,2,,1183,Now,500,,120%,2649,2.24,2649,2.24,2025-10-21,,266,211
Sanctuary,Serenity,2346,3,2,2,,1183,Now,500,,120%,2651,2.24,2651,2.24,2025-11-07,,249,29
Sanctuary,Serenity,2312,2,2,2,,1183,Now,500,,120%,2651,2.24,2651,2.24,2025-11-07,,249,29
Sanctuary,Serenity,1346,3,2,2,,1183,Now,500,,120%,2677,2.26,2677,2.26,2025-11-07,,249,29
Sanctuary,Serenity,2219,2,2,2,,1183,Now,500,,120%,2699,2.28,2699,2.28,2025-10-28,,259,211
Sanctuary,Serenity,2146,2,2,2,,1183,12/1/2025,500,,120%,2718,2.3,2718,2.3,2025-10-24,2026-03-22,150,112
Sanctuary,Serenity,1219,1,2,2,,1183,Now,500,,120%,2724,2.3,2724,2.3,2025-10-27,,260,211
Sanctuary,Serenity,1145,1,2,2,,1183,Now,500,,120%,2724,2.3,2724,2.3,2025-10-21,,266,211
Sanctuary,Serenity,2345,3,2,2,,1183,Now,500,,120%,2727,2.31,2727,2.31,2025-11-07,,249,29
Sanctuary,Serenity,2249,2,2,2,,1183,Now,500,,120%,2727,2.31,2727,2.31,2025-11-07,,249,29
Sanctuary,Serenity,4146,,2,2,,1183,12/15/2025,500,,120%,2733,2.31,2733,2.31,2025-10-17,2026-04-28,194,135
Sanctuary,Serenity,3345,3,2,2,,1183,Now,500,,120%,2749,2.32,2749,2.32,2025-11-07,,249,29
Sanctuary,Serenity,3249,2,2,2,,1183,Now,500,,120%,2749,2.32,2749,2.32,2025-10-20,,267,29
Sanctuary,Serenity,3145,1,2,2,,1183,Now,500,,120%,2749,2.32,2749,2.32,2025-10-20,,267,211
Sanctuary,Serenity,3312,3,2,2,,1183,Now,500,,120%,2749,2.32,2749,2.32,2025-11-07,,249,29
Sanctuary,Serenity,2326,2,2,2,,1183,Now,500,,120%,2753,2.33,2753,2.33,2025-11-07,,249,29
Sanctuary,Serenity,1345,1,2,2,,1183,Now,500,,120%,2753,2.33,2753,2.33,2025-11-07,,249,29
Sanctuary,Serenity,1249,,2,2,,1183,Now,500,,120%,2753,2.33,2753,2.33,2025-10-27,,260,29
Sanctuary,Serenity,2334,3,2,2,,1183,Now,500,,120%,2753,2.33,2753,2.33,2025-11-07,,249,29
Sanctuary,Serenity,2145,2,2,2,,1183,12/15/2025,500,,120%,2765,2.34,2765,2.34,2025-10-24,2026-05-26,215,163
Sanctuary,Serenity,4346,4,2,2,,1183,6/15/2026,500,,120%,2771,2.34,2771,2.34,2025-11-07,2026-06-10,216,0
Sanctuary,Serenity,3334,3,2,2,,1183,Now,500,,120%,2774,2.34,2774,2.34,2025-11-07,,249,29
Sanctuary,Serenity,4145,1,2,2,,1183,Now,500,,120%,2774,2.34,2774,2.34,2025-10-17,,270,211
Sanctuary,Serenity,4312,4,2,2,,1183,Now,500,,120%,2774,2.34,2774,2.34,2025-11-07,,249,29
Sanctuary,Serenity,3326,3,2,2,,1183,Now,500,,120%,2774,2.34,2774,2.34,2025-11-07,,249,29
Sanctuary,Serenity,4219,4,2,2,,1183,Now,500,,120%,2774,2.34,2774,2.34,2025-10-17,,270,32
Sanctuary,Serenity,4249,4,2,2,,1183,Now,500,,120%,2774,2.34,2774,2.34,2025-10-17,,270,29
Sanctuary,Serenity,4345,4,2,2,,1183,Now,500,,120%,2774,2.34,2774,2.34,2025-11-07,,249,29
Sanctuary,Serenity,1334,1,2,2,,1183,Now,500,,120%,2778,2.35,2778,2.35,2025-11-07,,249,29
Sanctuary,Serenity,1326,3,2,2,,1183,Now,500,,120%,2778,2.35,2778,2.35,2025-11-07,,249,29
Sanctuary,Serenity,2134,2,2,2,,1183,Now,500,,120%,2799,2.37,2799,2.37,2025-10-24,,263,211
Sanctuary,Serenity,2126,,2,2,,1183,Now,500,,120%,2799,2.37,2799,2.37,2025-10-24,,263,211
Sanctuary,Serenity,2117,2,2,2,,1183,Now,500,,120%,2799,2.37,2799,2.37,2025-10-24,,263,211
Sanctuary,Serenity,3219,3,2,2,,1183,12/15/2025,500,,120%,2804,2.37,2156,1.82,2025-10-20,2026-06-20,244,188
Sanctuary,Serenity,1117,,2,2,,1183,Now,500,,120%,2824,2.39,2824,2.39,2025-10-21,,266,211
Sanctuary,Serenity,2317,2,2,2,,1183,Now,500,,120%,2829,2.39,2829,2.39,2025-11-07,,249,29
Sanctuary,Serenity,5146,5,2,2,,1183,4/28/2026,500,,120%,2833,2.39,2833,2.39,2025-10-28,2026-04-30,185,3
Sanctuary,Serenity,5346,5,2,2,,1183,6/15/2026,500,,120%,2834,2.4,2834,2.4,2025-11-07,2026-05-11,186,0
Sanctuary,Serenity,1126,1,2,2,,1183,12/15/2025,500,,120%,2845,2.4,2845,2.4,2025-10-21,2026-04-16,178,123
Sanctuary,Serenity,3134,,2,2,,1183,Now,500,,120%,2849,2.41,2849,2.41,2025-10-20,,267,211
Sanctuary,Serenity,1317,1,2,2,,1183,Now,500,,120%,2854,2.41,2854,2.41,2025-11-07,,249,29
Sanctuary,Serenity,5345,5,2,2,,1183,Now,500,,120%,2874,2.43,2874,2.43,2025-11-07,,249,29
Sanctuary,Serenity,5145,,2,2,,1183,Now,500,,120%,2874,2.43,2874,2.43,2025-11-01,,255,211
Sanctuary,Serenity,4326,,2,2,,1183,Now,500,,120%,2874,2.43,2874,2.43,2025-11-07,,249,29
Sanctuary,Serenity,4334,4,2,2,,1183,Now,500,,120%,2874,2.43,2874,2.43,2025-11-07,,249,29
Sanctuary,Serenity,5219,,2,2,,1183,Now,500,,120%,2874,2.43,2874,2.43,2025-11-07,,249,32
Sanctuary,Serenity,4117,,2,2,,1183,Now,500,,120%,2874,2.43,2874,2.43,2025-10-19,,268,211
Sanctuary,Serenity,5249,2,2,2,,1183,Now,500,,120%,2874,2.43,2874,2.43,2025-11-07,,249,29
Sanctuary,Serenity,4317,,2,2,,1183,Now,500,,120%,2874,2.43,2874,2.43,2025-11-07,,249,29
Sanctuary,Serenity,4134,4,2,2,,1183,12/15/2025,500,,120%,2874,2.43,2874,2.43,2025-10-19,2026-07-12,267,210
Sanctuary,Serenity,5312,5,2,2,,1183,Now,500,,120%,2874,2.43,2874,2.43,2025-11-07,,249,29
Sanctuary,Serenity,3126,3,2,2,,1183,12/15/2025,500,,120%,2881,2.44,2216,1.87,2025-10-28,2026-06-23,239,191
Sanctuary,Serenity,1134,,2,2,,1183,12/15/2025,500,,120%,2906,2.46,2906,2.46,2025-10-21,2026-07-08,261,206
Sanctuary,Serenity,4126,4,2,2,,1183,12/15/2025,500,,120%,2929,2.48,2253,1.9,2025-10-19,2026-06-20,245,188
Sanctuary,Serenity,5134,5,2,2,,1183,12/15/2025,500,,120%,2940,2.49,2940,2.49,2025-11-01,2026-05-18,199,155
Sanctuary,Serenity,5317,,2,2,,1183,Now,500,,120%,2974,2.51,2974,2.51,2025-11-07,,249,29
Sanctuary,Serenity,5326,5,2,2,,1183,Now,500,,120%,2974,2.51,2974,2.51,2025-11-07,,249,29
Sanctuary,Serenity,5117,5,2,2,,1183,Now,500,,120%,2974,2.51,2974,2.51,2025-10-17,,270,211
Sanctuary,Serenity,5334,5,2,2,,1183,Now,500,,120%,2974,2.51,2974,2.51,2025-11-07,,249,29
Sanctuary,Serenity,5126,,2,2,,1183,12/15/2025,500,,120%,3068,2.59,3068,2.59,2025-11-01,2026-03-21,141,97
Sanctuary,Serenity,1312,1,2,2,,1183,Now,500,,120%,3182,2.69,3182,2.69,2025-11-07,,249,29
Sanctuary,Water,3146,,2,2,,1190,Now,500,,120%,2694,2.26,2694,2.26,2025-10-17,,270,211
Sanctuary,Water,3346,3,2,2,,1190,Now,500,,120%,2694,2.26,2694,2.26,2025-10-17,,270,29
Sanctuary,Water,3317,3,2,2,,1190,Now,500,,120%,2869,2.41,2869,2.41,2025-10-17,,270,29
Sanctuary,Water,3117,3,2,2,,1190,Now,500,,120%,2869,2.41,2869,2.41,2025-10-17,,270,211
Sanctuary,Legacy,2229,2,2,2,,1222,Now,500,,--,3499,2.86,3499,2.86,2025-10-23,,264,211
Sanctuary,Legacy,1229,,2,2,,1222,Now,500,,--,3524,2.88,3524,2.88,2025-10-19,,268,211
Sanctuary,Legacy,2336,,2,2,,1222,Now,500,,--,3535,2.89,3535,2.89,2025-11-07,,249,29
Sanctuary,Legacy,2259,,2,2,,1222,Now,500,,--,3535,2.89,3535,2.89,2025-11-07,,249,29
Sanctuary,Legacy,1259,,2,2,,1222,Now,500,,--,3560,2.91,3560,2.91,2025-11-07,,249,29
Sanctuary,Legacy,2115,2,2,2,,1222,Now,500,,--,3575,2.93,3575,2.93,2025-10-20,,267,211
Sanctuary,Legacy,2136,,2,2,,1222,Now,500,,--,3575,2.93,3575,2.93,2025-10-20,,267,211
Sanctuary,Legacy,2124,,2,2,,1222,Now,500,,--,3575,2.93,3575,2.93,2025-10-20,,267,211
Sanctuary,Legacy,2114,,2,2,,1222,Now,500,,--,3575,2.93,3575,2.93,2025-10-20,,267,211
Sanctuary,Legacy,1114,1,2,2,,1222,Now,500,,--,3600,2.95,3600,2.95,2025-10-19,,268,211
Sanctuary,Legacy,1115,,2,2,,1222,Now,500,,--,3600,2.95,3600,2.95,2025-10-19,,268,211
Sanctuary,Legacy,2324,,2,2,,1222,Now,500,,--,3610,2.95,3610,2.95,2025-11-07,,249,29
Sanctuary,Legacy,2314,2,2,2,,1222,Now,500,,--,3610,2.95,3610,2.95,2025-11-07,,249,29
Sanctuary,Legacy,2315,2,2,2,,1222,Now,500,,--,3610,2.95,3610,2.95,2025-11-07,,249,29
Sanctuary,Legacy,3336,3,2,2,,1222,Now,500,,--,3625,2.97,3625,2.97,2025-11-07,,249,29
Sanctuary,Legacy,1315,1,2,2,,1222,Now,500,,--,3635,2.97,3635,2.97,2025-11-07,,249,29
Sanctuary,Legacy,1336,1,2,2,,1222,Now,500,,--,3635,2.97,3635,2.97,2025-11-07,,249,29
Sanctuary,Legacy,1124,,2,2,,1222,Now,500,,--,3650,2.99,3650,2.99,2025-10-19,,268,211
Sanctuary,Legacy,1136,,2,2,,1222,Now,500,,--,3650,2.99,3650,2.99,2025-10-19,,268,211
Sanctuary,Legacy,3324,3,2,2,,1222,Now,500,,--,3700,3.03,3700,3.03,2025-11-07,,249,29
Sanctuary,Legacy,3115,3,2,2,,1222,Now,500,,--,3700,3.03,3700,3.03,2025-11-01,,255,211
Sanctuary,Legacy,3259,3,2,2,,1222,Now,500,,--,3700,3.03,3700,3.03,2025-11-07,,249,29
Sanctuary,Legacy,3229,3,2,2,,1222,Now,500,,--,3700,3.03,3700,3.03,2025-10-30,,257,211
Sanctuary,Legacy,3114,,2,2,,1222,Now,500,,--,3700,3.03,3700,3.03,2025-11-01,,255,211
Sanctuary,Legacy,3136,3,2,2,,1222,Now,500,,--,3700,3.03,3700,3.03,2025-11-01,,255,211
Sanctuary,Legacy,3315,3,2,2,,1222,Now,500,,--,3700,3.03,3700,3.03,2025-11-07,,249,29
Sanctuary,Legacy,3314,3,2,2,,1222,Now,500,,--,3700,3.03,3700,3.03,2025-11-07,,249,29
Sanctuary,Legacy,3124,3,2,2,,1222,Now,500,,--,3700,3.03,3700,3.03,2025-11-01,,255,211
Sanctuary,Legacy,1324,3,2,2,,1222,Now,500,,--,3710,3.04,3710,3.04,2025-11-07,,249,29
Sanctuary,Legacy,4136,4,2,2,,1222,Now,500,,--,3725,3.05,3725,3.05,2025-10-17,,270,211
Sanctuary,Legacy,4259,4,2,2,,1222,Now,500,,--,3725,3.05,3725,3.05,2025-11-07,,249,29
Sanctuary,Legacy,4315,4,2,2,,1222,Now,500,,--,3725,3.05,3725,3.05,2025-11-07,,249,29
Sanctuary,Legacy,4324,4,2,2,,1222,Now,500,,--,3725,3.05,3725,3.05,2025-11-07,,249,29
Sanctuary,Legacy,4115,1,2,2,,1222,Now,500,,--,3725,3.05,3725,3.05,2025-10-17,,270,211
Sanctuary,Legacy,4314,4,2,2,,1222,Now,500,,--,3725,3.05,3725,3.05,2025-11-07,,249,29
Sanctuary,Legacy,4336,3,2,2,,1222,Now,500,,--,3725,3.05,3725,3.05,2025-11-07,,249,29
Sanctuary,Legacy,4229,4,2,2,,1222,5/16/2026,500,,--,3772,3.09,3772,3.09,2025-10-17,2026-07-06,263,52
Sanctuary,Legacy,5315,3,2,2,,1222,Now,500,,--,3775,3.09,3775,3.09,2025-11-07,,249,29
Sanctuary,Legacy,5259,5,2,2,,1222,Now,500,,--,3775,3.09,3775,3.09,2025-11-07,,249,29
Sanctuary,Legacy,5314,5,2,2,,1222,Now,500,,--,3775,3.09,3775,3.09,2025-11-07,,249,29
Sanctuary,Legacy,5336,3,2,2,,1222,Now,500,,--,3775,3.09,3775,3.09,2025-11-07,,249,29
Sanctuary,Legacy,5124,5,2,2,,1222,8/15/2026,500,,--,3844,3.15,3844,3.15,2025-10-21,2026-07-11,264,0
Sanctuary,Legacy,4114,4,2,2,,1222,12/15/2025,500,,--,3867,3.16,2974,2.43,2025-10-17,2026-06-17,244,185
Sanctuary,Legacy,4124,4,2,2,,1222,12/15/2025,500,,--,3922,3.21,3922,3.21,2025-10-17,2026-05-17,213,154
Sanctuary,Legacy,5229,5,2,2,,1222,1/27/2026,500,,--,4030,3.3,4030,3.3,2025-10-21,2026-04-22,184,86
Sanctuary,Legacy,5115,5,2,2,,1222,4/3/2026,500,,--,4056,3.32,3119,2.55,2025-10-21,2026-03-17,148,0
Sanctuary,Legacy,5136,5,2,2,,1222,12/15/2025,500,,--,4063,3.32,4063,3.32,2025-10-21,2026-05-06,198,143
Sanctuary,Legacy,5114,5,2,2,,1222,12/1/2025,500,,--,4081,3.34,3369,2.76,2025-10-20,2026-01-18,91,49
Sanctuary,Legacy,1314,1,2,2,,1222,Now,500,,--,4135,3.38,4135,3.38,2025-11-07,,249,29
Sanctuary,Legacy,5324,5,2,2,,1222,4/1/2026,500,,--,4172,3.41,3208,2.63,2025-11-07,2026-03-03,117,0
Sanctuary,Nepal,3207,3,2,2,,1252,7/15/2026,500,,120%,2819,2.25,2819,2.25,2025-10-17,,270,0
Sanctuary,Nepal,3250,3,2,2,,1252,Now,500,,120%,2819,2.25,2819,2.25,2025-10-17,,270,29
Sanctuary,Nepal,3205,3,2,2,,1252,7/15/2026,500,,120%,2819,2.25,2819,2.25,2025-10-17,,270,0
Sanctuary,Nepal,3220,3,2,2,,1252,Now,500,,120%,2819,2.25,2819,2.25,2025-10-17,,270,32
Sanctuary,Nepal,4205,4,2,2,,1252,Now,500,,120%,2844,2.27,2844,2.27,2025-10-20,,267,29
Sanctuary,Nepal,4207,2,2,2,,1252,Now,500,,120%,2844,2.27,2844,2.27,2025-10-21,,266,29
Sanctuary,Nepal,4250,,2,2,,1252,Now,500,,120%,2844,2.27,2844,2.27,2025-10-21,,266,29
Sanctuary,Nepal,4220,4,2,2,,1252,Now,500,,120%,2844,2.27,2844,2.27,2025-10-17,,270,32
Sanctuary,Nepal,5205,2,2,2,,1252,6/15/2026,500,,120%,2904,2.32,2904,2.32,2025-10-21,2026-05-05,197,0
Sanctuary,Nepal,5250,,2,2,,1252,Now,500,,120%,2944,2.35,2944,2.35,2025-10-19,,268,29
Sanctuary,Nepal,5207,5,2,2,,1252,Now,500,,120%,2944,2.35,2944,2.35,2025-10-29,,258,29
Sanctuary,Nepal,5220,,2,2,,1252,7/21/2026,500,,120%,2975,2.38,2975,2.38,2025-10-28,,259,0
Sanctuary,Celestial,1231,2,2,2,,1272,Now,500,,120%,2849,2.24,2849,2.24,2025-10-19,,268,211
Sanctuary,Celestial,2261,2,2,2,,1272,Now,500,,120%,2854,2.24,2854,2.24,2025-10-19,,268,29
Sanctuary,Celestial,1261,1,2,2,,1272,Now,500,,120%,2879,2.26,2879,2.26,2025-10-19,,268,29
Sanctuary,Celestial,3231,3,2,2,,1272,12/15/2025,500,,120%,2890,2.27,2890,2.27,2025-10-17,2026-05-19,215,156
Sanctuary,Celestial,4261,4,2,2,,1272,6/15/2026,500,,120%,2949,2.32,2949,2.32,2025-10-17,2026-07-12,269,28
Sanctuary,Celestial,3261,2,2,2,,1272,6/15/2026,500,,120%,2956,2.32,2956,2.32,2025-10-17,2026-07-04,261,20
Sanctuary,Celestial,5261,5,2,2,,1272,6/15/2026,500,,120%,2959,2.33,2959,2.33,2025-10-17,2026-05-05,201,0
Sanctuary,Celestial,4231,4,2,2,,1272,12/1/2025,500,,120%,2997,2.36,2997,2.36,2025-10-21,2026-04-05,167,126
Sanctuary,Celestial,2231,2,2,2,,1272,12/1/2025,500,,120%,3061,2.41,2354,1.85,2025-10-19,2026-02-25,130,87
Sanctuary,Celestial,5231,5,2,2,,1272,12/1/2025,500,,120%,3164,2.49,2433,1.91,2025-10-17,2026-03-03,138,93
Sanctuary,Aurora,5303,5,2,2,,2125,6/15/2026,500,,--,4552,2.14,4552,2.14,2025-10-17,2026-06-13,240,0
Sanctuary,Aurora,5103,5,2,2,,2125,12/15/2025,500,,--,4606,2.17,4606,2.17,2025-10-17,2026-04-22,188,129
Sanctuary,Zen,5318,,2,2,,2139,4/1/2026,500,,--,4561,2.13,3508,1.64,2025-11-07,2026-03-14,128,0
Sanctuary,Zen,5243,5,2,2,,2139,Now,500,,--,4626,2.16,4626,2.16,2025-10-19,,268,101
Sanctuary,Zen,5118,5,2,2,,2139,12/1/2025,500,,--,4626,2.16,3497,1.63,2025-10-17,2026-02-07,114,69
Sanctuary,Zen,5151,5,2,2,,2139,12/15/2025,500,,--,4647,2.17,4647,2.17,2025-10-17,2026-06-01,228,169
Sanctuary,Zen,5213,5,2,2,,2139,Now,500,,--,4701,2.2,4701,2.2,2025-10-17,,270,14
Sanctuary,Zen,5141,,2,2,,2139,Now,500,,--,4701,2.2,4701,2.2,2025-10-17,,270,211
Sanctuary,Zen,5351,,2,2,,2139,Now,500,,--,4701,2.2,4701,2.2,2025-11-07,,249,29
Sanctuary,Zen,5321,3,2,2,,2139,Now,500,,--,4701,2.2,4701,2.2,2025-11-07,,249,29
Sanctuary,Zen,5121,5,2,2,,2139,Now,500,,--,4701,2.2,4701,2.2,2025-10-17,,270,211
Sanctuary,Zen,5341,,2,2,,2139,Now,500,,--,4701,2.2,4701,2.2,2025-11-07,,249,29
Sanctuary,Tibet,5209,5,2,2,,2149,6/15/2026,500,,--,4733,2.2,4733,2.2,2025-10-17,2026-05-17,213,0
Sanctuary,Tibet,5203,5,2,2,,2149,6/15/2026,500,,--,4741,2.21,3646,1.7,2025-10-17,2026-06-19,246,5
Sanctuary,Tower,5263,5,2,2,,3064,Now,500,,--,11460,3.74,11460,3.74,2025-10-17,,270,29
Sanctuary,Tower,5233,5,2,2,,3064,Now,500,,--,11460,3.74,11460,3.74,2025-10-17,,270,29
Innovation Park at Holbrook Farms,1 Bed / 1.5 Bath-Tandem,184,,1,1,1,775,9/19/2024,,6,50%,963,1.24,963,1.24,2024-09-18,2024-10-05,18,17
Innovation Park at Holbrook Farms,1 Bed / 1.5 Bath-Tandem,206,,1,1,1,775,9/19/2024,,6,50%,963,1.24,963,1.24,2024-09-18,2024-10-05,18,17
Innovation Park at Holbrook Farms,1 Bed / 1.5 Bath,216,1,1,1,1,775,9/19/2024,,6,50%,963,1.24,963,1.24,2024-09-18,2024-10-05,18,17
Innovation Park at Holbrook Farms,1 Bed / 1.5 Bath,216,1,1,1,1,775,6/2/2025,,12,50%,1168,1.51,1168,1.51,2025-04-30,2025-05-01,2,0
Innovation Park at Holbrook Farms,1 Bed / 1.5 Bath Back to Back,210-2,2,1,1,1,775,5/22/2026,,12,60%,1231,1.59,1231,1.59,2026-05-21,2026-05-22,2,1
Innovation Park at Holbrook Farms,1 Bed / 1.5 Bath Back to Back,174,,1,1,1,775,9/19/2024,,6,60%,963,1.24,963,1.24,2024-09-18,2024-10-05,18,17
Innovation Park at Holbrook Farms,1 Bed / 1.5 Bath Back to Back,174,,1,1,1,775,8/2/2025,,12,60%,1231,1.59,1231,1.59,2025-07-04,2025-07-31,28,0
Innovation Park at Holbrook Farms,1 Bed / 1.5 Bath Back to Back,174,,1,1,1,775,4/10/2026,,12,60%,1231,1.59,1231,1.59,2026-02-27,2026-04-07,40,0
Innovation Park at Holbrook Farms,1 Bed / 1.5 Bath Back to Back,109,,1,1,1,775,12/2/2025,,12,60%,1231,1.59,1231,1.59,2025-10-01,2025-10-21,21,0
Innovation Park at Holbrook Farms,1 Bed / 1.5 Bath Back to Back,212-2,2,1,1,1,775,7/1/2026,,12,60%,1231,1.59,1231,1.59,2026-05-16,2026-05-19,4,0
Innovation Park at Holbrook Farms,1 Bed / 1.5 Bath Back to Back,117,1,1,1,1,775,9/19/2024,,6,60%,1470,1.9,1470,1.9,2024-09-18,2024-10-05,18,17
Innovation Park at Holbrook Farms,1 Bed / 1.5 Bath Back to Back,117,1,1,1,1,775,1/7/2025,,12,60%,1168,1.51,1168,1.51,2025-01-06,2025-01-11,6,5
Innovation Park at Holbrook Farms,1 Bed / 1.5 Bath Back to Back,117,1,1,1,1,775,10/1/2025,,12,60%,1231,1.59,1231,1.59,2025-09-10,2025-10-11,32,11
Innovation Park at Holbrook Farms,1 Bed / 1.5 Bath,154,,1,1,1,775,9/19/2024,,6,60%,963,1.24,963,1.24,2024-09-18,2024-10-05,18,17
Innovation Park at Holbrook Farms,1 Bed / 1.5 Bath,154,,1,1,1,775,8/1/2025,,12,60%,1231,1.59,1231,1.59,2025-07-18,2025-08-06,20,6
Innovation Park at Holbrook Farms,1 Bed / 1.5 Bath Back to Back,233,3,1,1,1,775,9/19/2024,,6,60%,963,1.24,963,1.24,2024-09-18,2024-10-05,18,17
Innovation Park at Holbrook Farms,1 Bed / 1.5 Bath Back to Back,233,3,1,1,1,775,6/16/2025,,12,60%,1231,1.59,1231,1.59,2025-06-03,2025-08-14,73,60
Innovation Park at Holbrook Farms,1 Bed / 1.5 Bath Back to Back,233,3,1,1,1,775,6/1/2026,,12,60%,1231,1.59,1231,1.59,2026-05-31,2026-06-01,2,1
Innovation Park at Holbrook Farms,1 Bed / 1.5 Bath Back to Back,220-2,,1,1,1,775,4/18/2026,,12,60%,1231,1.59,1231,1.59,2026-04-17,2026-04-30,14,13
Innovation Park at Holbrook Farms,1 Bed / 1.5 Bath Back to Back,112,1,1,1,1,775,9/19/2024,,12,60%,1470,1.9,1470,1.9,2024-09-18,2025-01-11,116,115
Innovation Park at Holbrook Farms,1 Bed / 1.5 Bath Back to Back,112,1,1,1,1,775,2/15/2026,,12,60%,1231,1.59,1231,1.59,2025-11-17,2025-12-18,32,0
Innovation Park at Holbrook Farms,1 Bed / 1.5 Bath,226,2,1,1,1,775,9/19/2024,,6,60%,963,1.24,963,1.24,2024-09-18,2024-10-05,18,17
Innovation Park at Holbrook Farms,1 Bed / 1.5 Bath,226,2,1,1,1,775,6/15/2025,,12,60%,1231,1.59,1231,1.59,2025-06-03,2025-06-25,23,11
Innovation Park at Holbrook Farms,1 Bed / 1.5 Bath Back to Back,225-2,2,1,1,1,775,4/18/2026,,12,60%,1231,1.59,1231,1.59,2026-04-17,2026-04-21,5,4
Innovation Park at Holbrook Farms,1 Bed / 1.5 Bath Back to Back,223,2,1,1,1,775,9/19/2024,,6,60%,1470,1.9,1470,1.9,2024-09-18,2024-10-05,18,17
Innovation Park at Holbrook Farms,1 Bed / 1.5 Bath Back to Back,223,2,1,1,1,775,4/22/2026,,12,60%,1372,1.77,1372,1.77,2025-04-15,2026-05-19,400,28
Innovation Park at Holbrook Farms,1 Bed / 1.5 Bath Back to Back,193,,1,1,1,775,9/19/2024,,6,60%,1470,1.9,1470,1.9,2024-09-18,2024-10-05,18,17
Innovation Park at Holbrook Farms,1 Bed / 1.5 Bath Back to Back,193,,1,1,1,775,4/15/2026,,12,60%,1372,1.77,1372,1.77,2025-02-19,2026-04-15,421,1
Innovation Park at Holbrook Farms,1 Bed / 1.5 Bath Back to Back,192,,1,1,1,775,9/19/2024,,6,60%,963,1.24,963,1.24,2024-09-18,2024-10-05,18,17
Innovation Park at Holbrook Farms,1 Bed / 1.5 Bath Back to Back,192,,1,1,1,775,4/15/2026,,12,60%,1372,1.77,1372,1.77,2025-02-19,2026-05-06,442,22
Innovation Park at Holbrook Farms,1 Bed / 1.5 Bath-Tandem,128,2,1,1,1,775,9/19/2024,,6,80%,1470,1.9,1470,1.9,2024-09-18,2024-10-05,18,17
Innovation Park at Holbrook Farms,1 Bed / 1.5 Bath Back to Back,113,1,1,1,1,775,9/19/2024,,6,80%,1470,1.9,1470,1.9,2024-09-18,2024-12-06,80,79
Innovation Park at Holbrook Farms,1 Bed / 1.5 Bath Back to Back,113,1,1,1,1,775,9/1/2026,,12,80%,1470,1.9,1470,1.9,2026-07-11,,3,0
Innovation Park at Holbrook Farms,1 Bed / 1.5 Bath-Tandem,181,,1,1,1,775,9/19/2024,,6,80%,1470,1.9,1470,1.9,2024-09-18,2024-10-05,18,17
Innovation Park at Holbrook Farms,1 Bed / 1.5 Bath Back to Back,146,4,1,1,1,775,9/19/2024,,6,80%,1470,1.9,1470,1.9,2024-09-18,2024-10-05,18,17
Innovation Park at Holbrook Farms,1 Bed / 1.5 Bath Back to Back,146,4,1,1,1,775,8/1/2025,,12,80%,1514,1.95,1514,1.95,2025-07-18,2025-08-09,23,9
Innovation Park at Holbrook Farms,1 Bed / 1.5 Bath Back to Back,146,4,1,1,1,775,8/1/2026,,12,80%,1514,1.95,1514,1.95,2026-06-09,,35,0
Innovation Park at Holbrook Farms,1 Bed / 1.5 Bath Back to Back,108,,1,1,1,775,9/19/2024,,6,80%,1470,1.9,1470,1.9,2024-09-18,2024-10-16,29,28
Innovation Park at Holbrook Farms,1 Bed / 1.5 Bath Back to Back,108,,1,1,1,775,5/1/2025,,12,80%,1514,1.95,1514,1.95,2025-02-13,2025-08-08,177,100
Innovation Park at Holbrook Farms,1 Bed / 1.5 Bath Back to Back,108,,1,1,1,775,4/30/2026,,12,80%,1514,1.95,1514,1.95,2026-02-27,2026-05-27,90,28
Innovation Park at Holbrook Farms,1 Bed / 1.5 Bath Back to Back,155,,1,1,1,775,9/19/2024,,6,80%,1470,1.9,1470,1.9,2024-09-18,2024-10-05,18,17
Innovation Park at Holbrook Farms,1 Bed / 1.5 Bath Back to Back,155,,1,1,1,775,8/1/2025,,12,80%,1514,1.95,1514,1.95,2025-07-18,2026-02-20,218,204
Innovation Park at Holbrook Farms,1 Bed / 1.5 Bath Back to Back,125,2,1,1,1,775,9/19/2024,,6,80%,1470,1.9,1470,1.9,2024-09-18,2024-10-05,18,17
Innovation Park at Holbrook Farms,1 Bed / 1.5 Bath Back to Back,125,2,1,1,1,775,2/7/2025,,12,80%,1577,2.03,1577,2.03,2025-02-06,2025-03-28,51,50
Innovation Park at Holbrook Farms,1 Bed / 1.5 Bath Back to Back,125,2,1,1,1,775,4/1/2026,,12,80%,1514,1.95,1514,1.95,2026-02-27,2026-04-14,47,14
Innovation Park at Holbrook Farms,1 Bed / 1.5 Bath Back to Back,215-2,2,1,1,1,775,6/18/2026,,12,80%,1514,1.95,1514,1.95,2026-05-16,2026-06-23,39,6
Innovation Park at Holbrook Farms,1 Bed / 1.5 Bath Back to Back,222-2,,1,1,1,775,4/18/2026,,12,80%,1514,1.95,1514,1.95,2026-04-17,2026-05-28,42,41
Innovation Park at Holbrook Farms,1 Bed / 1.5 Bath Back to Back,149,4,1,1,1,775,9/19/2024,,6,80%,963,1.24,963,1.24,2024-09-18,2024-10-05,18,17
Innovation Park at Holbrook Farms,1 Bed / 1.5 Bath Back to Back,149,4,1,1,1,775,8/1/2025,,12,80%,1514,1.95,1514,1.95,2025-07-18,2026-02-24,222,208
Innovation Park at Holbrook Farms,1 Bed / 1.5 Bath Back to Back,213,1,1,1,1,775,9/19/2024,,6,80%,1470,1.9,1470,1.9,2024-09-18,2024-10-05,18,17
Innovation Park at Holbrook Farms,1 Bed / 1.5 Bath Back to Back,213,1,1,1,1,775,5/1/2025,,12,80%,1514,1.95,1514,1.95,2025-04-15,2026-03-13,333,317
Innovation Park at Holbrook Farms,1 Bed / 1.5 Bath Back to Back,147,4,1,1,1,775,9/19/2024,,6,80%,1470,1.9,1470,1.9,2024-09-18,2024-10-05,18,17
Innovation Park at Holbrook Farms,1 Bed / 1.5 Bath Back to Back,147,4,1,1,1,775,8/1/2025,,12,80%,1577,2.03,1577,2.03,2025-07-18,2025-10-07,82,68
Innovation Park at Holbrook Farms,1 Bed / 1.5 Bath,120,,1,1,1,775,9/19/2024,,6,80%,1470,1.9,1470,1.9,2024-09-18,2024-10-05,18,17
Innovation Park at Holbrook Farms,1 Bed / 1.5 Bath,120,,1,1,1,775,1/7/2025,,12,80%,1577,2.03,1577,2.03,2025-01-06,2025-01-07,2,1
Innovation Park at Holbrook Farms,1 Bed / 1.5 Bath Back to Back,217-2,,1,1,1,775,7/1/2026,,12,80%,1577,2.03,1577,2.03,2026-05-16,2026-05-19,4,0
Innovation Park at Holbrook Farms,1 Bed / 1.5 Bath Back to Back,152,,1,1,1,775,9/19/2024,,6,80%,1470,1.9,1470,1.9,2024-09-18,2024-10-05,18,17
Innovation Park at Holbrook Farms,1 Bed / 1.5 Bath Back to Back,152,,1,1,1,775,8/1/2025,,12,80%,1577,2.03,1577,2.03,2025-07-18,2025-12-01,137,123
Innovation Park at Holbrook Farms,1 Bed / 1.5 Bath,185,,1,1,1,775,9/19/2024,,6,80%,1470,1.9,1470,1.9,2024-09-18,2024-10-05,18,17
Innovation Park at Holbrook Farms,1 Bed / 1.5 Bath,185,,1,1,1,775,4/27/2025,,12,80%,1577,2.03,1577,2.03,2025-04-26,2025-05-26,31,30
Innovation Park at Holbrook Farms,1 Bed / 1.5 Bath-Tandem,133,3,1,1,1,1131,9/19/2024,,6,80%,1470,1.3,1470,1.3,2024-09-18,2024-10-05,18,17
Innovation Park at Holbrook Farms,1 Bed / 1.5 Bath Tandem,103,,1,1,1,1131,9/19/2024,,6,80%,1470,1.3,1470,1.3,2024-09-18,2024-09-25,8,7
Innovation Park at Holbrook Farms,1 Bed / 1.5 Bath Tandem,103,,1,1,1,1131,5/2/2025,,12,80%,1577,1.39,1577,1.39,2025-02-21,2025-04-12,51,0
Innovation Park at Holbrook Farms,1 Bed / 1 Bath Tandem B,161,,1,1,,690,9/19/2024,,6,60%,1470,2.13,1470,2.13,2024-09-18,2024-10-05,18,17
Innovation Park at Holbrook Farms,1 Bed / 1 Bath Tandem B,161,,1,1,,690,9/2/2025,,12,60%,1231,1.78,1231,1.78,2025-08-15,2026-01-19,158,140
Innovation Park at Holbrook Farms,1 Bed / 1 Bath Tandem B,141,4,1,1,,690,9/19/2024,,6,60%,1470,2.13,1470,2.13,2024-09-18,2024-10-05,18,17
Innovation Park at Holbrook Farms,1 Bed / 1 Bath Tandem B,141,4,1,1,,690,9/7/2025,,12,60%,1231,1.78,1231,1.78,2025-08-15,2025-11-18,96,73
Innovation Park at Holbrook Farms,1 Bed / 1 Bath Tandem B,207-2,2,1,1,,690,8/1/2026,,12,60%,1231,1.78,1231,1.78,2026-06-18,2026-06-19,2,0
Innovation Park at Holbrook Farms,1 Bed / 1 Bath Tandem B,163,,1,1,,690,9/19/2024,,6,60%,1470,2.13,1470,2.13,2024-09-18,2024-10-05,18,17
Innovation Park at Holbrook Farms,1 Bed / 1 Bath Tandem B,163,,1,1,,690,4/16/2026,,12,60%,1372,1.99,1372,1.99,2025-08-15,2026-04-20,249,5
Innovation Park at Holbrook Farms,1 Bed / 1 Bath Tandem B,143,4,1,1,,690,9/19/2024,,6,60%,1470,2.13,1470,2.13,2024-09-18,2024-10-05,18,17
Innovation Park at Holbrook Farms,1 Bed / 1 Bath Tandem B,143,4,1,1,,690,4/15/2026,,12,60%,1372,1.99,1372,1.99,2025-08-15,2026-06-08,298,55
Innovation Park at Holbrook Farms,1 Bed / 1 Bath Tandem B,204-2,2,1,1,,690,8/1/2026,,12,80%,1514,2.19,1514,2.19,2026-06-18,,26,0
Innovation Park at Holbrook Farms,1 Bed / 1 Bath Tandem B,235-2,2,1,1,,690,Now,,12,80%,1514,2.19,1514,2.19,2026-04-07,,98,90
Innovation Park at Holbrook Farms,1 Bed / 1 Bath Tandem B,158,,1,1,,690,9/19/2024,,6,80%,1470,2.13,1470,2.13,2024-09-18,2024-10-05,18,17
Innovation Park at Holbrook Farms,1 Bed / 1 Bath Tandem B,158,,1,1,,690,9/2/2025,,12,80%,1577,2.29,1577,2.29,2025-08-15,2026-01-17,156,138
Innovation Park at Holbrook Farms,1 Bed / 1 Bath Tandem B,202-2,2,1,1,,690,Now,,12,80%,1577,2.29,1577,2.29,2026-06-18,,26,26
Innovation Park at Holbrook Farms,1 Bed / 1 Bath Tandem B,138,3,1,1,,690,9/19/2024,,6,80%,1470,2.13,1470,2.13,2024-09-18,2024-10-05,18,17
Innovation Park at Holbrook Farms,1 Bed / 1 Bath Tandem B,138,3,1,1,,690,10/2/2025,,12,80%,1577,2.29,1577,2.29,2025-08-15,2025-09-02,19,0
Innovation Park at Holbrook Farms,1 Bed / 1 Bath Tandem B,138,3,1,1,,690,8/1/2026,,12,80%,1577,2.29,1577,2.29,2026-07-11,,3,0
Innovation Park at Holbrook Farms,1 Bed / 1 Bath Tandem,201,,1,1,,1131,9/19/2024,,6,60%,1470,1.3,1470,1.3,2024-09-18,2024-10-05,18,17
Innovation Park at Holbrook Farms,1 Bed / 1 Bath Tandem,201,,1,1,,1131,4/19/2025,,12,60%,1168,1.03,1168,1.03,2025-03-12,2025-04-24,44,6
Innovation Park at Holbrook Farms,1 Bed / 1 Bath Tandem,201,,1,1,,1131,7/1/2026,,12,60%,1231,1.09,1231,1.09,2026-05-16,2026-05-19,4,0
Innovation Park at Holbrook Farms,1 Bed / 1 Bath Tandem,168,,1,1,,1131,9/19/2024,,6,60%,1470,1.3,1470,1.3,2024-09-18,2024-10-05,18,17
Innovation Park at Holbrook Farms,1 Bed / 1 Bath Tandem,168,,1,1,,1131,7/2/2025,,12,60%,1231,1.09,1231,1.09,2025-06-21,2025-06-22,2,0
Innovation Park at Holbrook Farms,1 Bed / 1 Bath-Tandem,134,3,1,1,,1131,9/19/2024,,6,80%,1470,1.3,1470,1.3,2024-09-18,2024-10-05,18,17
Innovation Park at Holbrook Farms,1 Bed / 1 Bath-Tandem,104,,1,1,,1131,9/19/2024,,6,80%,1470,1.3,1470,1.3,2024-09-18,2024-12-27,101,100
Innovation Park at Holbrook Farms,1 Bed / 1 Bath-Tandem,198,,1,1,,1131,9/19/2024,,6,80%,1470,1.3,1470,1.3,2024-09-18,2024-10-05,18,17
Innovation Park at Holbrook Farms,1 Bed / 1 Bath-Tandem,238,3,1,1,,1131,9/19/2024,,6,80%,1470,1.3,1470,1.3,2024-09-18,2024-10-05,18,17
Innovation Park at Holbrook Farms,1 Bed / 1 Bath Tandem,167,,1,1,,1131,9/19/2024,,6,80%,1470,1.3,1470,1.3,2024-09-18,2024-10-05,18,17
Innovation Park at Holbrook Farms,1 Bed / 1 Bath Tandem,167,,1,1,,1131,7/2/2025,,12,80%,1514,1.34,1514,1.34,2025-06-21,2025-06-22,2,0
Innovation Park at Holbrook Farms,1 Bed / 1 Bath Tandem,170,,1,1,,1131,9/19/2024,,6,80%,1470,1.3,1470,1.3,2024-09-18,2024-10-05,18,17
Innovation Park at Holbrook Farms,1 Bed / 1 Bath Tandem,170,,1,1,,1131,7/1/2025,,12,80%,1514,1.34,1514,1.34,2025-06-21,2025-07-25,35,25
Innovation Park at Holbrook Farms,1 Bed / 1 Bath Tandem,237,3,1,1,,1131,9/19/2024,,6,80%,1470,1.3,1470,1.3,2024-09-18,2024-10-05,18,17
Innovation Park at Holbrook Farms,1 Bed / 1 Bath Tandem,237,3,1,1,,1131,4/20/2025,,12,80%,1577,1.39,1577,1.39,2025-04-15,2025-04-22,8,3
Innovation Park at Holbrook Farms,1 Bed / 1 Bath Tandem,240,,1,1,,1318,9/19/2024,,6,60%,1470,1.12,1470,1.12,2024-09-18,2024-10-05,18,17
Innovation Park at Holbrook Farms,1 Bed / 1 Bath Tandem,240,,1,1,,1318,7/2/2025,,12,60%,1231,0.93,1231,0.93,2025-06-03,2025-06-11,9,0
Innovation Park at Holbrook Farms,1 Bed / 1 Bath Tandem,202,,1,1,,1318,9/19/2024,,6,80%,1470,1.12,1470,1.12,2024-09-18,2024-10-05,18,17
Innovation Park at Holbrook Farms,1 Bed / 1 Bath Tandem,202,,1,1,,1318,3/8/2025,,12,80%,1514,1.15,1514,1.15,2025-03-07,2025-06-11,97,96
Innovation Park at Holbrook Farms,1 Bed / 1 Bath Tandem,197,,1,1,,1318,9/19/2024,,6,80%,1470,1.12,1470,1.12,2024-09-18,2024-10-05,18,17
Innovation Park at Holbrook Farms,1 Bed / 1 Bath Tandem,197,,1,1,,1318,3/8/2025,,12,80%,1577,1.2,1577,1.2,2025-03-07,2025-06-11,97,96
Innovation Park at Holbrook Farms,2 Bed  / 1.5 Bath,231,3,2,1,1,1300,9/19/2024,,6,50%,1150,0.88,1150,0.88,2024-09-18,2024-10-05,18,17
Innovation Park at Holbrook Farms,2 Bed  / 1.5 Bath,191,,2,1,1,1300,9/19/2024,,6,50%,1150,0.88,1150,0.88,2024-09-18,2024-10-05,18,17
Innovation Park at Holbrook Farms,2 Bed  / 1.5 Bath,212,1,2,1,1,1300,9/19/2024,,6,50%,1150,0.88,1150,0.88,2024-09-18,2024-10-05,18,17
Innovation Park at Holbrook Farms,2 Bed  / 1.5 Bath,187,,2,1,1,1300,9/19/2024,,6,50%,1150,0.88,1150,0.88,2024-09-18,2024-10-05,18,17
Innovation Park at Holbrook Farms,2 Bed  / 1.5 Bath Back to Back,208,,2,1,1,1300,9/19/2024,,6,60%,1150,0.88,1150,0.88,2024-09-18,2024-10-05,18,17
Innovation Park at Holbrook Farms,2 Bed  / 1.5 Bath Back to Back,208,,2,1,1,1300,5/1/2025,,12,60%,1395,1.07,1395,1.07,2025-04-30,2025-05-03,4,3
Innovation Park at Holbrook Farms,2 Bed  / 1.5 Bath Back to Back,208,,2,1,1,1300,5/1/2026,,12,60%,1395,1.07,1395,1.07,2026-02-21,2026-02-23,3,0
Innovation Park at Holbrook Farms,2 Bed  / 1.5 Bath Back to Back,153,,2,1,1,1300,9/19/2024,,6,60%,1780,1.37,1780,1.37,2024-09-18,2024-10-05,18,17
Innovation Park at Holbrook Farms,2 Bed  / 1.5 Bath Back to Back,153,,2,1,1,1300,7/26/2025,,12,60%,1479,1.14,1479,1.14,2025-07-18,2025-08-29,43,35
Innovation Park at Holbrook Farms,2 Bed  / 1.5 Bath Back to Back,217,1,2,1,1,1300,9/19/2024,,6,60%,1150,0.88,1150,0.88,2024-09-18,2024-10-05,18,17
Innovation Park at Holbrook Farms,2 Bed  / 1.5 Bath Back to Back,217,1,2,1,1,1300,6/1/2025,,12,60%,1479,1.14,1479,1.14,2025-04-30,2025-06-04,36,4
Innovation Park at Holbrook Farms,2 Bed  / 1.5 Bath Back to Back,217,1,2,1,1,1300,4/1/2026,,12,60%,1479,1.14,1479,1.14,2026-02-05,2026-02-07,3,0
Innovation Park at Holbrook Farms,2 Bed  / 1.5 Bath Back to Back,179,,2,1,1,1300,9/19/2024,,6,60%,1150,0.88,1150,0.88,2024-09-18,2024-10-05,18,17
Innovation Park at Holbrook Farms,2 Bed  / 1.5 Bath Back to Back,179,,2,1,1,1300,8/2/2025,,12,60%,1479,1.14,1479,1.14,2025-07-04,2025-08-21,49,20
Innovation Park at Holbrook Farms,2 Bed  / 1.5 Bath,175,,2,1,1,1300,9/19/2024,,6,60%,1780,1.37,1780,1.37,2024-09-18,2024-10-05,18,17
Innovation Park at Holbrook Farms,2 Bed  / 1.5 Bath,175,,2,1,1,1300,8/2/2025,,12,60%,1479,1.14,1479,1.14,2025-07-04,2025-07-10,7,0
Innovation Park at Holbrook Farms,2 Bed  / 1.5 Bath,218,1,2,1,1,1300,9/19/2024,,6,60%,1150,0.88,1150,0.88,2024-09-18,2024-10-05,18,17
Innovation Park at Holbrook Farms,2 Bed  / 1.5 Bath,218,1,2,1,1,1300,5/4/2025,,12,60%,1479,1.14,1479,1.14,2025-04-30,2025-08-11,104,100
Innovation Park at Holbrook Farms,2 Bed  / 1.5 Bath,211,1,2,1,1,1300,9/19/2024,,6,80%,1780,1.37,1780,1.37,2024-09-18,2024-10-05,18,17
Innovation Park at Holbrook Farms,2 Bed  / 1.5 Bath,211,1,2,1,1,1300,5/1/2025,,12,80%,1802,1.39,1802,1.39,2025-04-15,2025-07-18,95,79
Innovation Park at Holbrook Farms,2 Bed  / 1.5 Bath Back to Back,148,4,2,1,1,1300,9/19/2024,,6,80%,1780,1.37,1780,1.37,2024-09-18,2024-10-05,18,17
Innovation Park at Holbrook Farms,2 Bed  / 1.5 Bath Back to Back,148,4,2,1,1,1300,7/26/2025,,12,80%,1802,1.39,1802,1.39,2025-07-18,2025-09-15,60,52
Innovation Park at Holbrook Farms,2 Bed  / 1.5 Bath Back to Back,176,,2,1,1,1300,9/19/2024,,6,80%,1780,1.37,1780,1.37,2024-09-18,2024-10-05,18,17
Innovation Park at Holbrook Farms,2 Bed  / 1.5 Bath Back to Back,176,,2,1,1,1300,8/1/2025,,12,80%,1886,1.45,1886,1.45,2025-07-04,2025-09-19,78,50
Innovation Park at Holbrook Farms,2 Bed  / 1.5 Bath,232,3,2,1,1,1300,9/19/2024,,6,80%,1780,1.37,1780,1.37,2024-09-18,2024-10-05,18,17
Innovation Park at Holbrook Farms,2 Bed  / 1.5 Bath,232,3,2,1,1,1300,6/16/2025,,12,80%,1886,1.45,1886,1.45,2025-04-15,2025-05-09,25,0
Innovation Park at Holbrook Farms,2 Bed  / 1.5 Bath,228,2,2,1,1,1300,9/19/2024,,6,80%,1780,1.37,1780,1.37,2024-09-18,2024-10-05,18,17
Innovation Park at Holbrook Farms,2 Bed  / 1.5 Bath,228,2,2,1,1,1300,6/16/2025,,12,80%,1886,1.45,1886,1.45,2025-04-15,2025-04-27,13,0
Innovation Park at Holbrook Farms,2 Bed  / 1.5 Bath,129,2,2,1,1,1300,9/19/2024,,6,80%,1780,1.37,1780,1.37,2024-09-18,2024-10-05,18,17
Innovation Park at Holbrook Farms,2 Bed  / 1.5 Bath,129,2,2,1,1,1300,2/7/2025,,12,80%,1886,1.45,1886,1.45,2025-02-06,2025-05-22,106,105
Innovation Park at Holbrook Farms,2 Bed  / 1.5 Bath,221,2,2,1,1,1300,9/19/2024,,6,80%,1780,1.37,1780,1.37,2024-09-18,2024-10-05,18,17
Innovation Park at Holbrook Farms,2 Bed  / 1.5 Bath,221,2,2,1,1,1300,6/2/2025,,12,80%,1886,1.45,1886,1.45,2025-04-15,2025-05-24,40,0
Innovation Park at Holbrook Farms,2 Bed  / 1.5 Bath,186,,2,1,1,1300,9/19/2024,,6,80%,1780,1.37,1780,1.37,2024-09-18,2024-10-05,18,17
Innovation Park at Holbrook Farms,2 Bed  / 1.5 Bath,186,,2,1,1,1300,2/13/2025,,12,80%,1886,1.45,1886,1.45,2025-02-12,2025-04-19,67,66
Innovation Park at Holbrook Farms,2 Bed  / 1.5 Bath,207,,2,1,1,1300,9/19/2024,,6,80%,1780,1.37,1780,1.37,2024-09-18,2024-10-05,18,17
Innovation Park at Holbrook Farms,2 Bed  / 1.5 Bath,207,,2,1,1,1300,4/26/2025,,12,80%,1886,1.45,1886,1.45,2025-04-15,2025-06-25,72,61
Innovation Park at Holbrook Farms,2 Bed  / 1.5 Bath Back to Back,180,,2,1,1,1300,9/19/2024,,6,80%,1780,1.37,1780,1.37,2024-09-18,2024-10-05,18,17
Innovation Park at Holbrook Farms,2 Bed  / 1.5 Bath Back to Back,180,,2,1,1,1300,8/1/2025,,12,80%,1886,1.45,1886,1.45,2025-07-04,2025-10-11,100,72
Innovation Park at Holbrook Farms,2 Bed  / 1.5 Bath Back to Back,222,2,2,1,1,1300,9/19/2024,,6,80%,1150,0.88,1150,0.88,2024-09-18,2024-10-05,18,17
Innovation Park at Holbrook Farms,2 Bed  / 1.5 Bath Back to Back,222,2,2,1,1,1300,5/21/2025,,12,80%,1886,1.45,1886,1.45,2025-04-15,2025-08-20,128,92
Innovation Park at Holbrook Farms,2 Bed  / 1.5 Bath Back to Back,227,2,2,1,1,1300,9/19/2024,,6,80%,1780,1.37,1780,1.37,2024-09-18,2024-10-05,18,17
Innovation Park at Holbrook Farms,2 Bed  / 1.5 Bath Back to Back,227,2,2,1,1,1300,7/25/2025,,12,80%,1886,1.45,1886,1.45,2025-07-24,2025-09-16,55,54
Innovation Park at Holbrook Farms,2 Bed / 1.5 Bath Tandem,239,3,2,1,1,1308,9/19/2024,,6,60%,1780,1.36,1780,1.36,2024-09-18,2024-10-05,18,17
Innovation Park at Holbrook Farms,2 Bed / 1.5 Bath Tandem,239,3,2,1,1,1308,7/2/2025,,12,60%,1479,1.13,1479,1.13,2025-06-03,2025-06-18,16,0
Innovation Park at Holbrook Farms,2 Bed  / 1.5 Bath,200,,2,1,1,1308,9/19/2024,,6,80%,1780,1.36,1780,1.36,2024-09-18,2024-10-05,18,17
Innovation Park at Holbrook Farms,2 Bed  / 1.5 Bath,199,,2,1,1,1308,9/19/2024,,6,80%,1780,1.36,1780,1.36,2024-09-18,2024-10-05,18,17
Innovation Park at Holbrook Farms,2 Bed  / 1.5 Bath,166,,2,1,1,1308,9/19/2024,,6,80%,1780,1.36,1780,1.36,2024-09-18,2024-10-05,18,17
Innovation Park at Holbrook Farms,2 Bed  / 1.5 Bath,102,,2,1,1,1308,9/19/2024,,6,80%,1780,1.36,1780,1.36,2024-09-18,2024-10-24,37,36
Innovation Park at Holbrook Farms,2 Bed / 1.5 Bath Tandem,236,3,2,1,1,1308,9/19/2024,,6,80%,1780,1.36,1780,1.36,2024-09-18,2024-10-05,18,17
Innovation Park at Holbrook Farms,2 Bed / 1.5 Bath Tandem,236,3,2,1,1,1308,7/2/2025,,12,80%,1802,1.38,1802,1.38,2025-04-15,2026-02-24,316,238
Innovation Park at Holbrook Farms,2 Bed / 1.5 Bath Tandem,196,,2,1,1,1308,9/19/2024,,6,80%,1780,1.36,1780,1.36,2024-09-18,2024-10-05,18,17
Innovation Park at Holbrook Farms,2 Bed / 1.5 Bath Tandem,196,,2,1,1,1308,3/8/2025,,12,80%,1802,1.38,1802,1.38,2025-03-07,2026-02-17,348,347
Innovation Park at Holbrook Farms,2 Bed / 1.5 Bath Tandem,171,,2,1,1,1308,9/19/2024,,6,80%,1780,1.36,1780,1.36,2024-09-18,2024-10-05,18,17
Innovation Park at Holbrook Farms,2 Bed / 1.5 Bath Tandem,171,,2,1,1,1308,7/1/2025,,12,80%,1802,1.38,1802,1.38,2025-06-21,2025-07-03,13,3
Innovation Park at Holbrook Farms,2 Bed / 1.5 Bath Tandem,169,,2,1,1,1308,9/19/2024,,6,80%,1780,1.36,1780,1.36,2024-09-18,2024-10-05,18,17
Innovation Park at Holbrook Farms,2 Bed / 1.5 Bath Tandem,169,,2,1,1,1308,6/27/2025,,12,80%,1802,1.38,1802,1.38,2025-06-21,2025-11-13,146,140
Innovation Park at Holbrook Farms,2 Bed / 1.5 Bath Tandem,241,4,2,1,1,1308,9/19/2024,,6,80%,1780,1.36,1780,1.36,2024-09-18,2024-10-05,18,17
Innovation Park at Holbrook Farms,2 Bed / 1.5 Bath Tandem,241,4,2,1,1,1308,6/8/2025,,12,80%,1886,1.44,1886,1.44,2025-04-15,2025-07-09,86,32
Innovation Park at Holbrook Farms,2 Bed / 1.5 Bath Tandem,241,4,2,1,1,1308,10/1/2026,,12,80%,1886,1.44,1886,1.44,2026-03-27,,109,0
Innovation Park at Holbrook Farms,2 Bed / 1.5 Bath Tandem,203,,2,1,1,1308,9/19/2024,,6,80%,1780,1.36,1780,1.36,2024-09-18,2024-10-05,18,17
Innovation Park at Holbrook Farms,2 Bed / 1.5 Bath Tandem,203,,2,1,1,1308,3/8/2025,,12,80%,1886,1.44,1886,1.44,2025-03-07,2025-04-27,52,51
Innovation Park at Holbrook Farms,2 Bed  / 1.5 Bath Back to Back,190,,2,1,1,1886,9/19/2024,,6,80%,1780,0.94,1780,0.94,2024-09-18,2024-10-05,18,17
Innovation Park at Holbrook Farms,2 Bed  / 1.5 Bath Back to Back,190,,2,1,1,1886,2/13/2025,,12,80%,1886,1,1886,1,2025-02-12,2025-05-01,79,78
Innovation Park at Holbrook Farms,2 Bed  / 1.5 Bath Back to Back,190,,2,1,1,1886,5/1/2026,,12,80%,1886,1,1886,1,2026-02-27,2026-03-03,5,0
Innovation Park at Holbrook Farms,2 Bed / 2.5 Bath Back to Back,211-2,2,2,2,1,1300,5/27/2026,,12,80%,1802,1.39,1802,1.39,2026-05-16,2026-06-23,39,28
Innovation Park at Holbrook Farms,2 Bed / 2.5 Bath Back to Back,116,1,2,2,1,1300,9/19/2024,,6,80%,1799,1.38,1799,1.38,2024-09-18,2024-10-05,18,17
Innovation Park at Holbrook Farms,2 Bed / 2.5 Bath Back to Back,116,1,2,2,1,1300,4/1/2026,,12,80%,1802,1.39,1802,1.39,2026-02-05,2026-03-03,27,0
Innovation Park at Holbrook Farms,2 Bed / 2.5  Bath Back to Back B,209-2,,2,2,1,1300,7/1/2026,,12,80%,1802,1.39,1802,1.39,2026-05-27,2026-06-09,14,0
Innovation Park at Holbrook Farms,2 Bed / 2.5 Bath,124,2,2,2,1,1300,9/19/2024,,6,80%,1799,1.38,1799,1.38,2024-09-18,2024-10-05,18,17
Innovation Park at Holbrook Farms,2 Bed / 2.5 Bath,124,2,2,2,1,1300,2/7/2025,,12,80%,1886,1.45,1886,1.45,2025-02-06,2025-03-04,27,26
Innovation Park at Holbrook Farms,2 Bed / 2.5 Bath,105,,2,2,1,1308,9/19/2024,,6,80%,1799,1.38,1799,1.38,2024-09-18,2024-09-25,8,7
Innovation Park at Holbrook Farms,2 Bed / 2.5 Bath Tandem,132,3,2,2,1,1308,9/19/2024,,6,80%,1780,1.36,1780,1.36,2024-09-18,2024-10-05,18,17
Innovation Park at Holbrook Farms,2 Bed / 2.5 Bath Tandem,132,3,2,2,1,1308,3/7/2025,,12,80%,1886,1.44,1886,1.44,2025-03-06,2025-03-23,18,17
Innovation Park at Holbrook Farms,2 Bed / 2.5 Bath Tandem,135,3,2,2,1,1308,9/19/2024,,6,80%,1799,1.38,1799,1.38,2024-09-18,2024-10-05,18,17
Innovation Park at Holbrook Farms,2 Bed / 2.5 Bath Tandem,135,3,2,2,1,1308,2/20/2025,,12,80%,1886,1.44,1886,1.44,2025-02-19,2025-03-05,15,14
Innovation Park at Holbrook Farms,2 Bed /  2.5  Bath Back to Back B,279-2,2,2,2,1,1332,5/17/2026,,12,80%,1710,1.28,1710,1.28,2026-05-16,2026-06-01,17,16
Innovation Park at Holbrook Farms,2 Bed / 2.5 Bath Back to Back,228-2,,2,2,1,1372,4/18/2026,,12,80%,1802,1.31,1802,1.31,2026-04-17,2026-04-25,9,8
Innovation Park at Holbrook Farms,2 Bed /  2 Bath Tandem B,160,,2,2,,1153,9/26/2024,,6,60%,1799,1.56,1799,1.56,2024-09-25,2024-10-05,11,10
Innovation Park at Holbrook Farms,2 Bed /  2 Bath Tandem B,160,,2,2,,1153,9/1/2025,,12,60%,1479,1.28,1479,1.28,2025-08-15,2025-09-06,23,6
Innovation Park at Holbrook Farms,2 Bed / 2 Bath Tandem B,233-2,2,2,2,,1153,4/16/2026,,12,60%,1479,1.28,1479,1.28,2026-04-15,2026-04-19,5,4
Innovation Park at Holbrook Farms,2 Bedroom / 2 Bathroom,140,,2,2,,1153,9/26/2024,,6,80%,1799,1.56,1799,1.56,2024-09-25,2024-10-05,11,10
Innovation Park at Holbrook Farms,2 Bed / 2 Bath Tandem B,157,,2,2,,1197,9/26/2024,,6,80%,1799,1.5,1799,1.5,2024-09-25,2024-10-05,11,10
Innovation Park at Holbrook Farms,2 Bed / 2 Bath Tandem B,157,,2,2,,1197,9/1/2025,,12,80%,1802,1.51,1802,1.51,2025-08-15,2026-02-10,180,163
Innovation Park at Holbrook Farms,2 Bed / 2 Bath Tandem B,137,3,2,2,,1197,9/26/2024,,6,80%,1799,1.5,1799,1.5,2024-09-25,2024-10-05,11,10
Innovation Park at Holbrook Farms,2 Bed / 2 Bath Tandem B,137,3,2,2,,1197,10/2/2025,,12,80%,1802,1.51,1802,1.51,2025-08-15,2025-09-19,36,0
Innovation Park at Holbrook Farms,2 Bed / 2 Bath Tandem B,201-2,2,2,2,,1197,8/1/2026,,12,80%,1802,1.51,1802,1.51,2026-06-18,2026-07-02,15,0
Innovation Park at Holbrook Farms,2 Bed / 2 Bath Tandem B,208-2,2,2,2,,1197,Now,,12,80%,1802,1.51,1802,1.51,2026-06-18,,26,1
Innovation Park at Holbrook Farms,2 Bed / 2 Bath Tandem B,164,,2,2,,1197,9/26/2024,,6,80%,1799,1.5,1799,1.5,2024-09-25,2024-10-05,11,10
Innovation Park at Holbrook Farms,2 Bed / 2 Bath Tandem B,164,,2,2,,1197,8/16/2025,,12,80%,1886,1.58,1886,1.58,2025-08-15,2025-11-20,98,97
Innovation Park at Holbrook Farms,2 Bed / 2 Bath Tandem B,144,4,2,2,,1197,9/26/2024,,6,80%,1799,1.5,1799,1.5,2024-09-25,2024-10-05,11,10
Innovation Park at Holbrook Farms,2 Bed / 2 Bath Tandem B,144,4,2,2,,1197,9/17/2025,,12,80%,1886,1.58,1886,1.58,2025-08-15,2025-10-07,54,21
Innovation Park at Holbrook Farms,3 Bed / 1.5 Bath Back to Back,110,,3,1,1,1332,9/19/2024,,12,80%,1949,1.46,1949,1.46,2024-09-18,2025-04-09,204,203
Innovation Park at Holbrook Farms,3 Bed / 1.5 Bath Back to Back,110,,3,1,1,1332,8/1/2026,,12,80%,1949,1.46,1949,1.46,2026-06-02,2026-06-10,9,0
Innovation Park at Holbrook Farms,3 Bed / 1.5 Bath-Tandem,136,3,3,1,1,1618,9/26/2024,,6,50%,1324,0.82,1324,0.82,2024-09-25,2024-09-28,4,3
Innovation Park at Holbrook Farms,3 Bed / 2.5 Bath,189,,3,2,1,1332,9/19/2024,,6,60%,2175,1.63,2175,1.63,2024-09-18,2024-10-05,18,17
Innovation Park at Holbrook Farms,3 Bed / 2.5 Bath,189,,3,2,1,1332,2/13/2025,,12,60%,1608,1.21,1608,1.21,2025-02-12,2025-06-21,130,129
Innovation Park at Holbrook Farms,3 Bed / 2.5 Bath,130,,3,2,1,1332,9/19/2024,,6,60%,2175,1.63,2175,1.63,2024-09-18,2024-10-05,18,17
Innovation Park at Holbrook Farms,3 Bed / 2.5 Bath,130,,3,2,1,1332,2/7/2025,,12,60%,1608,1.21,1608,1.21,2025-02-06,2025-05-25,109,108
Innovation Park at Holbrook Farms,3 Bed / 2.5 Bath,194,,3,2,1,1332,9/19/2024,,6,60%,1399,1.05,1399,1.05,2024-09-18,2024-10-05,18,17
Innovation Park at Holbrook Farms,3 Bed / 2.5 Bath,194,,3,2,1,1332,3/2/2025,,12,60%,1608,1.21,1608,1.21,2025-03-01,2025-03-02,2,1
Innovation Park at Holbrook Farms,3 Bed / 2.5 Bath,123,2,3,2,1,1332,9/19/2024,,6,60%,2175,1.63,2175,1.63,2024-09-18,2024-10-05,18,17
Innovation Park at Holbrook Farms,3 Bed / 2.5 Bath,123,2,3,2,1,1332,2/7/2025,,12,60%,1608,1.21,1608,1.21,2025-02-06,2025-05-23,107,106
Innovation Park at Holbrook Farms,3 Bed / 2.5 Bath Back to Back,223-2,,3,2,1,1332,4/18/2026,,12,60%,1710,1.28,1710,1.28,2026-04-17,2026-04-21,5,4
Innovation Park at Holbrook Farms,3 Bed / 2.5 Bath Back to Back,229,2,3,2,1,1332,9/19/2024,,6,60%,2175,1.63,2175,1.63,2024-09-18,2024-10-05,18,17
Innovation Park at Holbrook Farms,3 Bed / 2.5 Bath Back to Back,229,2,3,2,1,1332,8/16/2025,,12,60%,1710,1.28,1710,1.28,2025-08-15,2025-08-17,3,2
Innovation Park at Holbrook Farms,3 Bed / 2.5 Bath,150,,3,2,1,1332,9/19/2024,,6,60%,2175,1.63,2175,1.63,2024-09-18,2024-10-05,18,17
Innovation Park at Holbrook Farms,3 Bed / 2.5 Bath,150,,3,2,1,1332,8/2/2025,,12,60%,1710,1.28,1710,1.28,2025-07-18,2025-07-20,3,0
Innovation Park at Holbrook Farms,3 Bed / 2.5 Bath,177,,3,2,1,1332,9/19/2024,,6,60%,2175,1.63,2175,1.63,2024-09-18,2024-10-05,18,17
Innovation Park at Holbrook Farms,3 Bed / 2.5 Bath,177,,3,2,1,1332,8/2/2025,,12,60%,1710,1.28,1710,1.28,2025-07-04,2025-07-16,13,0
Innovation Park at Holbrook Farms,3 Bed / 2.5 Bath Back to Back,178,,3,2,1,1332,9/19/2024,,6,80%,2175,1.63,2175,1.63,2024-09-18,2024-10-05,18,17
Innovation Park at Holbrook Farms,3 Bed / 2.5 Bath Back to Back,178,,3,2,1,1332,4/15/2026,,12,80%,1877,1.41,1877,1.41,2025-07-04,2026-05-22,323,38
Innovation Park at Holbrook Farms,3 Bed / 2.5 Bath Back to Back,234,3,3,2,1,1332,9/19/2024,,6,80%,2175,1.63,2175,1.63,2024-09-18,2024-10-05,18,17
Innovation Park at Holbrook Farms,3 Bed / 2.5 Bath Back to Back,234,3,3,2,1,1332,6/16/2025,,12,80%,1877,1.41,1877,1.41,2025-04-15,2026-02-05,297,235
Innovation Park at Holbrook Farms,3 Bed / 2.5 Bath,220,,3,2,1,1332,9/19/2024,,6,80%,2175,1.63,2175,1.63,2024-09-18,2024-10-05,18,17
Innovation Park at Holbrook Farms,3 Bed / 2.5 Bath,220,,3,2,1,1332,6/1/2025,,12,80%,1877,1.41,1877,1.41,2025-04-15,2025-08-06,114,67
Innovation Park at Holbrook Farms,3 Bed / 2.5 Bath Back to Back,145,4,3,2,1,1332,9/19/2024,,6,80%,2175,1.63,2175,1.63,2024-09-18,2024-10-05,18,17
Innovation Park at Holbrook Farms,3 Bed / 2.5 Bath Back to Back,145,4,3,2,1,1332,Now,,12,80%,1877,1.41,1877,1.41,2025-07-18,,361,58
Innovation Park at Holbrook Farms,3 Bed / 2.5 Bath Back to Back,151,,3,2,1,1332,9/19/2024,,6,80%,2175,1.63,2175,1.63,2024-09-18,2024-10-05,18,17
Innovation Park at Holbrook Farms,3 Bed / 2.5 Bath Back to Back,151,,3,2,1,1332,8/1/2025,,12,80%,1877,1.41,1877,1.41,2025-07-18,2026-01-17,184,170
Innovation Park at Holbrook Farms,3 Bed / 2.5 Bath Back to Back,225,2,3,2,1,1332,9/19/2024,,6,80%,2175,1.63,2175,1.63,2024-09-18,2024-10-05,18,17
Innovation Park at Holbrook Farms,3 Bed / 2.5 Bath Back to Back,225,2,3,2,1,1332,6/16/2025,,12,80%,1877,1.41,1877,1.41,2025-04-15,2025-07-31,108,46
Innovation Park at Holbrook Farms,3 Bed / 2.5 Bath Back to Back,225,2,3,2,1,1332,9/15/2026,,12,80%,1877,1.41,1877,1.41,2026-06-18,,26,0
Innovation Park at Holbrook Farms,3 Bed / 2.5 Bath Back to Back,156,,3,2,1,1332,9/19/2024,,6,80%,2175,1.63,2175,1.63,2024-09-18,2024-10-05,18,17
Innovation Park at Holbrook Farms,3 Bed / 2.5 Bath Back to Back,156,,3,2,1,1332,8/1/2025,,12,80%,1877,1.41,1877,1.41,2025-07-18,2026-02-21,219,205
Innovation Park at Holbrook Farms,3 Bed / 2.5 Bath,214,1,3,2,1,1332,9/19/2024,,6,80%,2175,1.63,2175,1.63,2024-09-18,2024-10-05,18,17
Innovation Park at Holbrook Farms,3 Bed / 2.5 Bath,214,1,3,2,1,1332,5/1/2025,,12,80%,1877,1.41,1877,1.41,2025-04-15,2025-08-02,110,94
Innovation Park at Holbrook Farms,3 Bed / 2.5 Bath Back to Back,210,,3,2,1,1332,9/19/2024,,6,80%,2175,1.63,2175,1.63,2024-09-18,2024-10-05,18,17
Innovation Park at Holbrook Farms,3 Bed / 2.5 Bath Back to Back,210,,3,2,1,1332,5/1/2025,,12,80%,1877,1.41,1877,1.41,2025-04-15,2025-11-10,210,194
Innovation Park at Holbrook Farms,3 Bed / 2.5 Bath Back to Back,224,2,3,2,1,1332,9/19/2024,,6,80%,2175,1.63,2175,1.63,2024-09-18,2024-10-05,18,17
Innovation Park at Holbrook Farms,3 Bed / 2.5 Bath Back to Back,224,2,3,2,1,1332,6/1/2025,,12,80%,1877,1.41,1877,1.41,2025-04-15,2026-02-19,311,264
Innovation Park at Holbrook Farms,3 Bed / 2.5 Bath Back to Back,182,,3,2,1,1332,9/19/2024,,6,80%,2175,1.63,2175,1.63,2024-09-18,2024-10-05,18,17
Innovation Park at Holbrook Farms,3 Bed / 2.5 Bath Back to Back,182,,3,2,1,1332,8/2/2025,,12,80%,1877,1.41,1877,1.41,2025-07-04,2025-07-24,21,0
Innovation Park at Holbrook Farms,3 Bed / 2.5 Bath Back to Back,182,,3,2,1,1332,2/6/2026,,12,80%,1877,1.41,1877,1.41,2026-02-05,2026-02-11,7,6
Innovation Park at Holbrook Farms,3 Bed / 2.5 Bath Back to Back,230,,3,2,1,1332,9/19/2024,,6,80%,2175,1.63,2175,1.63,2024-09-18,2024-10-05,18,17
Innovation Park at Holbrook Farms,3 Bed / 2.5 Bath Back to Back,230,,3,2,1,1332,6/16/2025,,12,80%,1877,1.41,1877,1.41,2025-04-15,2026-01-10,271,209
Innovation Park at Holbrook Farms,3 Bed / 2.5 Bath,215,1,3,2,1,1332,9/19/2024,,6,80%,2175,1.63,2175,1.63,2024-09-18,2024-10-05,18,17
Innovation Park at Holbrook Farms,3 Bed / 2.5 Bath,215,1,3,2,1,1332,6/1/2025,,12,80%,1979,1.49,1979,1.49,2025-04-15,2025-06-07,54,7
Innovation Park at Holbrook Farms,3 Bed / 2.5 Bath Back To Back B,213-2,,3,2,1,1332,7/1/2026,,12,80%,1979,1.49,1979,1.49,2026-05-27,2026-06-05,10,0
Innovation Park at Holbrook Farms,3 Bed / 2.5 Bath,205,,3,2,1,1332,9/19/2024,,6,80%,2175,1.63,2175,1.63,2024-09-18,2024-10-05,18,17
Innovation Park at Holbrook Farms,3 Bed / 2.5 Bath,205,,3,2,1,1332,5/1/2025,,12,80%,1979,1.49,1979,1.49,2025-04-15,2025-06-12,59,43
Innovation Park at Holbrook Farms,3 Bed / 2.5 Bath,188,,3,2,1,1332,9/19/2024,,6,80%,2175,1.63,2175,1.63,2024-09-18,2024-10-05,18,17
Innovation Park at Holbrook Farms,3 Bed / 2.5 Bath,188,,3,2,1,1332,2/13/2025,,12,80%,1979,1.49,1979,1.49,2025-02-12,2025-04-28,76,75
Innovation Park at Holbrook Farms,3 Bed / 2.5 Bath Back to Back,224-2,,3,2,1,1332,4/18/2026,,12,80%,1979,1.49,1979,1.49,2026-04-17,2026-05-27,41,40
Innovation Park at Holbrook Farms,3 Bed / 2.5 Bath,122,2,3,2,1,1332,9/19/2024,,6,80%,2175,1.63,2175,1.63,2024-09-18,2024-10-05,18,17
Innovation Park at Holbrook Farms,3 Bed / 2.5 Bath,122,2,3,2,1,1332,1/7/2025,,12,80%,1979,1.49,1979,1.49,2025-01-06,2025-04-15,100,99
Innovation Park at Holbrook Farms,3 Bed / 2.5 Bath,115,1,3,2,1,1332,9/19/2024,,6,80%,2175,1.63,2175,1.63,2024-09-18,2024-10-05,18,17
Innovation Park at Holbrook Farms,3 Bed / 2.5 Bath,115,1,3,2,1,1332,1/7/2025,,12,80%,1979,1.49,1979,1.49,2025-01-06,2025-04-10,95,94
Innovation Park at Holbrook Farms,3 Bed / 2.5 Bath,183,,3,2,1,1332,9/19/2024,,6,80%,2175,1.63,2175,1.63,2024-09-18,2024-10-05,18,17
Innovation Park at Holbrook Farms,3 Bed / 2.5 Bath,183,,3,2,1,1332,2/13/2025,,12,80%,1979,1.49,1979,1.49,2025-02-12,2025-03-11,28,27
Innovation Park at Holbrook Farms,3 Bed / 2.5 Bath Back to Back,173,,3,2,1,1332,9/19/2024,,6,80%,2175,1.63,2175,1.63,2024-09-18,2024-10-05,18,17
Innovation Park at Holbrook Farms,3 Bed / 2.5 Bath Back to Back,173,,3,2,1,1332,8/1/2025,,12,80%,1979,1.49,1979,1.49,2025-07-04,2025-08-23,51,23
Innovation Park at Holbrook Farms,3 Bed / 2.5 Bath,118,1,3,2,1,1332,9/19/2024,,6,80%,2175,1.63,2175,1.63,2024-09-18,2024-10-05,18,17
Innovation Park at Holbrook Farms,3 Bed / 2.5 Bath,126,2,3,2,1,1332,9/19/2024,,6,80%,2175,1.63,2175,1.63,2024-09-18,2024-10-05,18,17
Innovation Park at Holbrook Farms,3 Bed / 2.5 Bath,219,1,3,2,1,1332,9/19/2024,,6,80%,2175,1.63,2175,1.63,2024-09-18,2024-10-05,18,17
Innovation Park at Holbrook Farms,3 Bed / 2.5 Bath Tandem,114,1,3,2,1,1332,9/19/2024,,6,80%,2175,1.63,2175,1.63,2024-09-18,2024-12-30,104,103
Innovation Park at Holbrook Farms,3 Bed / 2.5 Bath Back to Back,111,1,3,2,1,1332,9/19/2024,,6,80%,2175,1.63,2175,1.63,2024-09-18,2024-12-13,87,86
Innovation Park at Holbrook Farms,3 Bed / 2.5 Bath Back to Back,111,1,3,2,1,1332,2/1/2026,,12,80%,2175,1.63,2175,1.63,2025-12-02,2025-12-05,4,0
Innovation Park at Holbrook Farms,3 Bed / 2.5 Bath,209,,3,2,1,1332,9/19/2024,,6,80%,2175,1.63,2175,1.63,2024-09-18,2024-10-05,18,17
Innovation Park at Holbrook Farms,3 Bed / 2.5 Bath Tandem,242,4,3,2,1,1618,9/19/2024,,6,60%,2175,1.34,2175,1.34,2024-09-18,2024-10-05,18,17
Innovation Park at Holbrook Farms,3 Bed / 2.5 Bath Tandem,242,4,3,2,1,1618,5/30/2025,,12,60%,1710,1.06,1710,1.06,2025-04-15,2025-06-18,65,20
Innovation Park at Holbrook Farms,3 Bed / 2.5 Bath Tandem,165,,3,2,1,1618,9/19/2024,,6,80%,2175,1.34,2175,1.34,2024-09-18,2024-10-05,18,17
Innovation Park at Holbrook Farms,3 Bed / 2.5 Bath Tandem,165,,3,2,1,1618,7/1/2025,,12,80%,2073,1.28,2073,1.28,2025-06-21,2025-07-10,20,10
Innovation Park at Holbrook Farms,3 Bed / 2.5 Bath Tandem,204,,3,2,1,1618,9/19/2024,,6,80%,2175,1.34,2175,1.34,2024-09-18,2024-10-05,18,17
Innovation Park at Holbrook Farms,3 Bed / 2.5 Bath Tandem,204,,3,2,1,1618,3/8/2025,,12,80%,2073,1.28,2073,1.28,2025-03-07,2025-07-03,119,118
Innovation Park at Holbrook Farms,3 Bed / 2.5 Bath,131,3,3,2,1,1618,9/19/2024,,6,80%,2175,1.34,2175,1.34,2024-09-18,2024-10-05,18,17
Innovation Park at Holbrook Farms,3 Bed / 2.5 Bath Tandem,235,3,3,2,1,1618,9/19/2024,,6,80%,2175,1.34,2175,1.34,2024-09-18,2024-10-05,18,17
Innovation Park at Holbrook Farms,3 Bed / 2.5 Bath Tandem,235,3,3,2,1,1618,7/2/2025,,12,80%,2175,1.34,2175,1.34,2025-04-15,2025-06-06,53,0
Innovation Park at Holbrook Farms,3 Bed / 2.5 Bath Tandem,235,3,3,2,1,1618,5/1/2026,,12,80%,2175,1.34,2175,1.34,2026-03-04,2026-06-03,92,34
Innovation Park at Holbrook Farms,3 Bed / 2.5 Bath Tandem,172,,3,2,1,1618,9/19/2024,,6,80%,2175,1.34,2175,1.34,2024-09-18,2024-10-05,18,17
Innovation Park at Holbrook Farms,3 Bed / 2.5 Bath Tandem,172,,3,2,1,1618,7/1/2025,,12,80%,2175,1.34,2175,1.34,2025-06-21,2025-07-01,11,1
Innovation Park at Holbrook Farms,3 Bed / 2.5 Bath,101,,3,2,1,1618,9/19/2024,,6,80%,2175,1.34,2175,1.34,2024-09-18,2024-10-05,18,17
Innovation Park at Holbrook Farms,3 Bed / 2.5 Bath Tandem,195,,3,2,1,1618,9/19/2024,,6,80%,2175,1.34,2175,1.34,2024-09-18,2024-10-05,18,17
Innovation Park at Holbrook Farms,3 Bed / 2.5 Bath Tandem,195,,3,2,1,1618,4/24/2025,,12,80%,2175,1.34,2175,1.34,2025-03-08,2025-08-07,153,106
Innovation Park at Holbrook Farms,3 Bed / 2 Bath Tandem B,139,3,3,2,,1452,9/29/2024,,6,60%,1399,0.96,1399,0.96,2024-09-28,2024-10-05,8,7
Innovation Park at Holbrook Farms,3 Bed / 2 Bath Tandem B,139,3,3,2,,1452,9/14/2025,,12,60%,1710,1.18,1710,1.18,2025-08-15,2025-11-10,88,58
Innovation Park at Holbrook Farms,3 Bed / 2 Bath Tandem B,139,3,3,2,,1452,Now,,12,60%,1710,1.18,1710,1.18,2026-07-11,,3,1
Innovation Park at Holbrook Farms,3 Bed / 2 Bath Tandem B,162,,3,2,,1452,9/26/2024,,6,80%,1399,0.96,1399,0.96,2024-09-25,2024-10-05,11,10
Innovation Park at Holbrook Farms,3 Bed / 2 Bath Tandem B,162,,3,2,,1452,9/1/2025,,12,80%,2073,1.43,2073,1.43,2025-08-15,2026-02-12,182,165
Innovation Park at Holbrook Farms,3 Bed / 2 Bath Tandem B,203-2,2,3,2,,1452,8/1/2026,,12,80%,2073,1.43,2073,1.43,2026-06-18,,26,0
Innovation Park at Holbrook Farms,3 Bed / 2 Bath Tandem B,159,,3,2,,1452,9/26/2024,,6,80%,1399,0.96,1399,0.96,2024-09-25,2024-10-05,11,10
Innovation Park at Holbrook Farms,3 Bed / 2 Bath Tandem B,159,,3,2,,1452,Now,,12,80%,2073,1.43,2073,1.43,2025-08-15,,333,58
Innovation Park at Holbrook Farms,3 Bed / 2 Bath Tandem B,206-2,2,3,2,,1452,8/1/2026,,12,80%,2175,1.5,2175,1.5,2026-06-18,,26,0
Innovation Park at Holbrook Farms,3 Bed / 2 Bath -Tandem,142,4,3,2,,,12/6/2024,,12,50%,1399,,1399,,2024-12-05,2025-01-22,49,48
Reveal Collection,Phase 2 A1,D101,1,1,1,,743,10/13/2025,,,60%,1579,2.13,1579,2.13,2023-09-12,2023-09-13,2,0
Reveal Collection,Phase 2 A1,D101,1,1,1,,743,10/8/2025,500,12,60%,1329,1.79,1218,1.64,2025-10-07,2026-02-23,140,139
Reveal Collection,A1,C101,1,1,1,,743,10/13/2025,500,12,60%,1479,1.99,1356,1.83,2023-09-12,2024-09-14,369,0
Reveal Collection,A1,C101,1,1,1,,743,10/9/2025,500,12,60%,1348,1.81,1236,1.66,2025-07-31,2026-04-03,247,177
Reveal Collection,A1,A101,1,1,1,,743,9/26/2023,500,12,80%,1479,1.99,1479,1.99,2023-09-26,2024-11-19,421,421
Reveal Collection,A1,A101,1,1,1,,743,3/16/2025,500,12,80%,1498,2.02,1456,1.96,2025-03-15,2025-03-30,16,15
Reveal Collection,Phase 2 A1,D209,2,1,1,,748,9/4/2026,,12,80%,1504,2.01,1504,2.01,2026-07-12,,2,0
Reveal Collection,A1,C309,3,1,1,,748,3/13/2024,500,,80%,1499,2,1499,2,2023-11-09,2024-05-02,176,51
Reveal Collection,A1,C309,3,1,1,,748,5/31/2025,500,12,80%,1493,2,1451,1.94,2025-03-25,2025-04-02,9,0
Reveal Collection,A1,C309,3,1,1,,748,10/28/2025,500,12,80%,1368,1.83,1285,1.72,2025-10-20,2026-01-09,82,74
Reveal Collection,A1,C309,3,1,1,,748,9/1/2026,,12,80%,1554,2.08,1554,2.08,2026-07-12,,2,0
Reveal Collection,A1,C301,3,1,1,,748,3/13/2024,500,12,80%,1539,2.06,1539,2.06,2023-11-09,2024-05-15,189,64
Reveal Collection,A1,C301,3,1,1,,748,6/17/2026,500,13,80%,1570,2.1,1570,2.1,2026-03-25,2026-05-19,56,0
Reveal Collection,A1,A301,3,1,1,,748,10/12/2023,,,80%,1539,2.06,1411,1.89,2023-10-11,2023-11-14,35,34
Reveal Collection,A1,A301,3,1,1,,748,1/6/2025,500,12,80%,1489,1.99,1489,1.99,2024-10-29,2024-11-01,4,0
Reveal Collection,A1,A301,3,1,1,,748,7/31/2026,500,13,80%,1594,2.13,1594,2.13,2026-02-27,2026-06-22,116,0
Reveal Collection,Phase 2 A1,D409,4,1,1,,748,8/27/2026,,13,80%,1604,2.14,1604,2.14,2026-06-25,2026-06-27,3,0
Reveal Collection,A1,C216,2,1,1,,748,3/13/2024,500,12,80%,1564,2.09,1564,2.09,2023-11-09,2024-05-22,196,71
Reveal Collection,A1,C216,2,1,1,,748,7/23/2026,,13,80%,1619,2.16,1619,2.16,2026-05-22,2026-05-23,2,0
Reveal Collection,A1,B416,4,1,1,,748,2/1/2024,,,80%,1589,2.12,1457,1.95,2023-11-09,2024-01-05,58,0
Reveal Collection,A1,B416,4,1,1,,748,3/2/2025,500,12,80%,1583,2.12,1541,2.06,2025-01-01,2025-03-31,90,30
Reveal Collection,A1,B416,4,1,1,,748,7/13/2026,500,13,80%,1644,2.2,1644,2.2,2026-01-30,2026-06-12,134,0
Reveal Collection,A1,B201,2,1,1,,748,10/13/2025,500,12,60%,1514,2.02,1388,1.86,2023-09-12,2024-10-01,386,0
Reveal Collection,A1,B201,2,1,1,,748,10/13/2025,500,12,60%,1433,1.92,1314,1.76,2025-08-07,2025-11-27,113,46
Reveal Collection,A1,A409,4,1,1,,748,11/23/2023,,,60%,1599,2.14,1466,1.96,2023-11-22,2023-11-25,4,3
Reveal Collection,A1,A409,4,1,1,,748,6/30/2025,500,12,60%,1443,1.93,1323,1.77,2025-06-14,2025-08-01,49,33
Reveal Collection,A1,B209,2,1,1,,748,10/29/2023,500,6,60%,1499,2,1499,2,2023-10-28,2024-03-09,134,133
Reveal Collection,A1,B209,2,1,1,,748,3/15/2025,500,12,60%,1449,1.94,1407,1.88,2025-01-03,2025-01-21,19,0
Reveal Collection,A1,B309,3,1,1,,748,2/1/2024,,,60%,1499,2,1374,1.84,2023-11-09,2024-01-24,77,0
Reveal Collection,A1,B309,3,1,1,,748,2/7/2025,500,12,60%,1449,1.94,1407,1.88,2024-12-03,2025-01-09,38,0
Reveal Collection,A1,B216,2,1,1,,748,10/29/2023,500,6,60%,1539,2.06,1539,2.06,2023-10-28,2024-04-23,179,178
Reveal Collection,A1,B216,2,1,1,,748,8/27/2025,500,12,60%,1458,1.95,1336,1.79,2025-07-01,2025-09-15,77,20
Reveal Collection,Phase 2 A1,D116,1,1,1,,748,10/13/2025,,,60%,1597,2.14,1597,2.14,2023-09-12,2023-09-13,2,0
Reveal Collection,Phase 2 A1,D116,1,1,1,,748,4/17/2026,500,12,60%,1462,1.95,1340,1.79,2025-10-07,2026-03-05,150,0
Reveal Collection,Phase 2 A1,D309,3,1,1,,748,10/13/2025,,,60%,1517,2.03,1517,2.03,2023-09-12,2023-09-13,2,0
Reveal Collection,Phase 2 A1,D309,3,1,1,,748,4/7/2026,500,12,60%,1467,1.96,1345,1.8,2025-10-07,2026-03-24,169,0
Reveal Collection,A1,A116,1,1,1,,748,10/28/2025,500,12,60%,1554,2.08,1424,1.9,2023-09-12,2024-10-12,397,0
Reveal Collection,A1,A116,1,1,1,,748,10/28/2025,500,12,60%,1473,1.97,1350,1.8,2025-08-23,2025-12-10,110,44
Reveal Collection,A1,A201,2,1,1,,748,10/13/2025,500,,80%,1539,2.06,1411,1.89,2023-09-12,2024-02-06,148,0
Reveal Collection,A1,A201,2,1,1,,748,8/22/2024,500,12,80%,1489,1.99,1365,1.82,2024-08-16,2024-08-23,8,2
Reveal Collection,A1,A201,2,1,1,,748,9/26/2025,500,12,80%,1483,1.98,1483,1.98,2025-07-20,2025-10-28,101,33
Reveal Collection,A2,C209,2,1,1,,748,3/13/2024,500,12,80%,1499,2,1499,2,2023-11-09,2024-06-06,211,86
Reveal Collection,A2,C209,2,1,1,,748,5/6/2026,500,12,80%,1493,2,1369,1.83,2026-03-02,2026-04-04,34,0
Reveal Collection,A1,A209,2,1,1,,748,9/26/2023,500,,80%,1469,1.96,1469,1.96,2023-09-26,2023-10-11,16,16
Reveal Collection,A1,A209,2,1,1,,748,1/1/2025,500,12,80%,1449,1.94,1407,1.88,2024-12-31,2025-01-10,11,10
Reveal Collection,A1,A209,2,1,1,,748,1/22/2026,500,12,80%,1493,2,1369,1.83,2025-11-11,2026-02-17,99,27
Reveal Collection,A2,B116,1,1,1,,748,10/29/2023,500,12,80%,1573,2.1,1531,2.05,2023-10-28,2025-02-24,486,485
Reveal Collection,A2,B116,1,1,1,,748,4/3/2026,500,12,80%,1498,2,1373,1.84,2026-01-13,2026-04-04,82,2
Reveal Collection,A1,C116,1,1,1,,748,3/13/2024,500,12,80%,1654,2.21,1654,2.21,2023-11-09,2024-12-12,400,275
Reveal Collection,A1,C116,1,1,1,,748,3/28/2025,500,12,80%,1498,2,1456,1.95,2025-03-27,2025-05-14,49,48
Reveal Collection,A1,A309,3,1,1,,748,10/27/2023,500,6,80%,1499,2,1499,2,2023-10-26,2024-03-19,146,145
Reveal Collection,A1,B401,4,1,1,,748,1/28/2024,500,12,80%,1564,2.09,1434,1.92,2023-11-09,2024-08-16,282,202
Reveal Collection,A1,B401,4,1,1,,748,2/19/2025,500,12,80%,1508,2.02,1466,1.96,2025-01-09,2025-02-27,50,9
Reveal Collection,A1,B301,3,1,1,,748,1/28/2024,500,12,80%,1514,2.02,1388,1.86,2023-11-09,2024-09-12,309,229
Reveal Collection,A1,B409,4,1,1,,748,1/28/2024,500,6,80%,1599,2.14,1599,2.14,2023-11-09,2024-03-09,122,42
Reveal Collection,A1,B409,4,1,1,,748,3/25/2026,,12,80%,1518,2.03,1392,1.86,2026-01-09,2026-03-21,72,0
Reveal Collection,A1,B316,3,1,1,,748,1/28/2024,500,6,80%,1539,2.06,1539,2.06,2023-11-09,2024-03-30,143,63
Reveal Collection,A1,B316,3,1,1,,748,4/10/2025,500,12,80%,1533,2.05,1450,1.94,2025-02-02,2025-03-18,45,0
Reveal Collection,A1,A416,4,1,1,,748,11/16/2023,,,80%,1614,2.16,1480,1.98,2023-11-09,2024-01-28,81,74
Reveal Collection,A1,A416,4,1,1,,748,2/7/2025,500,12,80%,1564,2.09,1522,2.03,2024-12-03,2025-01-17,46,0
Reveal Collection,A1,A416,4,1,1,,748,3/23/2026,,12,80%,1533,2.05,1405,1.88,2026-02-26,2026-04-03,37,12
Reveal Collection,A2,C201,2,1,1,,748,3/13/2024,500,,80%,1539,2.06,1539,2.06,2023-11-09,2024-05-06,180,55
Reveal Collection,A2,C201,2,1,1,,748,4/2/2026,500,12,80%,1533,2.05,1405,1.88,2026-03-14,2026-04-07,25,6
Reveal Collection,Phase 2 A1,D316,3,1,1,,748,10/8/2025,500,12,80%,1557,2.08,1427,1.91,2025-10-07,2025-10-08,2,1
Reveal Collection,Phase 2 A1,D201,2,1,1,,748,10/13/2025,,,80%,1557,2.08,1557,2.08,2023-09-12,2023-09-13,2,0
Reveal Collection,Phase 2 A1,D201,2,1,1,,748,10/8/2025,500,12,80%,1557,2.08,1427,1.91,2025-10-07,2025-10-20,14,13
Reveal Collection,A1,A316,3,1,1,,748,11/16/2023,,,80%,1564,2.09,1434,1.92,2023-11-09,2023-12-17,39,32
Reveal Collection,A1,C316,3,1,1,,748,3/13/2024,500,12,80%,1564,2.09,1564,2.09,2023-11-09,2024-05-21,195,70
Reveal Collection,A1,A216,2,1,1,,748,10/3/2023,,,80%,1564,2.09,1434,1.92,2023-10-02,2024-01-17,108,107
Reveal Collection,A1,C401,4,1,1,,748,3/13/2024,500,12,80%,1589,2.12,1457,1.95,2023-11-09,2024-02-25,109,0
Reveal Collection,A1,C401,4,1,1,,748,4/6/2025,500,12,80%,1583,2.12,1541,2.06,2025-01-30,2025-03-03,33,0
Reveal Collection,A1,A401,4,1,1,,748,11/16/2023,,,80%,1589,2.12,1457,1.95,2023-11-09,2023-11-22,14,7
Reveal Collection,A1,C409,4,1,1,,748,2/28/2024,500,12,80%,1599,2.14,1599,2.14,2023-11-09,2024-05-17,191,80
Reveal Collection,A1,C409,4,1,1,,748,8/8/2025,500,12,80%,1593,2.13,1460,1.95,2025-08-02,2025-08-13,12,6
Reveal Collection,A1,B101,1,1,1,,748,10/29/2023,500,6,80%,1604,2.14,1604,2.14,2023-10-28,2024-03-17,142,141
Reveal Collection,A1,C416,4,1,1,,748,3/13/2024,,,80%,1614,2.16,1480,1.98,2023-11-09,2024-01-21,74,0
Reveal Collection,Phase 2 A2,D306,3,1,1,,753,9/7/2026,,12,80%,1549,2.06,1549,2.06,2026-07-12,,2,0
Reveal Collection,Phase 2 A2,D302,3,1,1,,753,5/7/2026,,12,80%,1549,2.06,1549,2.06,2026-04-10,2026-04-26,17,0
Reveal Collection,A2,C315,3,1,1,,753,3/13/2024,500,,80%,1539,2.04,1539,2.04,2023-11-09,2024-05-06,180,55
Reveal Collection,A2,C315,3,1,1,,753,7/29/2026,,13,80%,1599,2.12,1599,2.12,2026-05-22,2026-07-02,42,0
Reveal Collection,A2,C306,3,1,1,,753,3/13/2024,500,12,80%,1539,2.04,1539,2.04,2023-11-09,2024-05-21,195,70
Reveal Collection,A2,C306,3,1,1,,753,6/13/2025,500,12,80%,1584,2.1,1542,2.05,2025-04-07,2025-04-09,3,0
Reveal Collection,A2,C306,3,1,1,,753,Now,,13,80%,1599,2.12,1599,2.12,2026-05-29,,46,20
Reveal Collection,A2,B315,3,1,1,,753,1/28/2024,500,12,80%,1489,1.98,1365,1.81,2023-11-09,2024-08-09,275,195
Reveal Collection,A2,B315,3,1,1,,753,8/12/2026,,12,80%,1599,2.12,1599,2.12,2026-06-24,,20,0
Reveal Collection,A2,B306,3,1,1,,753,1/28/2024,500,12,80%,1539,2.04,1539,2.04,2023-11-09,2024-06-21,226,146
Reveal Collection,A2,B306,3,1,1,,753,7/3/2025,500,12,80%,1584,2.1,1542,2.05,2025-04-26,2025-04-29,4,0
Reveal Collection,A2,B306,3,1,1,,753,8/29/2026,,13,80%,1599,2.12,1599,2.12,2026-07-02,,12,0
Reveal Collection,A2,C202,2,1,1,,753,3/13/2024,500,12,80%,1539,2.04,1539,2.04,2023-11-09,2024-08-07,273,148
Reveal Collection,A2,C202,2,1,1,,753,9/22/2026,,13,80%,1599,2.12,1599,2.12,2026-06-24,2026-07-01,8,0
Reveal Collection,A2,A406,4,1,1,,753,11/16/2023,,,80%,1589,2.11,1457,1.93,2023-11-09,2024-01-21,74,67
Reveal Collection,A2,A406,4,1,1,,753,6/6/2025,500,12,80%,1634,2.17,1592,2.11,2025-04-01,2025-04-02,2,0
Reveal Collection,A2,A406,4,1,1,,753,6/10/2026,,13,80%,1615,2.14,1615,2.14,2026-04-23,2026-04-28,6,0
Reveal Collection,A2,C412,4,1,1,,753,3/13/2024,500,12,80%,1589,2.11,1589,2.11,2023-09-26,2024-07-09,288,119
Reveal Collection,A2,C412,4,1,1,,753,6/18/2025,500,12,80%,1484,1.97,1360,1.81,2025-05-10,2025-07-12,64,25
Reveal Collection,A2,C412,4,1,1,,753,8/4/2026,,12,80%,1649,2.19,1649,2.19,2026-06-09,2026-06-10,2,0
Reveal Collection,A2,C402,4,1,1,,753,3/13/2024,500,6,80%,1589,2.11,1589,2.11,2023-11-09,2024-03-21,134,9
Reveal Collection,A2,C402,4,1,1,,753,7/8/2025,500,12,80%,1484,1.97,1360,1.81,2025-05-08,2025-08-03,88,27
Reveal Collection,A2,C402,4,1,1,,753,8/20/2026,,12,80%,1649,2.19,1649,2.19,2026-05-29,2026-06-05,8,0
Reveal Collection,A2,C102,1,1,1,,753,3/13/2024,500,,80%,1639,2.18,1639,2.18,2023-11-09,2024-05-06,180,55
Reveal Collection,A2,C102,1,1,1,,753,7/3/2026,500,12,80%,1665,2.21,1665,2.21,2026-04-03,2026-05-06,34,0
Reveal Collection,A2,C415,4,1,1,,753,3/13/2024,500,12,80%,1639,2.18,1639,2.18,2023-09-28,2024-06-11,258,91
Reveal Collection,A2,C415,4,1,1,,753,7/1/2026,500,13,80%,1699,2.26,1699,2.26,2026-03-23,2026-07-07,107,7
Reveal Collection,A2,C106,1,1,1,,753,3/13/2024,500,12,80%,1639,2.18,1639,2.18,2023-11-09,2024-06-18,223,98
Reveal Collection,A2,C106,1,1,1,,753,6/25/2025,500,12,80%,1609,2.14,1567,2.08,2025-05-01,2025-05-28,28,0
Reveal Collection,A2,C106,1,1,1,,753,8/31/2026,,12,80%,1699,2.26,1699,2.26,2026-06-26,,18,0
Reveal Collection,A2,A215,2,1,1,,753,11/16/2023,500,12,60%,1564,2.08,1564,2.08,2023-11-09,2024-06-27,232,225
Reveal Collection,A2,A215,2,1,1,,753,11/8/2025,500,12,60%,1415,1.88,1297,1.72,2025-10-28,2026-02-17,113,102
Reveal Collection,A2,A106,1,1,1,,753,10/25/2025,500,12,60%,1589,2.11,1457,1.93,2023-09-12,2024-10-08,393,0
Reveal Collection,A2,A106,1,1,1,,753,10/25/2025,500,12,60%,1415,1.88,1297,1.72,2025-08-20,2025-11-08,81,15
Reveal Collection,A2,B106,1,1,1,,753,10/29/2023,500,12,60%,1639,2.18,1639,2.18,2023-10-28,2024-06-13,230,229
Reveal Collection,A2,B106,1,1,1,,753,7/26/2025,500,12,60%,1434,1.9,1314,1.75,2025-05-12,2025-09-19,131,56
Reveal Collection,A2,B106,1,1,1,,753,4/2/2026,,12,60%,1415,1.88,1297,1.72,2026-02-27,2026-03-10,12,0
Reveal Collection,Phase 2 A2,D206,2,1,1,,753,10/13/2025,,,60%,1549,2.06,1549,2.06,2023-09-12,2023-09-13,2,0
Reveal Collection,Phase 2 A2,D206,2,1,1,,753,10/8/2025,500,12,60%,1424,1.89,1305,1.73,2025-10-07,2026-02-03,120,119
Reveal Collection,A2,A202,2,1,1,,753,10/3/2023,,,60%,1539,2.04,1411,1.87,2023-10-02,2023-11-14,44,43
Reveal Collection,A2,A202,2,1,1,,753,12/30/2024,500,12,60%,1489,1.98,1489,1.98,2024-10-23,2024-11-03,12,0
Reveal Collection,A2,A202,2,1,1,,753,11/8/2025,500,12,60%,1440,1.91,1357,1.8,2025-10-13,2026-01-21,101,75
Reveal Collection,A2,A306,3,1,1,,753,10/13/2025,500,12,60%,1489,1.98,1489,1.98,2023-09-12,2024-09-17,372,0
Reveal Collection,A2,A306,3,1,1,,753,10/7/2025,500,12,60%,1440,1.91,1440,1.91,2025-09-10,2025-10-31,52,25
Reveal Collection,A2,D406,4,1,1,,753,2/8/2026,500,12,80%,1474,1.96,1351,1.79,2025-12-05,2026-02-19,77,12
Reveal Collection,A2,D212,2,1,1,,753,10/13/2025,,,80%,1549,2.06,1549,2.06,2023-09-12,2023-09-13,2,0
Reveal Collection,A2,D212,2,1,1,,753,10/8/2025,500,12,80%,1474,1.96,1351,1.79,2025-10-07,2025-12-16,71,70
Reveal Collection,A2,A212,2,1,1,,753,11/16/2023,500,12,80%,1539,2.04,1539,2.04,2023-11-09,2024-06-23,228,221
Reveal Collection,A2,A212,2,1,1,,753,12/19/2025,500,12,80%,1490,1.98,1407,1.87,2025-10-15,2026-01-15,93,28
Reveal Collection,A2,C312,3,1,1,,753,3/13/2024,500,12,80%,1539,2.04,1539,2.04,2023-11-09,2024-05-11,185,60
Reveal Collection,A2,C312,3,1,1,,753,11/8/2025,500,12,80%,1490,1.98,1366,1.81,2025-11-04,2026-02-05,94,90
Reveal Collection,A2,C115,1,1,1,,753,10/24/2025,500,12,80%,1539,2.04,1539,2.04,2023-09-12,2024-05-19,251,0
Reveal Collection,A2,C115,1,1,1,,753,10/24/2025,500,12,80%,1509,2,1383,1.84,2025-05-20,2025-10-25,159,2
Reveal Collection,A2,A415,4,1,1,,753,12/19/2025,500,12,80%,1664,2.21,1664,2.21,2023-09-12,2024-06-04,267,0
Reveal Collection,A2,A415,4,1,1,,753,6/19/2025,500,12,80%,1634,2.17,1592,2.11,2025-04-17,2025-05-28,42,0
Reveal Collection,A2,A415,4,1,1,,753,3/30/2026,500,12,80%,1515,2.01,1389,1.84,2025-10-07,2026-03-24,169,0
Reveal Collection,Phase 2 A1,D312,3,1,1,,753,4/7/2026,500,12,80%,1549,2.06,1420,1.89,2026-03-24,2026-04-14,22,8
Reveal Collection,Phase 2 A2,D215,2,1,1,,753,10/13/2025,,,80%,1549,2.06,1549,2.06,2023-09-12,2023-09-13,2,0
Reveal Collection,Phase 2 A2,D215,2,1,1,,753,10/8/2025,500,12,80%,1549,2.06,1549,2.06,2025-10-07,2025-11-01,26,25
Reveal Collection,A1,C212,2,1,1,,753,3/13/2024,500,12,80%,1539,2.04,1539,2.04,2023-11-09,2024-07-12,247,122
Reveal Collection,A1,C212,2,1,1,,753,12/19/2024,500,12,80%,1489,1.98,1489,1.98,2024-11-19,2024-12-28,40,10
Reveal Collection,A1,C212,2,1,1,,753,1/30/2026,500,12,80%,1565,2.08,1435,1.91,2025-11-22,2025-11-25,4,0
Reveal Collection,A1,C212,2,1,1,,753,4/11/2026,500,12,80%,1565,2.08,1435,1.91,2026-02-24,2026-04-08,44,0
Reveal Collection,A2,B312,3,1,1,,753,1/28/2024,500,6,80%,1539,2.04,1539,2.04,2023-11-09,2024-03-26,139,59
Reveal Collection,A2,B312,3,1,1,,753,1/17/2026,500,12,80%,1565,2.08,1435,1.91,2025-12-10,2026-02-10,63,25
Reveal Collection,A2,A312,3,1,1,,753,11/16/2023,,,80%,1539,2.04,1411,1.87,2023-11-09,2024-01-26,79,72
Reveal Collection,A2,A312,3,1,1,,753,2/4/2026,500,12,80%,1565,2.08,1435,1.91,2025-12-03,2026-02-17,77,14
Reveal Collection,A2,C302,3,1,1,,753,3/13/2024,500,6,80%,1539,2.04,1539,2.04,2023-11-09,2024-04-04,148,23
Reveal Collection,A2,C302,3,1,1,,753,4/29/2026,500,12,80%,1565,2.08,1435,1.91,2026-02-23,2026-04-20,57,0
Reveal Collection,A2,A402,4,1,1,,753,11/16/2023,,,80%,1589,2.11,1457,1.93,2023-11-09,2023-12-27,49,42
Reveal Collection,A2,A402,4,1,1,,753,1/12/2025,500,12,80%,1539,2.04,1539,2.04,2024-11-06,2024-12-20,45,0
Reveal Collection,A2,A402,4,1,1,,753,2/5/2026,500,12,80%,1615,2.14,1480,1.97,2025-12-03,2026-02-17,77,13
Reveal Collection,A2,B102,1,1,1,,753,10/29/2023,500,6,80%,1639,2.18,1639,2.18,2023-10-28,2024-03-17,142,141
Reveal Collection,A2,B102,1,1,1,,753,3/29/2025,500,12,80%,1684,2.24,1642,2.18,2025-01-23,2025-02-17,26,0
Reveal Collection,A2,B102,1,1,1,,753,4/4/2026,,12,80%,1665,2.21,1526,2.03,2026-01-25,2026-02-24,31,0
Reveal Collection,A2,B206,2,1,1,,853,1/28/2024,500,12,60%,1539,1.8,1539,1.8,2023-11-09,2024-07-07,242,162
Reveal Collection,A2,B206,2,1,1,,853,8/21/2025,500,12,60%,1459,1.71,1337,1.57,2025-06-16,2025-10-10,117,51
Reveal Collection,A2,C215,2,1,1,,853,3/13/2024,500,12,60%,1539,1.8,1539,1.8,2023-09-27,2024-05-29,246,78
Reveal Collection,A2,C215,2,1,1,,853,8/6/2025,500,12,60%,1459,1.71,1337,1.57,2025-05-31,2025-08-19,81,14
Reveal Collection,A2,A206,2,1,1,,853,10/3/2023,,,80%,1539,1.8,1411,1.65,2023-10-02,2024-01-04,95,94
Reveal Collection,A2,A206,2,1,1,,853,1/23/2025,500,12,80%,1489,1.75,1489,1.75,2024-05-20,2024-12-24,219,0
Reveal Collection,A2,A206,2,1,1,,853,8/21/2025,500,12,80%,1484,1.74,1360,1.59,2025-08-01,2025-09-11,42,22
Reveal Collection,A2,A315,3,1,1,,853,11/16/2023,500,12,80%,1514,1.77,1388,1.63,2023-11-09,2024-09-16,313,306
Reveal Collection,A2,A315,3,1,1,,853,9/8/2025,500,12,80%,1484,1.74,1313,1.54,2025-08-13,2025-10-07,56,30
Reveal Collection,A2,B215,2,1,1,,853,1/28/2024,500,12,80%,1489,1.75,1365,1.6,2023-11-09,2024-08-26,292,212
Reveal Collection,A2,C406,4,1,1,,853,3/13/2024,500,12,80%,1589,1.86,1589,1.86,2023-11-09,2024-05-13,187,62
Reveal Collection,A2,C406,4,1,1,,853,11/12/2024,500,12,80%,1539,1.8,1411,1.65,2024-09-05,2024-09-27,23,0
Reveal Collection,A2,B302,3,1,1,,853,1/28/2024,500,12,80%,1539,1.8,1411,1.65,2023-11-09,2024-03-05,118,38
Reveal Collection,A2,B115,1,1,1,,853,10/29/2023,500,12,80%,1539,1.8,1411,1.65,2023-10-28,2024-03-02,127,126
Reveal Collection,A2,B402,4,1,1,,853,1/28/2024,500,,80%,1589,1.86,1457,1.71,2023-09-27,2024-01-31,127,4
Reveal Collection,A2,B402,4,1,1,,853,9/24/2024,500,12,80%,1539,1.8,1411,1.65,2024-07-31,2024-10-01,63,8
Reveal Collection,A2,B402,4,1,1,,853,10/17/2025,500,12,80%,1559,1.83,1379,1.62,2025-08-12,2025-10-07,57,0
Reveal Collection,A2,B212,2,1,1,,853,1/28/2024,500,12,80%,1539,1.8,1539,1.8,2023-11-09,2024-05-23,197,117
Reveal Collection,A2,B212,2,1,1,,853,6/11/2025,500,12,80%,1584,1.86,1542,1.81,2025-04-07,2025-04-12,6,0
Reveal Collection,A2,B406,4,1,1,,853,1/28/2024,500,12,80%,1589,1.86,1589,1.86,2023-09-27,2024-05-07,224,101
Reveal Collection,A2,B406,4,1,1,,853,4/7/2025,500,12,80%,1584,1.86,1542,1.81,2025-02-26,2025-04-07,41,1
Reveal Collection,A2,A302,3,1,1,,853,11/16/2023,500,12,80%,1539,1.8,1411,1.65,2023-11-09,2024-02-24,108,101
Reveal Collection,A2,A302,3,1,1,,853,9/13/2025,500,12,80%,1584,1.86,1452,1.7,2025-07-11,2025-08-15,36,0
Reveal Collection,A2,C206,2,1,1,,853,3/13/2024,500,,80%,1539,1.8,1539,1.8,2023-11-09,2024-05-06,180,55
Reveal Collection,A2,C206,2,1,1,,853,5/27/2025,500,12,80%,1584,1.86,1501,1.76,2025-03-21,2025-03-23,3,0
Reveal Collection,A2,B202,2,1,1,,853,10/29/2023,500,12,80%,1489,1.75,1365,1.6,2023-10-28,2024-08-24,302,301
Reveal Collection,A2,B202,2,1,1,,853,6/9/2025,500,12,80%,1584,1.86,1542,1.81,2025-05-08,2025-05-17,10,0
Reveal Collection,A2,A412,4,1,1,,853,11/16/2023,500,12,80%,1539,1.8,1539,1.8,2023-11-09,2024-08-08,274,267
Reveal Collection,A2,A412,4,1,1,,853,9/20/2025,500,12,80%,1584,1.86,1452,1.7,2025-07-11,2025-08-05,26,0
Reveal Collection,A2,B412,4,1,1,,853,1/28/2024,500,12,80%,1589,1.86,1589,1.86,2023-09-27,2024-05-28,245,122
Reveal Collection,A2,B112,1,1,1,,853,10/29/2023,500,6,80%,1639,1.92,1639,1.92,2023-10-28,2024-03-09,134,133
Reveal Collection,A2,B112,1,1,1,,853,3/7/2025,500,12,80%,1589,1.86,1547,1.81,2025-01-01,2025-01-13,13,0
Reveal Collection,A2,A112,1,1,1,,853,9/26/2023,500,,80%,1639,1.92,1502,1.76,2023-09-26,2024-01-05,102,102
Reveal Collection,A2,B415,4,1,1,,853,1/28/2024,500,12,80%,1639,1.92,1639,1.92,2023-09-27,2024-07-31,309,186
Reveal Collection,A2,C112,1,1,1,,853,3/13/2024,500,12,80%,1639,1.92,1639,1.92,2023-11-09,2024-06-19,224,99
Reveal Collection,A2,A115,1,1,1,,853,9/26/2023,500,,80%,1664,1.95,1525,1.79,2023-09-26,2024-01-28,125,125
Reveal Collection,Phase 2 TH2,1204,2,2,2,1,1482,10/13/2025,,,120%,2549,1.72,2549,1.72,2023-09-12,2023-09-13,2,0
Reveal Collection,Phase 2 TH2,1204,2,2,2,1,1482,10/8/2025,500,12,120%,2549,1.72,2549,1.72,2025-10-07,2025-11-04,29,28
Reveal Collection,Phase 2 TH2,1204,2,2,2,1,1482,4/15/2026,500,13,120%,2499,1.69,2499,1.69,2026-02-27,2026-05-01,64,17
Reveal Collection,Phase 2 TH2,1105,1,2,2,1,1482,10/13/2025,,,120%,2499,1.69,2499,1.69,2023-09-12,2023-09-13,2,0
Reveal Collection,Phase 2 TH2,1105,1,2,2,1,1482,10/8/2025,500,12,120%,2249,1.52,2166,1.46,2025-10-07,2026-01-13,99,98
Reveal Collection,Phase 2 TH2,1103,1,2,2,1,1482,10/13/2025,,,120%,2549,1.72,2549,1.72,2023-09-12,2023-09-13,2,0
Reveal Collection,Phase 2 TH2,1103,1,2,2,1,1482,10/8/2025,500,12,120%,2289,1.54,2098,1.42,2025-10-07,2025-12-04,59,58
Reveal Collection,Phase 2 TH2,1104,1,2,2,1,1482,10/13/2025,,,120%,2549,1.72,2549,1.72,2023-09-12,2023-09-13,2,0
Reveal Collection,Phase 2 TH2,1104,1,2,2,1,1482,10/8/2025,500,12,120%,2314,1.56,2121,1.43,2025-10-07,2026-03-03,148,147
Reveal Collection,Phase 2 TH2,1205,2,2,2,1,1482,10/13/2025,,,120%,2549,1.72,2549,1.72,2023-09-12,2023-09-13,2,0
Reveal Collection,Phase 2 TH2,1205,2,2,2,1,1482,10/8/2025,500,12,120%,2474,1.67,2268,1.53,2025-10-07,2026-04-06,182,181
Reveal Collection,Phase 2 TH2,1203,2,2,2,1,1482,10/13/2025,,,120%,2549,1.72,2549,1.72,2023-09-12,2023-09-13,2,0
Reveal Collection,Phase 2 TH2,1203,2,2,2,1,1482,10/8/2025,500,12,120%,2499,1.69,2291,1.55,2025-10-07,2025-10-17,11,10
Reveal Collection,Phase 2 TH2,1202,2,2,2,1,1482,10/13/2025,,,120%,2549,1.72,2549,1.72,2023-09-12,2023-09-13,2,0
Reveal Collection,Phase 2 TH2,1202,2,2,2,1,1482,10/8/2025,500,12,120%,2499,1.69,2291,1.55,2025-10-07,2026-04-07,183,182
Reveal Collection,Phase 2 B1,D214,2,2,2,,1102,8/8/2026,,12,80%,1999,1.81,1999,1.81,2026-05-29,,46,0
Reveal Collection,Phase 2 B1,D114,1,2,2,,1102,10/13/2025,,,80%,1979,1.8,1979,1.8,2023-09-12,2023-09-13,2,0
Reveal Collection,Phase 2 B1,D114,1,2,2,,1102,10/8/2025,500,12,80%,1894,1.72,1736,1.58,2025-10-07,2025-12-12,67,66
Reveal Collection,Phase 2 B1,D114,1,2,2,,1102,Now,,12,80%,2039,1.85,2039,1.85,2026-06-24,,20,7
Reveal Collection,B1,A114,1,2,2,,1102,9/26/2023,500,12,80%,1959,1.78,1959,1.78,2023-09-26,2024-08-03,313,313
Reveal Collection,B1,A114,1,2,2,,1102,9/2/2026,,13,80%,2084,1.89,2084,1.89,2026-06-13,,31,0
Reveal Collection,B1,A314,3,2,2,,1102,10/13/2025,500,12,60%,1889,1.71,1889,1.71,2023-09-12,2024-06-13,276,0
Reveal Collection,B1,A314,3,2,2,,1102,7/30/2025,500,12,60%,1596,1.45,1463,1.33,2025-05-21,2026-02-07,263,193
Reveal Collection,B1,C414,4,2,2,,1102,10/13/2025,500,12,80%,1969,1.79,1969,1.79,2023-09-12,2024-07-24,317,0
Reveal Collection,B1,C414,4,2,2,,1102,8/22/2025,500,12,80%,1721,1.56,1578,1.43,2025-06-14,2025-12-20,190,121
Reveal Collection,B1,B414,4,2,2,,1102,2/1/2024,500,12,80%,1939,1.76,1777,1.61,2023-11-09,2024-02-20,104,20
Reveal Collection,B1,B414,4,2,2,,1102,3/22/2025,500,12,80%,1846,1.68,1804,1.64,2024-11-05,2025-05-21,198,61
Reveal Collection,B1,B114,1,2,2,,1102,9/26/2023,500,,80%,1929,1.75,1929,1.75,2023-09-26,2024-05-04,222,222
Reveal Collection,B1,B114,1,2,2,,1102,7/11/2025,500,12,80%,1886,1.71,1729,1.57,2025-05-01,2025-07-22,83,12
Reveal Collection,B1,B114,1,2,2,,1102,1/14/2026,500,12,80%,1886,1.71,1729,1.57,2025-11-11,2026-01-04,55,0
Reveal Collection,B1,A214,2,2,2,,1102,9/26/2023,500,12,80%,1889,1.71,1889,1.71,2023-09-26,2024-06-25,274,274
Reveal Collection,B1,C214,2,2,2,,1102,3/13/2024,500,12,80%,1919,1.74,1759,1.6,2023-11-09,2024-09-15,312,187
Reveal Collection,B1,B314,3,2,2,,1102,1/31/2024,500,12,80%,1919,1.74,1759,1.6,2023-09-28,2024-08-14,322,197
Reveal Collection,B1,B214,2,2,2,,1102,2/1/2024,500,12,80%,1919,1.74,1759,1.6,2023-09-28,2024-08-20,328,202
Reveal Collection,B1,C314,3,2,2,,1102,3/13/2024,500,12,80%,1919,1.74,1759,1.6,2023-11-09,2024-08-20,286,161
Reveal Collection,B1,A414,4,2,2,,1102,9/26/2023,500,12,80%,1939,1.76,1939,1.76,2023-09-26,2024-06-13,262,262
Reveal Collection,B1,C114,1,2,2,,1102,3/13/2024,500,,80%,1929,1.75,1929,1.75,2023-11-09,2024-05-03,177,52
Reveal Collection,B1,C114,1,2,2,,1102,5/17/2025,500,12,80%,2036,1.85,1994,1.81,2025-03-12,2025-04-23,43,0
Reveal Collection,Phase 2 B2,D414,4,2,2,,1102,10/10/2025,500,12,80%,2039,1.85,1869,1.7,2025-10-08,2025-10-12,5,3
Reveal Collection,Phase 2 B2,D414,4,2,2,,1102,4/1/2026,500,12,80%,2039,1.85,1869,1.7,2026-02-27,2026-04-09,42,9
Reveal Collection,B1,A311,3,2,2,,1116,11/16/2023,500,6,80%,1849,1.66,1849,1.66,2023-11-09,2024-04-25,169,162
Reveal Collection,B1,A311,3,2,2,,1116,7/22/2026,,12,80%,1985,1.78,1985,1.78,2026-05-22,2026-05-27,6,0
Reveal Collection,B1,B311,3,2,2,,1116,2/1/2024,500,12,80%,1879,1.68,1879,1.68,2023-11-09,2024-07-24,259,175
Reveal Collection,B1,B311,3,2,2,,1116,7/27/2026,,12,80%,2010,1.8,2010,1.8,2026-05-22,2026-06-10,20,0
Reveal Collection,B1,C311,3,2,2,,1116,3/13/2024,500,12,80%,1849,1.66,1849,1.66,2023-11-09,2024-06-25,230,105
Reveal Collection,B1,C311,3,2,2,,1116,7/30/2026,,13,80%,2019,1.81,2019,1.81,2026-06-18,,26,0
Reveal Collection,B1,A303,3,2,2,,1116,11/16/2023,500,12,80%,1889,1.69,1889,1.69,2023-11-09,2024-06-05,210,203
Reveal Collection,B1,A303,3,2,2,,1116,8/6/2026,,13,80%,2050,1.84,2050,1.84,2026-05-22,2026-05-28,7,0
Reveal Collection,Phase 2 B1,D410,4,2,2,,1116,8/28/2026,,12,80%,2074,1.86,2074,1.86,2026-06-23,,21,0
Reveal Collection,B1,C410,4,2,2,,1116,3/13/2024,500,12,80%,1949,1.75,1949,1.75,2023-11-09,2024-05-28,202,77
Reveal Collection,B1,C410,4,2,2,,1116,6/12/2025,500,12,80%,2062,1.85,2020,1.81,2025-04-02,2025-05-10,39,0
Reveal Collection,B1,C410,4,2,2,,1116,6/11/2026,,13,80%,2076,1.86,2076,1.86,2026-04-25,2026-05-22,28,0
Reveal Collection,B1,B103,1,2,2,,1116,10/29/2023,500,12,80%,1929,1.73,1929,1.73,2023-10-28,2024-06-22,239,238
Reveal Collection,B1,B103,1,2,2,,1116,Now,,12,80%,2099,1.88,2099,1.88,2026-04-25,,80,10
Reveal Collection,B1,A103,1,2,2,,1116,10/3/2023,,,80%,1929,1.73,1768,1.58,2023-10-02,2024-01-07,98,97
Reveal Collection,B1,A103,1,2,2,,1116,7/29/2025,500,12,80%,1917,1.72,1757,1.57,2025-05-28,2025-09-05,101,39
Reveal Collection,B1,A103,1,2,2,,1116,8/29/2026,,13,80%,2099,1.88,2099,1.88,2026-06-27,,17,0
Reveal Collection,B1,C303,3,2,2,,1116,11/8/2025,500,12,80%,1889,1.69,1889,1.69,2023-09-12,2024-06-29,292,0
Reveal Collection,B1,C303,3,2,2,,1116,11/8/2025,500,12,80%,1689,1.51,1548,1.39,2025-09-26,2026-02-25,153,110
Reveal Collection,B1,C207,2,2,2,,1116,10/13/2025,,,80%,1849,1.66,1695,1.52,2023-09-12,2024-02-03,145,0
Reveal Collection,B1,C207,2,2,2,,1116,7/10/2024,500,12,80%,1879,1.68,1879,1.68,2024-07-09,2024-07-14,6,5
Reveal Collection,B1,C207,2,2,2,,1116,8/29/2025,500,12,80%,1699,1.52,1557,1.4,2025-06-10,2025-12-28,202,122
Reveal Collection,Phase 2 B1,D203,2,2,2,,1116,1/22/2026,500,12,80%,1714,1.54,1571,1.41,2025-12-17,2026-03-13,87,51
Reveal Collection,B1,A110,1,2,2,,1116,10/13/2025,,,80%,1812,1.62,1812,1.62,2023-09-12,2023-09-13,2,0
Reveal Collection,B1,A110,1,2,2,,1116,8/1/2025,500,12,80%,1749,1.57,1603,1.44,2025-07-31,2025-11-13,106,105
Reveal Collection,Phase 2 B1,D211,2,2,2,,1116,10/13/2025,,,80%,1899,1.7,1899,1.7,2023-09-12,2023-09-13,2,0
Reveal Collection,Phase 2 B1,D211,2,2,2,,1116,10/8/2025,500,12,80%,1764,1.58,1617,1.45,2025-10-07,2026-03-07,152,151
Reveal Collection,B1,A310,3,2,2,,1116,10/13/2025,,,80%,1849,1.66,1695,1.52,2023-09-12,2024-01-27,138,0
Reveal Collection,B1,A310,3,2,2,,1116,9/20/2025,500,12,80%,1774,1.59,1626,1.46,2025-08-15,2025-11-25,103,67
Reveal Collection,B1,B210,2,2,2,,1116,1/31/2024,500,6,80%,1849,1.66,1849,1.66,2023-11-09,2024-03-16,129,46
Reveal Collection,B1,B210,2,2,2,,1116,6/28/2025,500,12,80%,1787,1.6,1638,1.47,2025-05-13,2025-08-16,96,50
Reveal Collection,B1,C208,2,2,2,,1116,3/13/2024,500,12,80%,1849,1.66,1849,1.66,2023-11-09,2024-06-25,230,105
Reveal Collection,B1,C208,2,2,2,,1116,7/31/2025,500,12,80%,1812,1.62,1603,1.44,2025-05-23,2025-09-23,124,55
Reveal Collection,B1,B407,4,2,2,,1116,2/1/2024,,,80%,1949,1.75,1787,1.6,2023-11-09,2024-01-30,83,0
Reveal Collection,B1,B407,4,2,2,,1116,2/8/2025,500,12,80%,1887,1.69,1804,1.62,2024-12-09,2025-03-15,97,36
Reveal Collection,B1,B407,4,2,2,,1116,4/11/2026,,12,80%,1824,1.63,1672,1.5,2026-03-04,2026-03-10,7,0
Reveal Collection,B1,C310,3,2,2,,1116,3/13/2024,500,6,80%,1849,1.66,1849,1.66,2023-11-09,2024-04-19,163,38
Reveal Collection,B1,C310,3,2,2,,1116,6/7/2025,500,12,80%,1837,1.65,1684,1.51,2025-04-02,2025-06-29,89,23
Reveal Collection,B1,C210,2,2,2,,1116,3/13/2024,500,12,80%,1849,1.66,1849,1.66,2023-11-09,2024-05-28,202,77
Reveal Collection,B1,C210,2,2,2,,1116,7/22/2025,500,12,80%,1837,1.65,1684,1.51,2025-05-16,2025-09-17,125,58
Reveal Collection,B1,B403,4,2,2,,1116,10/13/2025,500,12,80%,1969,1.76,1969,1.76,2023-09-12,2024-07-16,309,0
Reveal Collection,B1,B403,4,2,2,,1116,8/23/2025,500,12,80%,1839,1.65,1686,1.51,2025-06-18,2025-11-22,158,92
Reveal Collection,B1,B310,3,2,2,,1116,2/1/2024,500,12,80%,1849,1.66,1849,1.66,2023-11-09,2024-05-13,187,103
Reveal Collection,B1,B308,3,2,2,,1116,2/1/2024,500,,80%,1849,1.66,1849,1.66,2023-11-09,2024-05-02,176,92
Reveal Collection,B1,B307,3,2,2,,1116,1/31/2024,500,12,80%,1849,1.66,1695,1.52,2023-11-09,2024-02-20,104,21
Reveal Collection,B1,C307,3,2,2,,1116,3/13/2024,500,6,80%,1849,1.66,1849,1.66,2023-11-09,2024-03-11,124,0
Reveal Collection,B1,B211,2,2,2,,1116,2/1/2024,500,12,80%,1849,1.66,1849,1.66,2023-11-09,2024-07-06,241,157
Reveal Collection,B1,A211,2,2,2,,1116,11/16/2023,500,12,80%,1849,1.66,1849,1.66,2023-11-09,2024-06-26,231,224
Reveal Collection,B1,A307,3,2,2,,1116,11/16/2023,,,80%,1849,1.66,1695,1.52,2023-11-09,2024-01-04,57,50
Reveal Collection,B1,A307,3,2,2,,1116,11/29/2024,500,12,80%,1879,1.68,1879,1.68,2024-09-24,2024-12-03,71,5
Reveal Collection,B1,A307,3,2,2,,1116,2/21/2026,500,12,80%,1849,1.66,1695,1.52,2025-12-12,2026-03-19,98,27
Reveal Collection,B1,B208,2,2,2,,1116,2/1/2024,,,80%,1849,1.66,1695,1.52,2023-11-09,2024-02-11,95,11
Reveal Collection,B1,A208,2,2,2,,1116,11/16/2023,500,6,80%,1849,1.66,1849,1.66,2023-11-09,2024-04-04,148,141
Reveal Collection,B1,A208,2,2,2,,1116,5/6/2025,500,12,80%,1887,1.69,1730,1.55,2025-02-28,2025-06-09,102,35
Reveal Collection,B1,C203,2,2,2,,1116,3/13/2024,500,12,80%,1889,1.69,1889,1.69,2023-11-09,2024-07-05,240,115
Reveal Collection,B1,A210,2,2,2,,1116,11/16/2023,,,80%,1849,1.66,1695,1.52,2023-11-09,2024-01-29,82,75
Reveal Collection,B1,A210,2,2,2,,1116,2/7/2025,500,12,80%,1879,1.68,1837,1.65,2024-12-04,2025-01-18,46,0
Reveal Collection,B1,A210,2,2,2,,1116,4/15/2026,500,12,80%,1899,1.7,1741,1.56,2026-02-03,2026-04-18,75,4
Reveal Collection,B1,A308,3,2,2,,1116,11/16/2023,,,80%,1849,1.66,1695,1.52,2023-11-09,2024-01-14,67,60
Reveal Collection,B1,A308,3,2,2,,1116,2/2/2026,500,12,80%,1899,1.7,1741,1.56,2025-11-26,2026-03-25,120,52
Reveal Collection,Phase 2 B1,D210,2,2,2,,1116,10/13/2025,,,80%,1899,1.7,1899,1.7,2023-09-12,2023-09-13,2,0
Reveal Collection,Phase 2 B1,D210,2,2,2,,1116,10/8/2025,500,12,80%,1899,1.7,1741,1.56,2025-10-07,2025-12-12,67,66
Reveal Collection,B1,A207,2,2,2,,1116,11/16/2023,500,12,80%,1849,1.66,1849,1.66,2023-11-03,2024-06-02,213,200
Reveal Collection,B1,A207,2,2,2,,1116,4/13/2025,500,12,80%,1962,1.76,1920,1.72,2025-03-11,2025-04-11,32,0
Reveal Collection,B1,A207,2,2,2,,1116,4/23/2026,,12,80%,1899,1.7,1741,1.56,2026-02-21,2026-03-13,21,0
Reveal Collection,B1,B203,2,2,2,,1116,10/29/2023,500,12,80%,1919,1.72,1759,1.58,2023-10-28,2024-08-29,307,306
Reveal Collection,B1,B203,2,2,2,,1116,1/18/2026,500,12,80%,1914,1.72,1831,1.64,2025-11-13,2026-01-10,59,0
Reveal Collection,B1,B303,3,2,2,,1116,2/1/2024,500,12,80%,1919,1.72,1919,1.72,2023-11-09,2024-07-25,260,176
Reveal Collection,B1,B408,4,2,2,,1116,2/1/2024,500,12,80%,1899,1.7,1741,1.56,2023-11-09,2024-02-22,106,22
Reveal Collection,B1,B408,4,2,2,,1116,3/7/2025,500,12,80%,1929,1.73,1887,1.69,2024-12-31,2025-01-07,8,0
Reveal Collection,B1,C103,1,2,2,,1116,3/13/2024,500,12,80%,1929,1.73,1929,1.73,2023-11-09,2024-06-22,227,102
Reveal Collection,B1,C403,4,2,2,,1116,3/13/2024,,,80%,1939,1.74,1777,1.59,2023-11-09,2024-02-02,86,0
Reveal Collection,B1,A108,1,2,2,,1116,10/3/2023,,,80%,1939,1.74,1777,1.59,2023-10-02,2023-12-12,72,71
Reveal Collection,B1,A403,4,2,2,,1116,11/16/2023,500,12,80%,1939,1.74,1939,1.74,2023-11-09,2024-05-25,199,192
Reveal Collection,B1,A410,4,2,2,,1116,11/16/2023,,,80%,1949,1.75,1787,1.6,2023-11-09,2024-01-30,83,76
Reveal Collection,B1,A410,4,2,2,,1116,2/11/2025,500,12,80%,1979,1.77,1979,1.77,2024-12-07,2024-12-12,6,0
Reveal Collection,B1,A410,4,2,2,,1116,2/28/2026,,12,80%,1949,1.75,1787,1.6,2025-12-29,2026-03-24,86,25
Reveal Collection,B1,B410,4,2,2,,1116,2/1/2024,500,12,80%,1949,1.75,1787,1.6,2023-11-09,2024-02-20,104,20
Reveal Collection,B1,A408,4,2,2,,1116,11/16/2023,500,12,80%,1899,1.7,1899,1.7,2023-11-09,2024-04-30,174,167
Reveal Collection,B1,A408,4,2,2,,1116,6/12/2025,500,12,80%,2012,1.8,1970,1.77,2025-04-06,2025-05-02,27,0
Reveal Collection,B1,A408,4,2,2,,1116,6/18/2026,,12,80%,1949,1.75,1787,1.6,2026-04-16,2026-04-18,3,0
Reveal Collection,B1,A203,2,2,2,,1116,10/3/2023,,,80%,1889,1.69,1732,1.55,2023-10-02,2023-12-17,77,76
Reveal Collection,B1,A203,2,2,2,,1116,9/6/2024,500,12,80%,1919,1.72,1759,1.58,2024-07-12,2024-08-09,29,0
Reveal Collection,B1,A203,2,2,2,,1116,8/24/2025,500,12,80%,1952,1.75,1727,1.55,2025-06-19,2025-10-07,111,45
Reveal Collection,B1,C211,2,2,2,,1116,3/13/2024,500,12,80%,1849,1.66,1849,1.66,2023-11-09,2024-05-24,198,73
Reveal Collection,B1,C211,2,2,2,,1116,6/12/2025,500,12,80%,1962,1.76,1920,1.72,2025-05-13,2025-05-25,13,0
Reveal Collection,B1,C308,3,2,2,,1116,3/13/2024,500,12,80%,1849,1.66,1849,1.66,2023-11-09,2024-05-14,188,63
Reveal Collection,B1,C308,3,2,2,,1116,5/31/2025,500,12,80%,1962,1.76,1962,1.76,2025-03-25,2025-06-12,80,13
Reveal Collection,B1,B207,2,2,2,,1116,2/1/2024,500,6,80%,1849,1.66,1849,1.66,2023-11-09,2024-04-18,162,78
Reveal Collection,B1,B207,2,2,2,,1116,5/6/2025,500,12,80%,1962,1.76,1879,1.68,2025-02-28,2025-03-19,20,0
Reveal Collection,B1,C108,1,2,2,,1116,3/13/2024,500,12,80%,1969,1.76,1969,1.76,2023-11-09,2024-07-18,253,128
Reveal Collection,B1,C110,1,2,2,,1116,12/6/2025,500,12,80%,1939,1.74,1939,1.74,2023-09-12,2024-06-11,274,0
Reveal Collection,B1,C110,1,2,2,,1116,6/17/2025,500,12,80%,2052,1.84,2010,1.8,2025-04-01,2025-05-20,50,0
Reveal Collection,B1,C110,1,2,2,,1116,12/6/2025,500,12,80%,1739,1.56,1594,1.43,2025-10-08,2025-12-30,84,25
Reveal Collection,B1,C110,1,2,2,,1116,6/16/2026,,12,80%,1979,1.77,1814,1.63,2026-04-18,2026-04-20,3,0
Reveal Collection,B1,B108,1,2,2,,1116,10/29/2023,500,6,80%,1939,1.74,1939,1.74,2023-10-28,2024-04-09,165,164
Reveal Collection,B1,B108,1,2,2,,1116,4/15/2026,500,12,80%,1979,1.77,1814,1.63,2026-02-03,2026-04-20,77,6
Reveal Collection,Phase 2 B1,D103,1,2,2,,1116,10/13/2025,,,80%,1979,1.77,1979,1.77,2023-09-12,2023-09-13,2,0
Reveal Collection,Phase 2 B1,D103,1,2,2,,1116,10/8/2025,500,12,80%,1979,1.77,1979,1.77,2025-10-07,2025-11-04,29,28
Reveal Collection,B1,B110,1,2,2,,1116,10/29/2023,500,12,80%,1969,1.76,1805,1.62,2023-10-28,2024-08-25,303,302
Reveal Collection,B1,B110,1,2,2,,1116,12/22/2024,500,12,80%,1969,1.76,1927,1.73,2024-12-20,2025-01-07,19,17
Reveal Collection,B1,B110,1,2,2,,1116,2/23/2026,500,12,80%,1989,1.78,1906,1.71,2025-12-15,2026-01-28,45,0
Reveal Collection,B1,A411,4,2,2,,1116,11/16/2023,500,12,80%,1949,1.75,1949,1.75,2023-11-09,2024-06-13,218,211
Reveal Collection,B1,A411,4,2,2,,1116,3/6/2026,,12,80%,1999,1.79,1916,1.72,2026-01-06,2026-01-26,21,0
Reveal Collection,B2,B411,4,2,2,,1116,1/31/2024,,,80%,1949,1.75,1787,1.6,2023-11-09,2024-02-03,87,4
Reveal Collection,B2,B411,4,2,2,,1116,4/5/2025,500,12,80%,2062,1.85,1979,1.77,2025-01-28,2025-03-21,53,0
Reveal Collection,B2,B411,4,2,2,,1116,5/13/2026,500,12,80%,1999,1.79,1832,1.64,2026-03-12,2026-04-07,27,0
Reveal Collection,B1,C407,4,2,2,,1116,3/13/2024,500,12,80%,1949,1.75,1949,1.75,2023-11-09,2024-06-27,232,107
Reveal Collection,B1,C407,4,2,2,,1116,2/14/2025,500,12,80%,1979,1.77,1937,1.74,2024-12-12,2025-01-18,38,0
Reveal Collection,B1,C407,4,2,2,,1116,2/21/2026,,12,80%,1999,1.79,1832,1.64,2025-12-19,2026-03-14,86,22
Reveal Collection,B1,C408,4,2,2,,1116,3/13/2024,500,6,80%,1899,1.7,1899,1.7,2023-11-09,2024-04-04,148,23
Reveal Collection,B1,C408,4,2,2,,1116,4/12/2025,500,12,80%,2012,1.8,1970,1.77,2025-03-03,2025-04-22,51,11
Reveal Collection,B1,C411,4,2,2,,1116,3/13/2024,500,6,80%,1949,1.75,1949,1.75,2023-11-09,2024-04-21,165,40
Reveal Collection,B1,C411,4,2,2,,1116,11/3/2024,500,12,80%,1979,1.77,1814,1.63,2024-09-04,2024-09-10,7,0
Reveal Collection,B1,C411,4,2,2,,1116,11/10/2025,500,12,80%,2062,1.85,1890,1.69,2025-09-04,2025-09-05,2,0
Reveal Collection,B1,A407,4,2,2,,1116,11/16/2023,500,12,80%,1949,1.75,1949,1.75,2023-11-09,2024-06-13,218,211
Reveal Collection,B1,A407,4,2,2,,1116,4/27/2025,500,12,80%,2062,1.85,2020,1.81,2025-02-22,2025-04-07,45,0
Reveal Collection,B1,C205,2,2,2,,1156,10/13/2025,500,12,80%,1929,1.67,1929,1.67,2023-09-12,2024-07-09,302,0
Reveal Collection,B1,C205,2,2,2,,1156,7/19/2025,500,12,80%,1699,1.47,1557,1.35,2025-05-13,2025-11-19,191,124
Reveal Collection,B1,D205,2,2,2,,1156,10/13/2025,,,80%,1958,1.69,1958,1.69,2023-09-12,2023-09-13,2,0
Reveal Collection,B1,D205,2,2,2,,1156,10/8/2025,500,12,80%,1733,1.5,1650,1.43,2025-10-07,2026-01-11,97,96
Reveal Collection,B1,B205,2,2,2,,1156,10/13/2025,500,12,80%,1929,1.67,1929,1.67,2023-09-12,2024-05-29,261,0
Reveal Collection,B1,B205,2,2,2,,1156,6/7/2025,500,12,80%,1742,1.51,1597,1.38,2025-05-08,2025-10-16,162,132
Reveal Collection,B1,C305,3,2,2,,1156,10/13/2025,500,12,80%,1929,1.67,1929,1.67,2023-09-12,2024-07-09,302,0
Reveal Collection,B1,C305,3,2,2,,1156,8/8/2025,500,12,80%,1749,1.51,1603,1.39,2025-06-18,2025-12-12,178,127
Reveal Collection,Phase 2 B1,D305,3,2,2,,1156,10/13/2025,,,80%,1958,1.69,1958,1.69,2023-09-12,2023-09-13,2,0
Reveal Collection,Phase 2 B1,D305,3,2,2,,1156,10/8/2025,500,12,80%,1883,1.63,1800,1.56,2025-10-07,2026-01-24,110,109
Reveal Collection,B1,B405,4,2,2,,1156,2/1/2024,,,80%,1979,1.71,1814,1.57,2023-11-09,2024-01-24,77,0
Reveal Collection,B1,B405,4,2,2,,1156,2/16/2025,500,12,80%,1967,1.7,1884,1.63,2025-01-09,2025-03-15,66,28
Reveal Collection,B1,B305,3,2,2,,1156,2/1/2024,500,12,80%,1979,1.71,1979,1.71,2023-11-09,2024-07-27,262,178
Reveal Collection,B1,C405,4,2,2,,1156,3/13/2024,500,6,80%,1979,1.71,1979,1.71,2023-11-09,2024-03-23,136,11
Reveal Collection,B1,A305,3,2,2,,1156,11/16/2023,500,12,80%,1979,1.71,1979,1.71,2023-11-09,2024-07-12,247,240
Reveal Collection,B1,A405,4,2,2,,1156,11/16/2023,500,6,80%,1979,1.71,1979,1.71,2023-11-09,2024-04-19,163,156
Reveal Collection,B1,A205,2,2,2,,1156,10/3/2023,,,80%,1929,1.67,1768,1.53,2023-10-02,2023-10-28,27,26
Reveal Collection,B1,A205,2,2,2,,1156,12/21/2024,500,12,80%,1958,1.69,1958,1.69,2024-10-09,2024-10-23,15,0
Reveal Collection,B1,A205,2,2,2,,1156,4/15/2026,500,6,80%,1999,1.73,1999,1.73,2026-01-05,2026-04-22,108,8
Reveal Collection,B2,C213,2,2,2,,1250,3/13/2024,500,6,80%,1999,1.6,1999,1.6,2023-10-28,2024-04-03,159,22
Reveal Collection,B2,C213,2,2,2,,1250,8/1/2026,,12,80%,2154,1.72,2154,1.72,2026-02-19,,145,0
Reveal Collection,Phase 2 B2,D213,2,2,2,,1250,8/1/2026,,12,120%,2249,1.8,2249,1.8,2026-05-23,,52,0
Reveal Collection,B2,A313,3,2,2,,1250,9/26/2023,500,,80%,1929,1.54,1768,1.41,2023-09-26,2023-11-14,50,50
Reveal Collection,B2,A213,2,2,2,,1250,9/26/2023,500,,80%,1929,1.54,1768,1.41,2023-09-26,2023-11-07,43,43
Reveal Collection,B2,B313,3,2,2,,1250,9/26/2023,500,,80%,1999,1.6,1832,1.47,2023-09-26,2024-01-22,119,119
Reveal Collection,B2,C313,3,2,2,,1250,3/13/2024,500,6,80%,1999,1.6,1999,1.6,2023-10-28,2024-03-16,141,4
Reveal Collection,B2,B213,2,2,2,,1250,2/1/2024,500,6,80%,1949,1.56,1949,1.56,2023-10-02,2024-04-16,198,76
Reveal Collection,B2,B213,2,2,2,,1250,3/30/2026,,12,80%,2079,1.66,1906,1.52,2026-02-27,2026-03-03,5,0
Reveal Collection,B1,A413,4,2,2,,1250,9/26/2023,500,,80%,1979,1.58,1814,1.45,2023-09-26,2023-11-07,43,43
Reveal Collection,B1,A413,4,2,2,,1250,1/7/2025,500,12,80%,2149,1.72,2149,1.72,2024-11-01,2024-12-10,40,0
Reveal Collection,B1,A413,4,2,2,,1250,1/19/2026,500,12,80%,2079,1.66,1906,1.52,2025-11-11,2026-04-09,150,81
Reveal Collection,B2,B413,4,2,2,,1250,9/26/2023,500,,80%,2099,1.68,1924,1.54,2023-09-26,2024-01-06,103,103
Reveal Collection,B2,C413,4,2,2,,1250,3/13/2024,,,80%,2099,1.68,1924,1.54,2023-11-02,2024-01-17,77,0
Reveal Collection,B2,C413,4,2,2,,1250,4/23/2026,500,12,80%,2159,1.73,1979,1.58,2026-02-28,2026-04-18,50,0
Reveal Collection,Phase 2 TH3,1201,2,3,2,1,1672,10/8/2025,500,12,120%,2699,1.61,2474,1.48,2025-10-07,2025-10-08,2,1
Reveal Collection,Phase 2 TH3,1106,1,3,2,1,1672,10/8/2025,500,12,120%,2699,1.61,2474,1.48,2025-10-07,2025-11-09,34,33
Reveal Collection,C1,A204,2,3,2,,1449,9/26/2023,500,,80%,2289,1.58,2098,1.45,2023-09-26,2023-11-14,50,50
Reveal Collection,C1,A204,2,3,2,,1449,1/7/2025,500,12,80%,2185,1.51,2102,1.45,2024-11-05,2025-03-18,134,71
Reveal Collection,C1,A204,2,3,2,,1449,6/10/2026,,12,80%,2399,1.66,2399,1.66,2026-06-09,2026-06-27,19,18
Reveal Collection,C1,A404,4,3,2,,1449,9/27/2023,500,,120%,2389,1.65,2190,1.51,2023-09-27,2024-01-20,116,116
Reveal Collection,C1,A404,4,3,2,,1449,9/3/2026,,12,120%,2589,1.79,2589,1.79,2026-06-09,2026-07-07,29,0
Reveal Collection,C1,A304,3,3,2,,1449,10/21/2025,500,,80%,2289,1.58,2098,1.45,2023-09-12,2023-12-17,97,0
Reveal Collection,C1,A304,3,3,2,,1449,9/7/2024,500,12,80%,2339,1.61,2144,1.48,2024-07-16,2024-08-29,45,0
Reveal Collection,C1,A304,3,3,2,,1449,10/21/2025,500,12,80%,2085,1.44,1911,1.32,2025-09-04,2025-12-11,99,52
Reveal Collection,C1,C204,2,3,2,,1449,3/13/2024,500,6,80%,2289,1.58,2289,1.58,2023-09-26,2024-03-11,168,0
Reveal Collection,C1,C204,2,3,2,,1449,1/3/2026,500,12,80%,2135,1.47,1957,1.35,2025-10-31,2026-03-13,134,70
Reveal Collection,C1,B204,2,3,2,,1449,10/3/2023,500,12,80%,2239,1.55,2052,1.42,2023-10-02,2024-02-27,149,148
Reveal Collection,C1,B204,2,3,2,,1449,10/9/2024,500,12,80%,2289,1.58,2098,1.45,2024-08-07,2024-09-15,40,0
Reveal Collection,C1,C304,3,3,2,,1449,3/13/2024,500,,80%,2289,1.58,2098,1.45,2023-09-26,2024-02-16,144,0
Reveal Collection,C1,B404,4,3,2,,1449,9/27/2023,500,,80%,2389,1.65,2190,1.51,2023-09-27,2024-02-02,129,129
Reveal Collection,C1,B404,4,3,2,,1449,3/14/2025,500,12,80%,2385,1.65,2302,1.59,2025-01-09,2025-03-13,64,0
Reveal Collection,C1,C404,4,3,2,,1449,3/13/2024,500,,80%,2389,1.65,2190,1.51,2023-09-26,2024-01-31,128,0
Reveal Collection,C1,B304,3,3,2,,1449,9/27/2023,500,12,120%,2289,1.58,2098,1.45,2023-09-27,2024-03-01,157,157
Reveal Collection,C1,B304,3,3,2,,1449,3/21/2026,,12,120%,2460,1.7,2255,1.56,2026-01-15,2026-03-12,57,0
Parc West Apartments,1A,B312,3,1,1,,743,5/7/2026,,14,60%,1379,1.86,1379,1.86,2026-03-01,2026-04-25,56,0
Parc West Apartments,1A,B201,2,1,1,,743,10/21/2023,,,60%,1399,1.88,1399,1.88,2023-10-21,2023-11-11,22,22
Parc West Apartments,1A,B201,2,1,1,,743,5/22/2025,,6,60%,1449,1.95,1449,1.95,2025-04-17,2025-06-11,56,21
Parc West Apartments,1A,B201,2,1,1,,743,6/16/2026,,13,60%,1379,1.86,1379,1.86,2026-04-16,2026-04-29,14,0
Parc West Apartments,1A,B311,3,1,1,,743,12/18/2024,,12,60%,1449,1.95,1407,1.89,2024-10-26,2025-03-25,151,98
Parc West Apartments,1A,B311,3,1,1,,743,6/11/2026,,15,60%,1389,1.87,1389,1.87,2026-04-09,2026-05-03,25,0
Parc West Apartments,1A,C201,2,1,1,,743,4/15/2026,,13,60%,1399,1.88,1399,1.88,2025-10-22,2026-04-28,189,14
Parc West Apartments,1A,D207,2,1,1,,743,4/10/2025,,6,60%,1469,1.98,1469,1.98,2025-04-09,2025-04-23,15,14
Parc West Apartments,1A,D207,2,1,1,,743,4/29/2026,,15,60%,1399,1.88,1399,1.88,2026-04-14,2026-04-26,13,0
Parc West Apartments,1A,C301,3,1,1,,743,5/14/2026,,15,60%,1409,1.9,1409,1.9,2026-03-05,2026-05-11,68,0
Parc West Apartments,A1,D211,2,1,1,,743,6/8/2024,,12,60%,1419,1.91,1419,1.91,2024-05-11,2024-06-29,50,22
Parc West Apartments,A1,D209,2,1,1,,743,7/11/2024,,12,60%,1419,1.91,1419,1.91,2024-06-12,2024-06-14,3,0
Parc West Apartments,1A,B411,4,1,1,,743,2/16/2024,,,60%,1409,1.9,1409,1.9,2023-12-15,2024-03-23,100,37
Parc West Apartments,1A,B411,4,1,1,,743,10/31/2024,,6,60%,1479,1.99,1479,1.99,2024-09-26,2024-11-14,50,15
Parc West Apartments,1A,B411,4,1,1,,743,5/27/2026,,12,60%,1419,1.91,1419,1.91,2026-03-23,2026-04-30,39,0
Parc West Apartments,1A,B414,4,1,1,,743,1/3/2025,,12,60%,1469,1.98,1427,1.92,2024-10-31,2025-03-15,136,72
Parc West Apartments,1A,B414,4,1,1,,743,4/29/2026,,13,60%,1429,1.92,1429,1.92,2026-04-03,2026-04-07,5,0
Parc West Apartments,1A,C412,4,1,1,,743,3/31/2026,,14,60%,1429,1.92,1429,1.92,2026-02-21,2026-03-25,33,0
Parc West Apartments,A1,B112,1,1,1,,743,11/16/2023,,,60%,1439,1.94,1439,1.94,2023-11-11,2023-11-16,6,1
Parc West Apartments,A1,B112,1,1,1,,743,5/31/2024,,13,60%,1439,1.94,1439,1.94,2024-05-05,2024-06-19,46,20
Parc West Apartments,1A,D301,3,1,1,,743,5/17/2025,,6,60%,1449,1.95,1449,1.95,2025-03-19,2025-04-04,17,0
Parc West Apartments,1A,D301,3,1,1,,743,5/20/2026,,12,60%,1440,1.94,1440,1.94,2026-03-28,2026-05-27,61,8
Parc West Apartments,1A,D409,4,1,1,,743,8/31/2024,,12,60%,1499,2.02,1499,2.02,2024-07-30,2024-09-04,37,5
Parc West Apartments,1A,D409,4,1,1,,743,9/7/2025,,6,60%,1499,2.02,1499,2.02,2025-08-02,2025-10-14,74,38
Parc West Apartments,1A,D409,4,1,1,,743,4/30/2026,,14,60%,1449,1.95,1449,1.95,2026-02-18,2026-05-07,79,8
Parc West Apartments,1A,C411,4,1,1,,743,4/1/2025,,6,60%,1499,2.02,1499,2.02,2025-01-03,2025-01-27,25,0
Parc West Apartments,1A,C411,4,1,1,,743,4/26/2026,,15,60%,1455,1.96,1455,1.96,2026-02-17,2026-05-17,90,22
Parc West Apartments,1A,B212,2,1,1,,743,1/24/2024,,,60%,1431,1.93,1431,1.93,2024-01-08,2024-01-12,5,0
Parc West Apartments,1A,B212,2,1,1,,743,7/29/2025,,6,60%,1449,1.95,1449,1.95,2025-05-01,2025-05-11,11,0
Parc West Apartments,1A,B212,2,1,1,,743,7/30/2026,,12,60%,1459,1.96,1459,1.96,2026-05-22,2026-06-14,24,0
Parc West Apartments,1A,C214,2,1,1,,743,8/28/2026,,14,60%,1459,1.96,1459,1.96,2026-06-18,2026-07-03,16,0
Parc West Apartments,A1,A307,3,1,1,,743,6/27/2024,,13,80%,1474,1.98,1474,1.98,2024-04-18,2024-06-09,53,0
Parc West Apartments,1A,C309,3,1,1,,743,8/12/2025,,12,80%,1399,1.88,1282,1.73,2025-05-30,2025-09-18,112,38
Parc West Apartments,1A,C309,3,1,1,,743,7/30/2026,,13,80%,1479,1.99,1479,1.99,2026-05-28,2026-07-07,41,0
Parc West Apartments,1A,C307,3,1,1,,743,6/5/2026,,13,80%,1479,1.99,1479,1.99,2026-04-14,2026-06-16,64,12
Parc West Apartments,1A,C211,2,1,1,,743,6/17/2023,,,80%,1408,1.9,1408,1.9,,2023-07-12,,
Parc West Apartments,1A,C211,2,1,1,,743,8/20/2026,,12,80%,1489,2,1489,2,2026-06-11,,33,0
Parc West Apartments,1A,C209,2,1,1,,743,Now,,12,80%,1489,2,1489,2,2026-04-10,,95,24
Parc West Apartments,1A,D314,3,1,1,,743,11/8/2025,,6,80%,1319,1.78,1319,1.78,2025-09-13,2026-01-10,120,64
Parc West Apartments,1A,D314,3,1,1,,743,8/11/2026,,12,80%,1489,2,1489,2,2026-07-12,,2,0
Parc West Apartments,1A,D311,3,1,1,,743,2/28/2026,,6,80%,1404,1.89,1404,1.89,2026-02-13,2026-02-15,3,0
Parc West Apartments,1A,D311,3,1,1,,743,9/2/2026,,14,80%,1489,2,1489,2,2026-06-30,,14,0
Parc West Apartments,1A,D212,2,1,1,,743,Now,,12,80%,1493,2.01,1493,2.01,2026-04-10,,95,21
Parc West Apartments,A1,A306,3,1,1,,743,8/8/2024,,13,80%,1504,2.02,1504,2.02,2024-06-07,2024-08-28,83,21
Parc West Apartments,1A,D220,2,1,1,,743,6/11/2024,,,80%,1409,1.9,1409,1.9,2024-04-11,2024-04-24,14,0
Parc West Apartments,1A,D220,2,1,1,,743,7/30/2026,,12,80%,1509,2.03,1509,2.03,2026-06-04,,40,0
Parc West Apartments,1A,D114,1,1,1,,743,2/29/2024,,,80%,1399,1.88,1399,1.88,2024-01-14,2024-03-20,67,21
Parc West Apartments,1A,D114,1,1,1,,743,8/10/2026,,12,80%,1509,2.03,1509,2.03,2026-07-12,,2,0
Parc West Apartments,1A,D401,4,1,1,,743,12/7/2025,,6,80%,1399,1.88,1399,1.88,2025-09-19,2025-11-29,72,0
Parc West Apartments,1A,D401,4,1,1,,743,Now,,13,80%,1509,2.03,1509,2.03,2026-05-05,,70,14
Parc West Apartments,1A,C120,1,1,1,,743,8/29/2024,,6,80%,1479,1.99,1479,1.99,2024-01-04,2024-10-08,279,41
Parc West Apartments,1A,C120,1,1,1,,743,11/4/2025,,6,80%,1399,1.88,1399,1.88,2025-09-27,2025-12-16,81,43
Parc West Apartments,1A,C120,1,1,1,,743,Now,,13,80%,1509,2.03,1509,2.03,2026-06-13,,31,25
Parc West Apartments,1A,D414,4,1,1,,743,9/25/2025,,6,80%,1419,1.91,1419,1.91,2025-07-03,2026-01-09,191,107
Parc West Apartments,1A,D414,4,1,1,,743,7/23/2026,,12,80%,1519,2.04,1519,2.04,2026-04-29,2026-06-08,41,0
Parc West Apartments,1A,A301,3,1,1,,743,1/29/2024,,,80%,1444,1.94,1444,1.94,2023-10-20,2024-04-11,175,74
Parc West Apartments,1A,A301,3,1,1,,743,4/16/2025,,6,80%,1499,2.02,1499,2.02,2025-01-21,2025-03-12,51,0
Parc West Apartments,1A,A301,3,1,1,,743,8/8/2026,,12,80%,1544,2.08,1544,2.08,2026-06-10,,34,0
Parc West Apartments,1A,A204,2,1,1,,743,3/5/2024,,,80%,1444,1.94,1444,1.94,2024-03-01,2024-04-24,55,51
Parc West Apartments,1A,A204,2,1,1,,743,8/23/2025,,6,80%,1524,2.05,1524,2.05,2025-08-14,2025-08-20,7,0
Parc West Apartments,1A,A204,2,1,1,,743,Now,,13,80%,1544,2.08,1544,2.08,2026-05-31,,44,29
Parc West Apartments,1A,A106,1,1,1,,743,5/31/2024,,12,80%,1514,2.04,1514,2.04,2024-05-05,2024-07-14,71,45
Parc West Apartments,1A,A106,1,1,1,,743,5/1/2026,,12,80%,1559,2.1,1559,2.1,2025-04-30,2026-06-12,409,43
Parc West Apartments,1A,A401,4,1,1,,743,3/5/2026,,6,80%,1474,1.98,1474,1.98,2026-02-05,2026-02-11,7,0
Parc West Apartments,1A,A401,4,1,1,,743,Now,,13,80%,1584,2.13,1584,2.13,2026-05-28,,47,12
Parc West Apartments,1A,B407,4,1,1,,743,6/17/2023,,,60%,1448,1.95,1448,1.95,,2023-07-12,,
Parc West Apartments,1A,B407,4,1,1,,743,8/28/2025,,6,60%,1319,1.78,1319,1.78,2025-05-30,2026-01-06,222,132
Parc West Apartments,1A,D120,1,1,1,,743,8/30/2024,,13,60%,1439,1.94,1439,1.94,2024-06-06,2024-06-27,22,0
Parc West Apartments,1A,D120,1,1,1,,743,9/4/2025,,6,60%,1349,1.82,1349,1.82,2025-06-10,2025-11-22,166,80
Parc West Apartments,1A,C320,3,1,1,,743,2/27/2026,,6,60%,1359,1.83,1359,1.83,2026-01-03,2026-02-08,37,0
Parc West Apartments,1A,D309,3,1,1,,743,8/24/2023,,,60%,1459,1.96,1459,1.96,2023-07-15,2023-07-19,5,0
Parc West Apartments,1A,D309,3,1,1,,743,11/6/2025,,6,60%,1379,1.86,1379,1.86,2025-10-23,2026-01-11,81,67
Parc West Apartments,1A,B214,2,1,1,,743,2/28/2024,,,60%,1432,1.93,1432,1.93,2023-12-28,2024-01-09,13,0
Parc West Apartments,1A,B214,2,1,1,,743,7/31/2025,,12,60%,1399,1.88,1282,1.73,2025-05-28,2025-09-20,116,52
Parc West Apartments,1A,B101,1,1,1,,743,11/6/2024,,6,60%,1479,1.99,1479,1.99,2024-10-17,2024-11-18,33,13
Parc West Apartments,1A,B101,1,1,1,,743,12/14/2025,,6,60%,1399,1.88,1399,1.88,2025-12-13,2026-02-06,56,55
Parc West Apartments,1A,D101,1,1,1,,743,7/12/2023,,,60%,1532,2.06,1532,2.06,2023-07-12,2023-07-16,5,5
Parc West Apartments,1A,D101,1,1,1,,743,12/27/2024,,6,60%,1479,1.99,1479,1.99,2024-12-04,2024-12-12,9,0
Parc West Apartments,1A,D101,1,1,1,,743,1/15/2026,,6,60%,1399,1.88,1399,1.88,2026-01-03,2026-01-18,16,4
Parc West Apartments,1A,B114,1,1,1,,743,4/2/2026,,6,60%,1399,1.88,1399,1.88,2026-01-28,2026-02-11,15,0
Parc West Apartments,1A,B307,3,1,1,,743,1/4/2025,,6,60%,1449,1.95,1449,1.95,2024-11-01,2025-04-24,175,111
Parc West Apartments,1A,B307,3,1,1,,743,12/5/2025,,6,60%,1409,1.9,1409,1.9,2025-09-27,2025-10-30,34,0
Parc West Apartments,1A,D320,3,1,1,,743,11/9/2024,,6,60%,1359,1.83,1359,1.83,2024-08-20,2025-01-21,155,74
Parc West Apartments,1A,D320,3,1,1,,743,3/13/2026,,6,60%,1424,1.92,1424,1.92,2026-01-10,2026-03-05,55,0
Parc West Apartments,1A,C420,4,1,1,,743,12/12/2023,,,60%,1439,1.94,1439,1.94,2023-11-16,2023-12-08,23,0
Parc West Apartments,1A,C420,4,1,1,,743,6/21/2025,,6,60%,1489,2,1489,2,2025-04-18,2025-05-20,33,0
Parc West Apartments,1A,C420,4,1,1,,743,1/22/2026,,6,60%,1424,1.92,1424,1.92,2025-10-31,2026-02-18,111,28
Parc West Apartments,1A,A304,3,1,1,,743,1/9/2026,,6,60%,1434,1.93,1434,1.93,2025-11-11,2026-01-18,69,10
Parc West Apartments,1A,C312,3,1,1,,743,8/18/2025,,6,60%,1449,1.95,1449,1.95,2025-07-15,2025-08-09,26,0
Parc West Apartments,1A,B209,2,1,1,,743,10/3/2023,,,60%,1419,1.91,1419,1.91,2023-10-03,2023-11-20,49,49
Parc West Apartments,1A,B209,2,1,1,,743,2/27/2025,,6,60%,1449,1.95,1449,1.95,2025-01-22,2025-05-10,109,73
Parc West Apartments,1A,D201,2,1,1,,743,9/6/2023,,,60%,1434,1.93,1434,1.93,2023-07-20,2023-09-17,60,12
Parc West Apartments,1A,D201,2,1,1,,743,8/3/2025,,6,60%,1449,1.95,1449,1.95,2025-08-02,2025-08-09,8,7
Parc West Apartments,1A,B211,2,1,1,,743,8/20/2024,,13,60%,1399,1.88,1399,1.88,2024-06-13,2024-07-14,32,0
Parc West Apartments,1A,B211,2,1,1,,743,7/3/2025,,6,60%,1449,1.95,1449,1.95,2024-10-26,2025-06-14,232,0
Parc West Apartments,1A,C101,1,1,1,,743,5/31/2024,,13,60%,1439,1.94,1439,1.94,2024-05-03,2024-05-23,21,0
Parc West Apartments,1A,C101,1,1,1,,743,5/22/2025,,6,60%,1449,1.95,1449,1.95,2025-04-22,2025-07-25,95,65
Parc West Apartments,1A,B207,2,1,1,,743,7/11/2023,,,60%,1408,1.9,1408,1.9,2023-07-11,2023-07-12,2,2
Parc West Apartments,1A,B207,2,1,1,,743,7/19/2024,,,60%,1389,1.87,1389,1.87,2024-04-24,2024-04-30,7,0
Parc West Apartments,1A,B207,2,1,1,,743,11/1/2024,,6,60%,1359,1.83,1359,1.83,2024-09-17,2024-12-21,96,51
Parc West Apartments,1A,B207,2,1,1,,743,8/8/2025,,6,60%,1449,1.95,1449,1.95,2025-08-07,2025-08-11,5,4
Parc West Apartments,1A,B314,3,1,1,,743,8/30/2023,,,60%,1362,1.83,1362,1.83,2023-07-16,2023-09-08,55,10
Parc West Apartments,1A,B314,3,1,1,,743,8/24/2025,,6,60%,1449,1.95,1449,1.95,2025-06-25,2025-07-29,35,0
Parc West Apartments,1A,C220,2,1,1,,743,8/7/2025,,6,60%,1449,1.95,1449,1.95,2025-06-17,2025-08-05,50,0
Parc West Apartments,A1,C311,3,1,1,,743,11/19/2024,,6,60%,1459,1.96,1459,1.96,2024-11-06,2024-12-14,39,26
Parc West Apartments,1A,D407,4,1,1,,743,10/9/2024,,12,60%,1489,2,1489,2,2024-08-06,2024-08-28,23,0
Parc West Apartments,1A,D407,4,1,1,,743,9/12/2025,,6,60%,1469,1.98,1469,1.98,2025-07-22,2025-10-22,93,41
Parc West Apartments,1A,D307,3,1,1,,743,5/10/2025,,6,60%,1469,1.98,1469,1.98,2025-03-04,2025-06-01,90,23
Parc West Apartments,1A,C207,2,1,1,,743,6/5/2025,,6,60%,1469,1.98,1469,1.98,2025-03-11,2025-05-24,75,0
Parc West Apartments,1A,D312,3,1,1,,743,6/26/2024,,,60%,1409,1.9,1409,1.9,2024-04-25,2024-04-27,3,0
Parc West Apartments,1A,D312,3,1,1,,743,1/4/2025,,6,60%,1469,1.98,1469,1.98,2024-12-07,2025-04-22,137,109
Parc West Apartments,1A,D214,2,1,1,,743,9/16/2023,,,60%,1499,2.02,1499,2.02,2023-09-16,2023-10-03,18,18
Parc West Apartments,1A,D214,2,1,1,,743,5/23/2025,,6,60%,1469,1.98,1469,1.98,2025-04-23,2025-05-13,21,0
Parc West Apartments,1A,B220,2,1,1,,743,5/2/2024,,13,60%,1419,1.91,1419,1.91,2024-04-11,2024-06-07,58,37
Parc West Apartments,1A,B220,2,1,1,,743,6/10/2025,,6,60%,1469,1.98,1469,1.98,2025-04-15,2025-05-28,44,0
Parc West Apartments,1A,C112,1,1,1,,743,6/19/2024,,12,80%,1439,1.94,1439,1.94,2024-05-03,2024-06-12,41,0
Parc West Apartments,1A,C112,1,1,1,,743,6/23/2025,,6,80%,1489,2,1489,2,2025-04-22,2025-07-19,89,27
Parc West Apartments,A1,B412,4,1,1,,743,4/28/2025,,6,80%,1489,2,1489,2,2025-03-01,2025-03-26,26,0
Parc West Apartments,A1,A201,2,1,1,,743,2/10/2024,,,80%,1489,2,1489,2,2024-02-10,2024-03-01,21,21
Parc West Apartments,A1,C401,4,1,1,,743,7/12/2023,,,80%,1479,1.99,1479,1.99,2023-07-12,2023-07-15,4,4
Parc West Apartments,A1,C401,4,1,1,,743,1/3/2024,,,80%,1459,1.96,1459,1.96,2023-11-20,2023-12-19,30,0
Parc West Apartments,A1,C401,4,1,1,,743,1/30/2025,,6,80%,1499,2.02,1499,2.02,2024-11-21,2025-03-01,101,31
Parc West Apartments,A1,C407,4,1,1,,743,11/1/2024,,6,80%,1499,2.02,1499,2.02,2024-08-22,2024-10-16,56,0
Parc West Apartments,1A,A203,2,1,1,,743,9/13/2023,,,80%,1494,2.01,1494,2.01,2023-07-19,2023-12-19,154,98
Parc West Apartments,1A,A203,2,1,1,,743,11/7/2024,,6,80%,1499,2.02,1499,2.02,2024-09-05,2025-04-17,225,162
Parc West Apartments,1A,A206,2,1,1,,743,9/11/2024,,6,80%,1499,2.02,1499,2.02,2024-07-31,2025-04-22,266,224
Parc West Apartments,A1,A406,4,1,1,,743,7/12/2023,,,80%,1502,2.02,1502,2.02,2023-07-12,2023-10-20,101,101
Parc West Apartments,1A,C409,4,1,1,,743,4/24/2025,,6,80%,1509,2.03,1509,2.03,2025-03-05,2025-05-22,79,29
Parc West Apartments,A1,D420,4,1,1,,743,9/2/2023,,,80%,1486,2,1486,2,2023-08-23,2023-09-14,23,13
Parc West Apartments,A1,D420,4,1,1,,743,11/2/2024,,6,80%,1519,2.04,1519,2.04,2024-10-02,2024-11-16,46,15
Parc West Apartments,1A,A404,4,1,1,,743,8/6/2024,,13,80%,1534,2.06,1534,2.06,2024-05-29,2024-07-20,53,0
Parc West Apartments,1A,A404,4,1,1,,743,3/13/2025,,6,80%,1539,2.07,1539,2.07,2025-03-12,2025-04-29,49,48
Parc West Apartments,A1,A104,1,1,1,,743,6/17/2023,,,80%,1549,2.08,1549,2.08,,2023-09-16,,
Parc West Apartments,1B,B319,3,1,1,,754,5/6/2026,,12,60%,1339,1.78,1339,1.78,2026-02-07,2026-04-29,82,0
Parc West Apartments,1B,C306,3,1,1,,754,4/6/2024,,,60%,1416,1.88,1416,1.88,2024-03-31,2024-05-04,35,29
Parc West Apartments,1B,C306,3,1,1,,754,6/5/2026,,14,60%,1339,1.78,1339,1.78,2026-03-31,2026-04-20,21,0
Parc West Apartments,1B,B316,3,1,1,,754,11/23/2024,,12,60%,1515,2.01,1473,1.95,2024-09-15,2025-03-26,193,124
Parc West Apartments,1B,B316,3,1,1,,754,4/16/2026,,13,60%,1349,1.79,1349,1.79,2026-04-03,2026-04-10,8,0
Parc West Apartments,1B,B202,2,1,1,,754,12/20/2023,,,60%,1435,1.9,1435,1.9,2023-12-20,2024-02-13,56,56
Parc West Apartments,1B,B202,2,1,1,,754,12/4/2024,,6,60%,1429,1.9,1429,1.9,2024-10-02,2025-01-27,118,55
Parc West Apartments,1B,B202,2,1,1,,754,4/22/2026,,14,60%,1349,1.79,1349,1.79,2026-02-26,2026-03-27,30,0
Parc West Apartments,1B,C319,3,1,1,,754,3/27/2024,,,60%,1379,1.83,1379,1.83,2024-03-20,2024-04-24,36,29
Parc West Apartments,1B,C319,3,1,1,,754,4/2/2025,,6,60%,1499,1.99,1499,1.99,2025-03-05,2025-06-03,91,63
Parc West Apartments,1B,C319,3,1,1,,754,6/11/2026,,14,60%,1349,1.79,1349,1.79,2026-04-08,2026-04-09,2,0
Parc West Apartments,1B,C219,2,1,1,,754,10/24/2024,,6,60%,1349,1.79,1349,1.79,2024-05-21,2024-12-02,196,40
Parc West Apartments,1B,C219,2,1,1,,754,12/31/2025,,15,60%,1349,1.79,1349,1.79,2025-10-15,2026-03-14,151,74
Parc West Apartments,1B,C316,3,1,1,,754,12/31/2024,,6,60%,1429,1.9,1429,1.9,2024-12-27,2025-02-20,56,52
Parc West Apartments,1B,C316,3,1,1,,754,3/6/2026,,15,60%,1349,1.79,1349,1.79,2026-02-14,2026-03-27,42,22
Parc West Apartments,1B,D316,3,1,1,,754,5/8/2026,,12,60%,1359,1.8,1359,1.8,2026-03-01,2026-04-29,60,0
Parc West Apartments,1B,D302,3,1,1,,754,5/6/2026,,12,60%,1359,1.8,1359,1.8,2026-03-08,2026-04-29,53,0
Parc West Apartments,1B,C202,2,1,1,,754,8/24/2023,,,60%,1409,1.87,1409,1.87,2023-07-22,2023-11-08,110,77
Parc West Apartments,1B,C202,2,1,1,,754,8/22/2024,,6,60%,1349,1.79,1349,1.79,2024-06-25,2024-12-18,177,119
Parc West Apartments,1B,C202,2,1,1,,754,6/25/2026,,14,60%,1369,1.82,1369,1.82,2026-04-27,2026-05-15,19,0
Parc West Apartments,1B,B416,4,1,1,,754,9/24/2023,,,60%,1489,1.97,1489,1.97,2023-07-06,2023-07-17,12,0
Parc West Apartments,1B,B416,4,1,1,,754,4/15/2026,,15,60%,1379,1.83,1379,1.83,2025-12-23,2026-04-19,118,5
Parc West Apartments,1B,B406,4,1,1,,754,5/2/2026,,12,60%,1389,1.84,1389,1.84,2026-03-01,2026-03-18,18,0
Parc West Apartments,1B,D406,4,1,1,,754,10/12/2023,,,60%,1629,2.16,1629,2.16,2023-06-25,2023-07-21,27,0
Parc West Apartments,1B,D406,4,1,1,,754,6/29/2024,,13,60%,1499,1.99,1499,1.99,2024-05-29,2024-08-08,72,41
Parc West Apartments,1B,D406,4,1,1,,754,4/15/2026,,13,60%,1399,1.86,1399,1.86,2025-10-29,2026-04-16,170,2
Parc West Apartments,1B,B106,1,1,1,,754,3/22/2024,,12,60%,1469,1.95,1469,1.95,2024-03-19,2024-07-15,119,116
Parc West Apartments,1B,B106,1,1,1,,754,5/7/2025,,6,60%,1575,2.09,1575,2.09,2025-05-01,2025-05-06,6,0
Parc West Apartments,1B,B106,1,1,1,,754,5/14/2026,,14,60%,1399,1.86,1399,1.86,2026-03-19,2026-04-24,37,0
Parc West Apartments,1B,C119,1,1,1,,754,10/10/2023,,,60%,1457,1.93,1457,1.93,2023-10-06,2023-10-20,15,11
Parc West Apartments,1B,C119,1,1,1,,754,6/4/2024,,12,60%,1469,1.95,1469,1.95,2024-05-04,2024-06-07,35,4
Parc West Apartments,1B,C119,1,1,1,,754,3/7/2025,,6,60%,1489,1.97,1489,1.97,2025-02-05,2025-02-20,16,0
Parc West Apartments,1B,C119,1,1,1,,754,4/30/2026,,12,60%,1409,1.87,1409,1.87,2026-02-11,2026-03-20,38,0
Parc West Apartments,1B,C102,1,1,1,,754,12/6/2023,,,60%,1466,1.94,1466,1.94,2023-12-06,2024-04-30,147,147
Parc West Apartments,1B,C102,1,1,1,,754,5/5/2026,,14,60%,1409,1.87,1409,1.87,2026-03-13,2026-05-07,56,3
Parc West Apartments,1B,D116,1,1,1,,754,8/4/2023,,,60%,1432,1.9,1432,1.9,,2023-09-06,,
Parc West Apartments,1B,D116,1,1,1,,754,5/15/2025,,12,60%,1559,2.07,1517,2.01,2025-04-30,2025-06-19,51,36
Parc West Apartments,1B,D116,1,1,1,,754,12/19/2025,,14,60%,1409,1.87,1409,1.87,2025-12-18,2026-03-12,85,84
Parc West Apartments,1B,B206,2,1,1,,754,11/7/2025,,6,60%,1349,1.79,1349,1.79,2025-09-23,2026-02-04,135,90
Parc West Apartments,1B,B206,2,1,1,,754,8/14/2026,,12,60%,1449,1.92,1449,1.92,2026-06-10,,34,0
Parc West Apartments,1B,D219,2,1,1,,754,8/7/2026,,12,60%,1469,1.95,1469,1.95,2025-09-30,,287,0
Parc West Apartments,1B,D206,2,1,1,,754,10/31/2024,,6,60%,1449,1.92,1449,1.92,2024-09-04,2024-11-13,71,14
Parc West Apartments,1B,D206,2,1,1,,754,6/5/2025,,6,60%,1535,2.04,1535,2.04,2025-03-13,2025-04-17,36,0
Parc West Apartments,1B,D206,2,1,1,,754,Now,,13,60%,1469,1.95,1469,1.95,2026-05-21,,54,29
Parc West Apartments,1B,B419,4,1,1,,754,7/2/2023,,,80%,1513,2.01,1513,2.01,,2023-07-04,,
Parc West Apartments,1B,B419,4,1,1,,754,6/20/2024,,12,80%,1489,1.97,1489,1.97,2024-06-13,2024-09-04,84,77
Parc West Apartments,1B,B419,4,1,1,,754,9/2/2025,,6,80%,1439,1.91,1439,1.91,2025-07-04,2025-11-21,141,81
Parc West Apartments,1B,B419,4,1,1,,754,7/2/2026,,13,80%,1479,1.96,1479,1.96,2026-05-01,2026-07-04,65,3
Parc West Apartments,1B,B402,4,1,1,,754,7/4/2025,,6,80%,1539,2.04,1539,2.04,2025-05-04,2025-05-13,10,0
Parc West Apartments,1B,B402,4,1,1,,754,6/11/2026,,15,80%,1479,1.96,1479,1.96,2026-06-10,2026-06-24,15,14
Parc West Apartments,1B,D106,1,1,1,,754,2/11/2024,,,80%,1439,1.91,1439,1.91,2024-02-11,2024-03-31,50,50
Parc West Apartments,1B,D106,1,1,1,,754,4/15/2026,,13,80%,1499,1.99,1499,1.99,2026-02-03,2026-06-16,134,63
Parc West Apartments,1B,B102,1,1,1,,754,8/8/2025,,12,80%,1499,1.99,1374,1.82,2025-05-10,2025-09-20,134,44
Parc West Apartments,1B,B102,1,1,1,,754,Now,,13,80%,1509,2,1509,2,2026-05-05,,70,13
Parc West Apartments,1B,B219,2,1,1,,754,8/13/2024,,12,60%,1449,1.92,1449,1.92,2024-06-13,2024-09-06,86,25
Parc West Apartments,1B,B219,2,1,1,,754,3/12/2025,,12,60%,1515,2.01,1473,1.95,2025-03-11,2025-03-18,8,7
Parc West Apartments,1B,B219,2,1,1,,754,10/11/2025,,6,60%,1319,1.75,1319,1.75,2025-10-03,2026-01-20,110,102
Parc West Apartments,1B,C216,2,1,1,,754,11/8/2023,,,60%,1409,1.87,1409,1.87,2023-11-08,2023-12-20,43,43
Parc West Apartments,1B,C216,2,1,1,,754,9/13/2025,,6,60%,1319,1.75,1319,1.75,2025-07-15,2026-01-27,197,137
Parc West Apartments,1B,B216,2,1,1,,754,12/2/2025,,6,60%,1349,1.79,1349,1.79,2025-11-01,2026-02-02,94,63
Parc West Apartments,1B,D306,3,1,1,,754,2/28/2024,,,60%,1389,1.84,1389,1.84,2024-02-13,2024-03-20,37,22
Parc West Apartments,1B,D306,3,1,1,,754,9/6/2024,,6,60%,1469,1.95,1469,1.95,2024-08-14,2024-10-04,52,29
Parc West Apartments,1B,D306,3,1,1,,754,4/15/2026,,6,60%,1369,1.82,1369,1.82,2026-01-17,2026-02-26,41,0
Parc West Apartments,1B,C302,3,1,1,,754,12/19/2025,,6,60%,1369,1.82,1369,1.82,2025-10-21,2026-02-17,120,61
Parc West Apartments,1B,C206,2,1,1,,754,3/13/2025,,6,60%,1429,1.9,1429,1.9,2025-01-16,2025-01-30,15,0
Parc West Apartments,1B,C206,2,1,1,,754,3/25/2026,,6,60%,1369,1.82,1369,1.82,2026-01-07,2026-02-13,38,0
Parc West Apartments,A2 CORNER,D319,3,1,1,,754,9/20/2023,,,60%,1429,1.9,1429,1.9,2023-09-06,2023-12-06,92,78
Parc West Apartments,A2 CORNER,D419,4,1,1,,754,8/16/2023,,,60%,1432,1.9,1432,1.9,,2023-09-08,,
Parc West Apartments,1B,B306,3,1,1,,754,7/26/2025,,12,60%,1439,1.91,1319,1.75,2025-05-13,2025-09-14,125,51
Parc West Apartments,1B,D216,2,1,1,,754,5/21/2024,,13,60%,1429,1.9,1429,1.9,2024-04-30,2024-06-13,45,24
Parc West Apartments,1B,D216,2,1,1,,754,6/18/2025,,12,60%,1459,1.94,1337,1.77,2025-04-10,2025-09-24,168,99
Parc West Apartments,1B,C106,1,1,1,,754,6/21/2024,,13,60%,1469,1.95,1469,1.95,2024-05-06,2024-06-21,47,1
Parc West Apartments,1B,C106,1,1,1,,754,8/7/2025,,6,60%,1459,1.94,1459,1.94,2025-08-06,2026-02-11,190,189
Parc West Apartments,1B,C116,1,1,1,,754,10/4/2023,,,60%,1495,1.98,1495,1.98,2023-06-22,2024-02-11,235,131
Parc West Apartments,1B,C116,1,1,1,,754,9/19/2025,,6,60%,1459,1.94,1459,1.94,2025-08-16,2025-11-18,95,61
Parc West Apartments,1B,B119,1,1,1,,754,5/2/2025,,6,60%,1469,1.95,1469,1.95,2025-05-01,2025-10-09,162,161
Parc West Apartments,1B,C416,4,1,1,,754,7/21/2025,,12,80%,1539,2.04,1497,1.99,2024-09-11,2025-06-22,285,0
Parc West Apartments,1B,D402,4,1,1,,754,8/8/2024,,13,80%,1499,1.99,1499,1.99,2024-07-06,2024-08-20,46,13
Parc West Apartments,1B,D402,4,1,1,,754,9/26/2025,,6,80%,1559,2.07,1559,2.07,2025-07-10,2025-07-29,20,0
Parc West Apartments,2A,D218,2,2,2,,1116,7/30/2024,,18,80%,1719,1.54,1719,1.54,2024-06-05,2024-08-23,80,25
Parc West Apartments,2A,D218,2,2,2,,1116,3/4/2025,,6,80%,1749,1.57,1749,1.57,2025-01-23,2025-03-02,39,0
Parc West Apartments,2A,D218,2,2,2,,1116,3/7/2026,,15,80%,1675,1.5,1675,1.5,2026-01-09,2026-04-04,86,29
Parc West Apartments,2A,B310,3,2,2,,1116,10/28/2023,,,80%,1699,1.52,1699,1.52,2023-10-26,2023-11-30,36,34
Parc West Apartments,2A,B310,3,2,2,,1116,12/5/2025,,15,80%,1699,1.52,1699,1.52,2025-09-23,2026-03-27,186,113
Parc West Apartments,2A,D215,2,2,2,,1116,6/21/2025,,6,80%,1799,1.61,1799,1.61,2025-05-04,2025-08-16,105,57
Parc West Apartments,2A,D215,2,2,2,,1116,2/1/2026,,15,80%,1699,1.52,1699,1.52,2026-01-17,2026-03-30,73,58
Parc West Apartments,B1,B218,2,2,2,,1116,5/10/2024,,18,80%,1719,1.54,1719,1.54,2024-05-06,2024-08-30,117,113
Parc West Apartments,B1,C218,2,2,2,,1116,4/15/2024,,14,80%,1720,1.54,1720,1.54,2024-04-13,2024-06-06,55,53
Parc West Apartments,B1,B315,3,2,2,,1116,8/5/2024,,12,80%,1720,1.54,1720,1.54,2024-07-03,2024-07-12,10,0
Parc West Apartments,B1,B108,1,2,2,,1116,9/2/2023,,,80%,1745,1.56,1745,1.56,2023-08-27,2023-09-12,17,11
Parc West Apartments,B1,B108,1,2,2,,1116,8/6/2024,,12,80%,1755,1.57,1755,1.57,2024-07-20,2024-07-22,3,0
Parc West Apartments,2A,B318,3,2,2,,1116,3/2/2026,,14,80%,1755,1.57,1755,1.57,2025-12-27,2026-04-02,97,32
Parc West Apartments,2A,B205,2,2,2,,1116,9/20/2023,,,80%,1725,1.55,1725,1.55,2023-09-09,2023-09-12,4,0
Parc West Apartments,2A,B205,2,2,2,,1116,7/25/2024,,13,80%,1720,1.54,1720,1.54,2024-05-23,2024-06-04,13,0
Parc West Apartments,2A,B205,2,2,2,,1116,9/2/2025,,6,80%,1779,1.59,1779,1.59,2025-07-03,2025-07-09,7,0
Parc West Apartments,2A,B205,2,2,2,,1116,4/15/2026,,12,80%,1755,1.57,1755,1.57,2026-02-17,2026-04-23,66,9
Parc West Apartments,2A,D205,2,2,2,,1116,6/18/2026,,14,80%,1755,1.57,1755,1.57,2026-04-02,2026-04-05,4,0
Parc West Apartments,2A,D305,3,2,2,,1116,4/11/2026,,15,80%,1755,1.57,1755,1.57,2026-04-10,2026-04-13,4,3
Parc West Apartments,B1,D118,1,2,2,,1116,5/10/2024,,14,80%,1760,1.58,1760,1.58,2024-05-06,2024-06-18,44,40
Parc West Apartments,2A,D315,3,2,2,,1116,7/29/2024,,15,80%,1739,1.56,1739,1.56,2024-05-29,2024-09-26,121,60
Parc West Apartments,2A,D315,3,2,2,,1116,2/24/2026,,14,80%,1779,1.59,1779,1.59,2026-01-09,2026-03-31,82,36
Parc West Apartments,2A,D403,4,2,2,,1116,12/20/2023,,,80%,1795,1.61,1795,1.61,2023-12-09,2024-02-11,65,54
Parc West Apartments,2A,D403,4,2,2,,1116,11/19/2024,,6,80%,1729,1.55,1729,1.55,2024-11-14,2024-12-07,24,19
Parc West Apartments,2A,D403,4,2,2,,1116,4/15/2026,,12,80%,1793,1.61,1793,1.61,2026-02-03,2026-04-24,81,10
Parc West Apartments,2A,B313,3,2,2,,1116,6/30/2023,,,80%,1696,1.52,1696,1.52,2023-06-30,2023-08-10,42,42
Parc West Apartments,2A,B313,3,2,2,,1116,8/22/2025,,6,80%,1759,1.58,1759,1.58,2025-06-17,2025-10-13,119,53
Parc West Apartments,2A,B313,3,2,2,,1116,5/28/2026,,15,80%,1804,1.62,1804,1.62,2026-04-13,2026-05-01,19,0
Parc West Apartments,2A,A305,3,2,2,,1116,6/25/2023,,,80%,1800,1.61,1800,1.61,2023-06-25,2023-09-10,78,78
Parc West Apartments,2A,A305,3,2,2,,1116,9/19/2024,,12,80%,1768,1.58,1768,1.58,2024-07-16,2024-08-21,37,0
Parc West Apartments,2A,A305,3,2,2,,1116,5/26/2026,,15,80%,1810,1.62,1810,1.62,2026-03-16,2026-04-10,26,0
Parc West Apartments,2A,D405,4,2,2,,1116,7/9/2026,,13,80%,1823,1.63,1823,1.63,2026-04-23,2026-04-25,3,0
Parc West Apartments,2A,D310,3,2,2,,1116,7/11/2026,,14,80%,1839,1.65,1839,1.65,2026-06-30,2026-07-04,5,0
Parc West Apartments,2A,D210,2,2,2,,1116,12/5/2024,,6,80%,1699,1.52,1699,1.52,2024-11-20,2024-12-04,15,0
Parc West Apartments,2A,D210,2,2,2,,1116,9/1/2026,,13,80%,1839,1.65,1839,1.65,2026-06-25,2026-07-07,13,0
Parc West Apartments,2A,B215,2,2,2,,1116,5/12/2024,,18,80%,1699,1.52,1699,1.52,2024-05-11,2024-08-31,113,112
Parc West Apartments,2A,B215,2,2,2,,1116,5/9/2025,,6,80%,1779,1.59,1779,1.59,2025-04-26,2025-06-06,42,29
Parc West Apartments,2A,B215,2,2,2,,1116,6/23/2026,,15,80%,1841,1.65,1841,1.65,2026-04-23,2026-06-14,53,0
Parc West Apartments,2A,D203,2,2,2,,1116,9/1/2023,,,80%,1695,1.52,1695,1.52,2023-08-26,2023-09-09,15,9
Parc West Apartments,2A,D203,2,2,2,,1116,6/25/2024,,6,80%,1709,1.53,1709,1.53,2024-05-06,2024-10-09,157,107
Parc West Apartments,2A,D203,2,2,2,,1116,8/22/2025,,6,80%,1699,1.52,1699,1.52,2025-08-09,2025-09-09,32,19
Parc West Apartments,2A,D203,2,2,2,,1116,9/17/2026,,12,80%,1849,1.66,1849,1.66,2026-06-25,,19,0
Parc West Apartments,2A,C308,3,2,2,,1116,7/24/2025,,6,80%,1815,1.63,1815,1.63,2025-05-10,2025-05-11,2,0
Parc West Apartments,2A,C308,3,2,2,,1116,8/26/2026,,13,80%,1859,1.67,1859,1.67,2026-06-13,,31,0
Parc West Apartments,2A,C208,2,2,2,,1116,6/26/2024,,15,80%,1719,1.54,1719,1.54,2024-06-13,2024-09-28,108,95
Parc West Apartments,2A,C208,2,2,2,,1116,6/22/2025,,6,80%,1749,1.57,1749,1.57,2025-06-17,2025-07-29,43,38
Parc West Apartments,2A,C208,2,2,2,,1116,8/28/2026,,13,80%,1859,1.67,1859,1.67,2026-06-10,,34,0
Parc West Apartments,2A,D213,2,2,2,,1116,3/13/2024,,,80%,1829,1.64,1829,1.64,2024-02-09,2024-03-10,31,0
Parc West Apartments,2A,D213,2,2,2,,1116,11/19/2024,,13,80%,1726,1.55,1726,1.55,2024-09-11,2024-09-15,5,0
Parc West Apartments,2A,D213,2,2,2,,1116,7/5/2026,,14,80%,1863,1.67,1863,1.67,2026-05-22,2026-07-04,44,0
Parc West Apartments,2A,C410,4,2,2,,1116,4/15/2026,,15,80%,1869,1.67,1869,1.67,2025-11-21,2026-06-16,208,63
Parc West Apartments,2A,B403,4,2,2,,1116,Now,,14,80%,1889,1.69,1889,1.69,2026-04-20,,85,24
Parc West Apartments,2A,C108,1,2,2,,1116,9/28/2023,,,80%,1720,1.54,1720,1.54,2023-09-21,2023-10-07,17,10
Parc West Apartments,2A,C108,1,2,2,,1116,2/28/2025,,6,80%,1739,1.56,1739,1.56,2025-01-15,2025-01-23,9,0
Parc West Apartments,2A,C108,1,2,2,,1116,4/24/2026,,15,80%,1889,1.69,1889,1.69,2026-02-13,2026-05-22,99,29
Parc West Apartments,2A,B103,1,2,2,,1116,10/10/2026,,12,80%,1899,1.7,1899,1.7,2026-07-12,,2,0
Parc West Apartments,2A,B413,4,2,2,,1116,4/1/2024,,13,80%,1760,1.58,1760,1.58,2024-02-21,2024-07-12,143,103
Parc West Apartments,2A,B413,4,2,2,,1116,8/2/2025,,6,80%,1749,1.57,1749,1.57,2025-05-16,2025-09-09,117,39
Parc West Apartments,2A,B413,4,2,2,,1116,Now,,14,80%,1899,1.7,1899,1.7,2026-04-08,,97,29
Parc West Apartments,2A,A205,2,2,2,,1116,6/25/2024,,14,80%,1795,1.61,1795,1.61,2024-05-06,2024-05-19,14,0
Parc West Apartments,2A,A205,2,2,2,,1116,6/27/2025,,6,80%,1854,1.66,1854,1.66,2025-04-22,2025-08-09,110,44
Parc West Apartments,2A,A205,2,2,2,,1116,6/4/2026,,14,80%,1899,1.7,1899,1.7,2026-04-09,2026-05-11,33,0
Parc West Apartments,2A,B408,4,2,2,,1116,8/13/2026,,13,80%,1899,1.7,1899,1.7,2026-07-12,,2,0
Parc West Apartments,2A,C403,4,2,2,,1116,7/21/2026,,14,80%,1909,1.71,1909,1.71,2026-06-11,,33,0
Parc West Apartments,2A,A405,4,2,2,,1116,6/17/2023,,,80%,1885,1.69,1885,1.69,,2023-07-20,,
Parc West Apartments,2A,A405,4,2,2,,1116,2/2/2024,,,80%,1854,1.66,1854,1.66,2024-01-15,2024-01-26,12,0
Parc West Apartments,2A,A405,4,2,2,,1116,8/14/2026,,13,80%,1974,1.77,1974,1.77,2026-06-23,,21,0
Parc West Apartments,B1,D303,3,2,2,,1116,5/29/2024,,6,80%,1689,1.51,1689,1.51,2024-05-06,2024-11-15,194,171
Parc West Apartments,B1,B305,3,2,2,,1116,10/4/2023,,,80%,1698,1.52,1698,1.52,2023-09-12,2023-12-09,89,67
Parc West Apartments,B1,C203,2,2,2,,1116,1/7/2024,,,80%,1699,1.52,1699,1.52,2024-01-07,2024-01-08,2,2
Parc West Apartments,2A,B213,2,2,2,,1116,9/26/2025,,6,80%,1699,1.52,1699,1.52,2025-08-16,2026-01-16,154,113
Parc West Apartments,2A,B308,3,2,2,,1116,4/17/2024,,12,80%,1720,1.54,1720,1.54,2024-02-11,2024-05-31,111,45
Parc West Apartments,2A,B308,3,2,2,,1116,11/5/2025,,6,80%,1699,1.52,1699,1.52,2025-09-05,2025-12-30,117,56
Parc West Apartments,B1,C310,3,2,2,,1116,8/1/2024,,6,80%,1699,1.52,1699,1.52,2024-05-29,2024-11-28,184,120
Parc West Apartments,B1,B210,2,2,2,,1116,10/26/2023,,,80%,1672,1.5,1672,1.5,2023-10-25,2024-01-03,71,70
Parc West Apartments,B1,B210,2,2,2,,1116,2/8/2025,,6,80%,1699,1.52,1699,1.52,2024-12-06,2025-01-17,43,0
Parc West Apartments,B1,C213,2,2,2,,1116,8/14/2023,,,80%,1771,1.59,1771,1.59,2023-08-13,2023-08-26,14,13
Parc West Apartments,B1,C213,2,2,2,,1116,10/11/2024,,6,80%,1719,1.54,1719,1.54,2024-08-15,2024-11-06,84,27
Parc West Apartments,B1,C215,2,2,2,,1116,4/29/2025,,6,80%,1719,1.54,1719,1.54,2025-02-19,2025-02-20,2,0
Parc West Apartments,B1,C315,3,2,2,,1116,10/13/2023,,,80%,1729,1.55,1729,1.55,2023-10-13,2023-10-24,12,12
Parc West Apartments,2A,D318,3,2,2,,1116,8/15/2024,,18,80%,1719,1.54,1719,1.54,2024-02-12,2024-08-24,195,10
Parc West Apartments,2A,D318,3,2,2,,1116,8/29/2025,,12,80%,1749,1.57,1603,1.44,2025-06-11,2025-09-27,109,30
Parc West Apartments,2A,B208,2,2,2,,1116,6/17/2025,,6,80%,1749,1.57,1749,1.57,2025-01-17,2025-07-21,186,35
Parc West Apartments,2A,B415,4,2,2,,1116,1/15/2026,,6,80%,1749,1.57,1749,1.57,2025-06-10,2026-01-28,233,14
Parc West Apartments,2A,B303,3,2,2,,1116,9/28/2024,,13,80%,1683,1.51,1683,1.51,2024-07-26,2024-08-29,35,0
Parc West Apartments,2A,B303,3,2,2,,1116,11/15/2025,,12,80%,1749,1.57,1603,1.44,2025-09-12,2025-09-23,12,0
Parc West Apartments,2A,C118,1,2,2,,1116,9/27/2023,,,80%,1705,1.53,1705,1.53,2023-08-10,2023-09-13,35,0
Parc West Apartments,2A,C118,1,2,2,,1116,9/29/2024,,6,80%,1749,1.57,1749,1.57,2024-06-28,2025-05-01,308,215
Parc West Apartments,2A,C118,1,2,2,,1116,11/16/2025,,6,80%,1759,1.58,1759,1.58,2025-09-07,2025-11-16,71,1
Parc West Apartments,2A,D208,2,2,2,,1116,10/24/2024,,12,80%,1706,1.53,1706,1.53,2024-08-22,2024-09-11,21,0
Parc West Apartments,2A,D208,2,2,2,,1116,1/20/2026,,6,80%,1759,1.58,1759,1.58,2025-11-20,2026-02-23,96,35
Parc West Apartments,2A,C210,2,2,2,,1116,9/6/2025,,6,80%,1779,1.59,1779,1.59,2025-07-04,2025-08-05,33,0
Parc West Apartments,2A,C103,1,2,2,,1116,10/7/2023,,,80%,1707,1.53,1707,1.53,2023-09-13,2023-10-13,31,7
Parc West Apartments,2A,C103,1,2,2,,1116,10/12/2025,,6,80%,1789,1.6,1789,1.6,2025-08-30,2025-12-17,110,67
Parc West Apartments,2A,C408,4,2,2,,1116,10/3/2025,,12,80%,1799,1.61,1649,1.48,2025-07-11,2025-09-12,64,0
Parc West Apartments,2A,C408,4,2,2,,1116,4/14/2026,,6,80%,1799,1.61,1799,1.61,2026-02-11,2026-02-12,2,0
Parc West Apartments,2A,D313,3,2,2,,1116,4/10/2025,,6,80%,1799,1.61,1799,1.61,2025-04-09,2025-06-07,60,59
Parc West Apartments,2A,B110,1,2,2,,1116,7/11/2024,,18,80%,1739,1.56,1739,1.56,2024-06-08,2024-08-14,68,35
Parc West Apartments,2A,B110,1,2,2,,1116,3/31/2025,,6,80%,1739,1.56,1739,1.56,2025-02-25,2025-03-02,6,0
Parc West Apartments,2A,B110,1,2,2,,1116,11/15/2025,,6,80%,1799,1.61,1799,1.61,2025-09-12,2025-10-10,29,0
Parc West Apartments,2A,C418,4,2,2,,1116,6/17/2023,,,80%,1716,1.54,1716,1.54,,2023-08-10,,
Parc West Apartments,2A,C418,4,2,2,,1116,1/24/2024,,,80%,1779,1.59,1779,1.59,2024-01-13,2024-01-31,19,8
Parc West Apartments,2A,C418,4,2,2,,1116,5/31/2025,,6,80%,1819,1.63,1819,1.63,2025-04-16,2025-07-09,85,40
Parc West Apartments,2A,C418,4,2,2,,1116,2/10/2026,,6,80%,1799,1.61,1799,1.61,2025-12-11,2026-01-15,36,0
Parc West Apartments,2A,D108,1,2,2,,1116,7/7/2023,,,80%,1911,1.71,1911,1.71,,2023-06-30,,
Parc West Apartments,2A,D108,1,2,2,,1116,12/8/2023,,,80%,1729,1.55,1729,1.55,2023-12-08,2024-01-07,31,31
Parc West Apartments,2A,D108,1,2,2,,1116,5/26/2025,,12,80%,1819,1.63,1777,1.59,2025-05-24,2025-06-22,30,28
Parc West Apartments,2A,D108,1,2,2,,1116,2/13/2026,,6,80%,1799,1.61,1799,1.61,2026-01-23,2026-02-17,26,5
Parc West Apartments,2A,C110,1,2,2,,1116,10/20/2023,,,80%,1792,1.61,1792,1.61,2023-10-17,2024-02-10,117,114
Parc West Apartments,2A,C110,1,2,2,,1116,2/25/2026,,6,80%,1799,1.61,1799,1.61,2025-12-24,2026-03-01,68,5
Parc West Apartments,2A,D308,3,2,2,,1116,4/3/2024,,,80%,1809,1.62,1809,1.62,2024-02-10,2024-04-11,62,9
Parc West Apartments,2A,D308,3,2,2,,1116,6/26/2025,,6,80%,1815,1.63,1815,1.63,2025-04-24,2025-05-13,20,0
Parc West Apartments,2A,C405,4,2,2,,1116,8/2/2023,,,80%,1813,1.62,1813,1.62,2023-08-02,2023-08-27,26,26
Parc West Apartments,2A,C405,4,2,2,,1116,8/31/2025,,6,80%,1819,1.63,1819,1.63,2025-06-06,2025-10-02,119,33
Parc West Apartments,2A,D408,4,2,2,,1116,6/15/2024,,14,80%,1760,1.58,1760,1.58,2024-05-14,2024-06-05,23,0
Parc West Apartments,2A,D408,4,2,2,,1116,7/10/2025,,6,80%,1819,1.63,1819,1.63,2025-05-01,2025-08-20,112,42
Parc West Apartments,B1,C303,3,2,2,,1116,10/3/2023,,,80%,1719,1.54,1719,1.54,2023-09-12,2023-10-21,40,19
Parc West Apartments,B1,C303,3,2,2,,1116,2/11/2025,,12,80%,1825,1.64,1783,1.6,2024-12-14,2025-03-30,107,48
Parc West Apartments,2A,D415,4,2,2,,1116,6/30/2024,,13,80%,1775,1.59,1775,1.59,2024-06-19,2024-07-20,32,21
Parc West Apartments,2A,D415,4,2,2,,1116,9/12/2025,,6,80%,1839,1.65,1839,1.65,2025-08-06,2025-08-12,7,0
Parc West Apartments,2A,B418,4,2,2,,1116,1/13/2024,,,80%,1772,1.59,1772,1.59,2024-01-08,2024-01-13,6,1
Parc West Apartments,2A,B418,4,2,2,,1116,12/27/2024,,6,80%,1759,1.58,1759,1.58,2024-12-24,2025-01-18,26,23
Parc West Apartments,2A,B418,4,2,2,,1116,8/31/2025,,6,80%,1839,1.65,1839,1.65,2025-08-01,2025-08-16,16,0
Parc West Apartments,2A,C415,4,2,2,,1116,5/6/2025,,6,80%,1839,1.65,1839,1.65,2025-04-19,2025-07-08,81,64
Parc West Apartments,2A,D418,4,2,2,,1116,6/5/2025,,6,80%,1839,1.65,1839,1.65,2025-03-27,2025-08-01,128,58
Parc West Apartments,2A,D110,1,2,2,,1116,5/1/2025,,6,80%,1855,1.66,1855,1.66,2025-04-26,2025-04-28,3,0
Parc West Apartments,B1,B405,4,2,2,,1116,8/31/2024,,12,80%,1760,1.58,1760,1.58,2024-06-13,2024-07-03,21,0
Parc West Apartments,B1,B405,4,2,2,,1116,4/3/2025,,6,80%,1855,1.66,1855,1.66,2025-03-04,2025-03-20,17,0
Parc West Apartments,B2,A309,3,2,2,,1252,6/20/2024,,12,80%,1845,1.47,1845,1.47,2024-05-14,2024-05-21,8,0
Parc West Apartments,2B,D304,3,2,2,,1252,8/9/2023,,,80%,1746,1.39,1746,1.39,2023-07-12,2023-08-08,28,0
Parc West Apartments,2B,D304,3,2,2,,1252,9/10/2024,,16,80%,1794,1.43,1794,1.43,2024-07-11,2024-07-30,20,0
Parc West Apartments,2B,D304,3,2,2,,1252,6/20/2025,,6,80%,1905,1.52,1905,1.52,2025-05-24,2025-06-13,21,0
Parc West Apartments,2B,D304,3,2,2,,1252,8/14/2026,,13,80%,2014,1.61,2014,1.61,2026-07-12,,2,0
Parc West Apartments,B2,B204,2,2,2,,1252,12/12/2023,,,80%,1796,1.43,1796,1.43,2023-10-14,2023-11-14,32,0
Parc West Apartments,B2,B204,2,2,2,,1252,4/25/2024,,,80%,1829,1.46,1829,1.46,2024-04-25,2024-05-06,12,12
Parc West Apartments,B2,A109,1,2,2,,1252,10/7/2023,,,80%,1838,1.47,1838,1.47,2023-08-16,2023-08-24,9,0
Parc West Apartments,2B,B404,4,2,2,,1252,11/15/2024,,6,80%,1875,1.5,1875,1.5,2024-10-02,2024-11-06,36,0
Parc West Apartments,2B,B404,4,2,2,,1252,5/27/2025,,6,80%,1925,1.54,1925,1.54,2025-04-22,2025-06-04,44,9
Parc West Apartments,2B,B404,4,2,2,,1252,1/8/2026,,6,80%,1864,1.49,1864,1.49,2025-11-01,2025-11-07,7,0
Parc West Apartments,B2,A308,3,2,2,,1252,3/9/2024,,,80%,1864,1.49,1864,1.49,2024-01-18,2024-01-31,14,0
Parc West Apartments,2B,C304,3,2,2,,1252,8/23/2023,,,80%,1766,1.41,1766,1.41,,2023-08-04,,
Parc West Apartments,2B,C304,3,2,2,,1252,4/25/2025,,6,80%,1899,1.52,1899,1.52,2025-03-26,2025-05-14,50,20
Parc West Apartments,2B,A209,2,2,2,,1252,4/7/2024,,,80%,1934,1.54,1934,1.54,2024-03-21,2024-04-09,20,3
Parc West Apartments,2B,A209,2,2,2,,1252,10/24/2025,,6,80%,1899,1.52,1899,1.52,2025-09-23,2026-01-20,120,89
Parc West Apartments,B2,C404,4,2,2,,1252,12/31/2023,,,80%,1856,1.48,1856,1.48,2023-11-03,2023-11-12,10,0
Parc West Apartments,B2,C404,4,2,2,,1252,2/28/2024,,,80%,1916,1.53,1916,1.53,2024-02-14,2024-02-21,8,0
Parc West Apartments,B2,A208,2,2,2,,1252,5/22/2024,,,80%,1934,1.54,1934,1.54,2024-03-22,2024-04-02,12,0
Parc West Apartments,2B,A108,1,2,2,,1252,1/18/2024,,,80%,1860,1.49,1860,1.49,2023-11-16,2024-01-07,53,0
Parc West Apartments,2B,A108,1,2,2,,1252,1/14/2025,,6,80%,1950,1.56,1950,1.56,2024-11-02,2024-12-08,37,0
Parc West Apartments,2B,A108,1,2,2,,1252,2/6/2026,,6,80%,1939,1.55,1939,1.55,2026-01-03,2026-02-12,41,7
Parc West Apartments,1C,B217,2,3,2,,1447,7/4/2024,,12,80%,2189,1.51,2189,1.51,2024-05-10,2024-06-28,50,0
Parc West Apartments,1C,B217,2,3,2,,1447,7/11/2025,,6,80%,2015,1.39,2015,1.39,2025-05-02,2025-05-11,10,0
Parc West Apartments,1C,B217,2,3,2,,1447,7/30/2026,,14,80%,2161,1.49,2161,1.49,2026-05-18,2026-06-08,22,0
Parc West Apartments,1C,D317,3,3,2,,1447,8/31/2024,,15,80%,2209,1.53,2209,1.53,2024-02-22,2024-06-13,113,0
Parc West Apartments,1C,D317,3,3,2,,1447,7/3/2026,,12,80%,2181,1.51,2181,1.51,2026-05-01,2026-05-05,5,0
Parc West Apartments,1C,B317,3,3,2,,1447,1/11/2024,,,80%,2213,1.53,2213,1.53,2024-01-09,2024-01-31,23,21
Parc West Apartments,1C,B317,3,3,2,,1447,2/13/2025,,6,80%,2015,1.39,2015,1.39,2024-12-04,2025-02-14,73,2
Parc West Apartments,1C,B317,3,3,2,,1447,1/9/2026,,6,80%,2015,1.39,2015,1.39,2025-12-05,2026-02-08,66,31
Parc West Apartments,1C,D217,2,3,2,,1447,4/15/2024,,,80%,2433,1.68,2433,1.68,2024-03-31,2024-04-09,10,0
Parc West Apartments,1C,D217,2,3,2,,1447,4/19/2026,,6,80%,2035,1.41,2035,1.41,2026-02-07,2026-02-10,4,0
Parc West Apartments,1C,B417,4,3,2,,1447,11/14/2025,,6,80%,2055,1.42,2055,1.42,2025-08-23,2025-08-29,7,0
Parc West Apartments,C1,D417,4,3,2,,1447,12/31/2023,,,80%,2273,1.57,2273,1.57,2023-11-01,2024-01-31,92,32
Parc West Apartments,C1,D417,4,3,2,,1447,10/4/2024,,6,80%,2075,1.43,2075,1.43,2024-09-25,2024-11-28,65,56
Parc West Apartments,1C,A102,1,3,2,,1447,10/11/2024,,12,80%,2164,1.5,2164,1.5,2024-08-12,2024-08-22,11,0
Parc West Apartments,1C,A102,1,3,2,,1447,1/8/2026,,6,80%,2090,1.44,2090,1.44,2026-01-03,2026-01-20,18,13
Parc West Apartments,C1,A202,2,3,2,,1447,3/7/2025,,6,80%,2110,1.46,2110,1.46,2024-06-21,2025-02-15,240,0
Parc West Apartments,1C,A402,4,3,2,,1447,4/3/2024,,,80%,2380,1.64,2380,1.64,2024-03-01,2024-03-16,16,0
Parc West Apartments,1C,A402,4,3,2,,1447,12/9/2025,,6,80%,2150,1.49,2150,1.49,2025-11-06,2025-12-18,43,10
Parc West Apartments,C1,C217,2,3,2,,1447,1/9/2024,,,80%,2233,1.54,2233,1.54,2023-12-03,2024-01-31,60,23
Parc West Apartments,C1,A302,3,3,2,,1447,5/16/2024,,,80%,2340,1.62,2340,1.62,2024-03-16,2024-03-21,6,0
Parc West Apartments,C1,C317,3,3,2,,1447,6/17/2023,,,80%,2345,1.62,2345,1.62,,2023-06-25,,
Anthology Apartments,Fitzgerald,D310,3,0,1,,564,6/12/2024,,10,60%,1250,2.22,1250,2.22,2024-04-06,2024-07-08,94,27
Anthology Apartments,Fitzgerald,D310,3,0,1,,564,6/5/2026,,13,60%,1230,2.18,1135,2.01,2026-03-11,2026-05-29,80,0
Anthology Apartments,Fitzgerald,D410,4,0,1,,564,6/18/2023,,,60%,1240,2.2,1240,2.2,,2023-06-28,,
Anthology Apartments,Fitzgerald,D410,4,0,1,,564,5/25/2026,,12,60%,1255,2.23,1150,2.04,2026-05-11,2026-05-29,19,5
Anthology Apartments,Fitzgerald,D210,2,0,1,,564,2/8/2024,,13,80%,1307,2.32,1307,2.32,2024-01-31,2024-03-01,31,23
Anthology Apartments,Fitzgerald,D210,2,0,1,,564,3/8/2025,,15,80%,1236,2.19,1203,2.13,2024-12-24,2025-01-03,11,0
Anthology Apartments,Fitzgerald,D210,2,0,1,,564,11/5/2025,,7,80%,1336,2.37,1336,2.37,2025-09-10,2025-11-15,67,11
Anthology Apartments,Fitzgerald,A403,4,0,1,,603,12/7/2023,,12,60%,1216,2.02,1216,2.02,2023-09-28,2024-02-27,153,83
Anthology Apartments,Fitzgerald,C218,2,0,1,,603,1/20/2025,,12,60%,1139,1.89,1097,1.82,2024-12-24,2025-04-16,114,87
Anthology Apartments,Fitzgerald,C218,2,0,1,,603,4/15/2026,,13,60%,1244,2.06,1148,1.9,2026-02-19,2026-05-05,76,21
Anthology Apartments,Fitzgerald,C418,4,0,1,,603,7/24/2023,,,60%,1213,2.01,1213,2.01,,2023-06-27,,
Anthology Apartments,Fitzgerald,C418,4,0,1,,603,8/30/2024,,13,60%,1242,2.06,1204,2,2024-06-07,2024-06-29,23,0
Anthology Apartments,Fitzgerald,C418,4,0,1,,603,8/30/2025,,12,60%,1259,2.09,1154,1.91,2025-06-26,2025-07-11,16,0
Anthology Apartments,Fitzgerald,C418,4,0,1,,603,4/15/2026,,12,60%,1275,2.11,1169,1.94,2026-02-12,2026-05-27,105,43
Anthology Apartments,Fitzgerald,A103,1,0,1,,603,7/15/2026,,13,60%,1280,2.12,1182,1.96,2026-05-15,,60,0
Anthology Apartments,Fitzgerald,B418,4,0,1,,603,6/1/2025,,12,80%,1259,2.09,1217,2.02,2025-03-11,2025-03-25,15,0
Anthology Apartments,Fitzgerald,B418,4,0,1,,603,Now,,13,80%,1385,2.3,1278,2.12,2026-03-20,,116,40
Anthology Apartments,Fitzgerald,A103.ADA,3,0,1,,603,6/12/2024,,9,60%,1202,1.99,1202,1.99,2024-04-10,2024-07-15,97,34
Anthology Apartments,Fitzgerald,A103.ADA,3,0,1,,603,10/1/2025,,12,60%,1175,1.95,1077,1.79,2025-09-06,2026-01-10,127,102
Anthology Apartments,Fitzgerald,A303,3,0,1,,603,11/22/2024,,12,60%,1249,2.07,1224,2.03,2024-11-10,2025-02-04,87,75
Anthology Apartments,Fitzgerald,A303,3,0,1,,603,1/7/2026,,3,60%,1189,1.97,1189,1.97,2025-12-05,2026-04-07,124,91
Anthology Apartments,Fitzgerald,B318,3,0,1,,603,11/4/2023,,,60%,1392,2.31,1392,2.31,2023-08-29,2023-09-15,18,0
Anthology Apartments,Fitzgerald,B318,3,0,1,,603,11/11/2025,,12,60%,1239,2.05,1136,1.88,2025-09-10,2025-12-23,105,43
Anthology Apartments,Fitzgerald,B218,2,0,1,,603,6/23/2023,,,60%,1240,2.06,1240,2.06,2023-06-22,2023-06-28,7,6
Anthology Apartments,Fitzgerald,B218,2,0,1,,603,4/18/2024,,,60%,1292,2.14,1292,2.14,2024-04-12,2024-05-03,22,16
Anthology Apartments,Fitzgerald,B218,2,0,1,,603,9/25/2025,,12,60%,1239,2.05,1096,1.82,2025-07-19,2025-09-03,47,0
Anthology Apartments,Fitzgerald,C318,3,0,1,,603,7/6/2024,,,60%,1295,2.15,1295,2.15,2024-05-03,2024-05-06,4,0
Anthology Apartments,Fitzgerald,C318,3,0,1,,603,9/3/2025,,12,60%,1239,2.05,1136,1.88,2025-07-03,2025-08-01,30,0
Anthology Apartments,Salinger,D106,1,1,1,,645,6/12/2026,,13,60%,1237,1.92,1142,1.77,2026-04-08,2026-06-08,62,0
Anthology Apartments,Salinger,D306,3,1,1,,645,10/27/2023,,,60%,1311,2.03,1311,2.03,2023-08-23,2023-08-27,5,0
Anthology Apartments,Salinger,D306,3,1,1,,645,12/3/2024,,15,60%,1301,2.02,1268,1.97,2024-09-06,2025-01-07,124,36
Anthology Apartments,Salinger,D306,3,1,1,,645,4/15/2026,,13,60%,1294,2.01,1194,1.85,2026-03-12,2026-05-04,54,20
Anthology Apartments,Salinger,D213,2,1,1,,645,7/23/2024,,13,60%,1309,2.03,1309,2.03,2024-06-23,2024-07-22,30,0
Anthology Apartments,Salinger,D315,3,1,1,,645,7/24/2024,,13,60%,1331,2.06,1331,2.06,2024-05-06,2024-07-11,67,0
Anthology Apartments,Salinger,D315,3,1,1,,645,9/6/2025,,12,60%,1365,2.12,1207,1.87,2025-07-31,2025-09-07,39,2
Anthology Apartments,Salinger,D315,3,1,1,,645,4/15/2026,,12,60%,1324,2.05,1214,1.88,2026-03-06,2026-05-07,63,23
Anthology Apartments,Salinger,D206,2,1,1,,645,8/13/2024,,13,60%,1356,2.1,1318,2.04,2024-06-07,2024-06-27,21,0
Anthology Apartments,Salinger,D304,3,1,1,,645,10/27/2023,,,60%,1274,1.98,1274,1.98,2023-10-21,2023-10-26,6,0
Anthology Apartments,Salinger,D304,3,1,1,,645,11/7/2024,,13,60%,1372,2.13,1353,2.1,2024-08-02,2024-09-11,41,0
Anthology Apartments,Salinger,D215,2,1,1,,645,8/7/2025,,12,60%,1279,1.98,1172,1.82,2025-06-29,2025-08-14,47,8
Anthology Apartments,Salinger,D215,2,1,1,,645,8/20/2026,,12,60%,1402,2.17,1285,1.99,2026-06-18,2026-07-07,20,0
Anthology Apartments,Salinger,D202,2,1,1,,645,4/15/2024,,13,60%,1362,2.11,1362,2.11,2024-03-31,2024-05-16,47,32
Anthology Apartments,Salinger,D202,2,1,1,,645,7/7/2025,,12,60%,1414,2.19,1372,2.13,2025-04-28,2025-06-08,42,0
Anthology Apartments,Salinger,D202,2,1,1,,645,Now,,13,60%,1409,2.18,1301,2.02,2026-04-28,,77,14
Anthology Apartments,Salinger,D415,4,1,1,,645,8/8/2023,,,80%,1535,2.38,1535,2.38,2023-08-04,2023-08-26,23,19
Anthology Apartments,Salinger,D403,4,1,1,,645,9/29/2025,,7,60%,1299,2.01,1299,2.01,2025-07-23,2025-10-28,98,30
Anthology Apartments,Salinger,D212,2,1,1,,645,8/5/2023,,,60%,1516,2.35,1516,2.35,2023-08-04,2023-08-24,21,20
Anthology Apartments,Salinger,D212,2,1,1,,645,7/29/2024,,13,60%,1357,2.1,1319,2.04,2024-05-23,2024-05-29,7,0
Anthology Apartments,Salinger,D212,2,1,1,,645,9/4/2025,,12,60%,1314,2.04,1204,1.87,2025-06-26,2025-12-18,176,106
Anthology Apartments,Salinger,D204,2,1,1,,645,4/15/2026,,6,60%,1319,2.04,1319,2.04,2025-05-16,2026-04-18,338,4
Anthology Apartments,Salinger,D413,4,1,1,,645,8/5/2023,,,60%,1406,2.18,1406,2.18,2023-06-22,2023-06-29,8,0
Anthology Apartments,Salinger,D413,4,1,1,,645,4/15/2024,,13,60%,1426,2.21,1426,2.21,2024-04-10,2024-04-14,5,0
Anthology Apartments,Salinger,D413,4,1,1,,645,2/10/2025,,12,60%,1349,2.09,1307,2.03,2025-02-04,2025-04-29,85,79
Anthology Apartments,Salinger,D313,3,1,1,,645,12/30/2023,,,60%,1354,2.1,1354,2.1,2023-12-24,2024-01-21,29,23
Anthology Apartments,Salinger,D313,3,1,1,,645,10/22/2025,,12,60%,1354,2.1,1241,1.92,2025-08-17,2025-12-07,113,47
Anthology Apartments,Salinger,D302,3,1,1,,645,6/9/2024,,12,60%,1345,2.09,1303,2.02,2024-05-03,2024-06-08,37,0
Anthology Apartments,Salinger,D302,3,1,1,,645,6/27/2025,,12,60%,1354,2.1,1241,1.92,2025-05-08,2025-07-10,64,14
Anthology Apartments,Salinger,D312,3,1,1,,645,10/21/2024,,14,60%,1355,2.1,1337,2.07,2024-10-16,2024-10-31,16,11
Anthology Apartments,Salinger,D312,3,1,1,,645,11/20/2025,,12,60%,1359,2.11,1246,1.93,2025-11-15,2026-02-10,88,83
Anthology Apartments,Salinger,D406,4,1,1,,645,4/30/2024,,12,60%,1383,2.14,1362,2.11,2024-04-23,2024-08-10,110,103
Anthology Apartments,Salinger,D406,4,1,1,,645,9/7/2025,,12,60%,1360,2.11,1203,1.87,2025-06-19,2025-09-07,81,1
Anthology Apartments,Salinger,D412,4,1,1,,645,7/7/2024,,13,60%,1416,2.2,1378,2.14,2024-05-03,2024-05-29,27,0
Anthology Apartments,Salinger,D412,4,1,1,,645,7/8/2025,,12,60%,1370,2.12,1212,1.88,2025-05-08,2025-09-05,121,60
Anthology Apartments,Salinger,D402,4,1,1,,645,5/7/2024,,12,60%,1441,2.23,1399,2.17,2024-03-31,2024-06-13,75,38
Anthology Apartments,Salinger,D402,4,1,1,,645,8/19/2025,,12,60%,1370,2.12,1212,1.88,2025-06-26,2025-09-06,73,19
Anthology Apartments,Salinger,D303,3,1,1,,645,3/8/2025,,12,60%,1424,2.21,1382,2.14,2025-01-17,2025-02-26,41,0
Anthology Apartments,Salinger,D203,2,1,1,,645,7/7/2023,,,60%,1257,1.95,1257,1.95,2023-07-01,2023-08-23,54,48
Anthology Apartments,Salinger,D203,2,1,1,,645,7/30/2024,,13,60%,1377,2.13,1339,2.08,2024-05-24,2024-06-09,17,0
Anthology Apartments,Salinger,D203,2,1,1,,645,6/7/2025,,12,60%,1429,2.22,1387,2.15,2025-04-02,2025-05-02,31,0
Anthology Apartments,Salinger,D106.ADA,,1,1,,645,6/9/2026,,6,60%,1435,2.22,1435,2.22,2026-04-02,2026-04-08,7,0
Anthology Apartments,Salinger,D102,1,1,1,,645,7/29/2023,,,60%,1483,2.3,1483,2.3,2023-07-07,2023-08-15,40,18
Anthology Apartments,Salinger,D102,1,1,1,,645,8/21/2024,,13,60%,1344,2.08,1344,2.08,2024-06-07,2024-08-01,56,0
Anthology Apartments,Salinger,D102,1,1,1,,645,6/27/2025,,12,60%,1439,2.23,1397,2.17,2025-04-16,2025-05-28,43,0
Anthology Apartments,Salinger,D103,1,1,1,,645,7/7/2024,,12,60%,1370,2.12,1370,2.12,2024-05-03,2024-08-06,96,31
Anthology Apartments,Salinger,D103,1,1,1,,645,8/16/2025,,12,60%,1449,2.25,1407,2.18,2025-06-03,2025-06-17,15,0
Anthology Apartments,Salinger,C313,3,1,1,,668,8/5/2024,,13,60%,1356,2.03,1356,2.03,2024-06-05,2024-07-11,37,0
Anthology Apartments,Salinger,C313,3,1,1,,668,10/7/2025,,12,60%,1310,1.96,1201,1.8,2025-08-02,2026-01-19,171,105
Anthology Apartments,Salinger,B209,2,1,1,,688,7/8/2023,,,60%,1447,2.1,1447,2.1,,2023-06-28,,
Anthology Apartments,Salinger,B209,2,1,1,,688,8/15/2024,,13,60%,1300,1.89,1281,1.86,2024-06-12,2024-12-01,173,109
Anthology Apartments,Salinger,B213,2,1,1,,688,8/18/2023,,,60%,1301,1.89,1259,1.83,2023-06-28,2023-10-21,116,65
Anthology Apartments,Salinger,B213,2,1,1,,688,9/27/2024,,15,60%,1302,1.89,1269,1.84,2024-07-06,2025-01-09,188,105
Anthology Apartments,Salinger,C407,4,1,1,,688,10/28/2023,,,60%,1308,1.9,1266,1.84,2023-08-24,2023-12-12,111,46
Anthology Apartments,Salinger,B305,3,1,1,,688,4/15/2024,,13,60%,1361,1.98,1361,1.98,2024-03-31,2024-04-26,27,12
Anthology Apartments,Salinger,B305,3,1,1,,688,12/26/2024,,15,60%,1359,1.98,1326,1.93,2024-11-21,2025-01-08,49,14
Anthology Apartments,Salinger,B305,3,1,1,,688,4/15/2026,,12,60%,1320,1.92,1210,1.76,2025-11-21,2026-05-16,177,32
Anthology Apartments,Salinger,C309,3,1,1,,688,12/11/2024,,15,60%,1359,1.98,1326,1.93,2024-10-02,2025-01-09,100,30
Anthology Apartments,Salinger,C309,3,1,1,,688,4/19/2026,,12,60%,1329,1.93,1218,1.77,2026-02-07,2026-05-07,90,19
Anthology Apartments,Salinger,C307,3,1,1,,688,4/19/2026,,12,60%,1329,1.93,1218,1.77,2026-03-12,2026-05-06,56,18
Anthology Apartments,Salinger,A308,3,1,1,,688,7/29/2023,,,60%,1364,1.98,1364,1.98,2023-07-07,2023-07-18,12,0
Anthology Apartments,Salinger,A308,3,1,1,,688,9/29/2024,,13,60%,1332,1.94,1313,1.91,2024-07-30,2024-11-10,104,43
Anthology Apartments,Salinger,A313,3,1,1,,688,10/21/2024,,13,60%,1334,1.94,1315,1.91,2024-08-15,2024-08-20,6,0
Anthology Apartments,Salinger,B409,4,1,1,,688,12/1/2024,,15,60%,1335,1.94,1302,1.89,2024-09-19,2025-01-08,112,39
Anthology Apartments,Salinger,C315,3,1,1,,688,6/18/2023,,,60%,1326,1.93,1326,1.93,,2023-07-06,,
Anthology Apartments,Salinger,C315,3,1,1,,688,7/23/2024,,12,60%,1348,1.96,1327,1.93,2024-06-19,2024-08-18,61,27
Anthology Apartments,Salinger,C213,2,1,1,,688,10/20/2023,,,60%,1392,2.02,1350,1.96,2023-10-17,2023-10-19,3,0
Anthology Apartments,Salinger,C213,2,1,1,,688,3/17/2024,,12,60%,1336,1.94,1294,1.88,2024-02-10,2024-06-06,118,82
Anthology Apartments,Salinger,C213,2,1,1,,688,6/11/2026,,13,60%,1354,1.97,1250,1.82,2026-04-08,2026-05-07,30,0
Anthology Apartments,Salinger,B216,2,1,1,,688,10/20/2024,,13,60%,1359,1.98,1340,1.95,2024-03-05,2024-08-22,171,0
Anthology Apartments,Salinger,B307,3,1,1,,688,3/23/2024,,13,60%,1387,2.02,1387,2.02,2024-01-25,2024-03-05,41,0
Anthology Apartments,Salinger,B307,3,1,1,,688,5/7/2025,,12,60%,1359,1.98,1246,1.81,2025-02-04,2025-03-08,33,0
Anthology Apartments,Salinger,B307,3,1,1,,688,4/15/2026,,13,60%,1366,1.99,1366,1.99,2025-12-03,2026-04-26,145,12
Anthology Apartments,Salinger,A413,4,1,1,,688,6/3/2024,,12,60%,1368,1.99,1347,1.96,2024-03-20,2024-08-24,158,83
Anthology Apartments,Salinger,A408,4,1,1,,688,5/4/2024,,13,60%,1371,1.99,1371,1.99,2024-02-29,2024-08-01,155,90
Anthology Apartments,Salinger,C416,4,1,1,,688,4/16/2026,,12,60%,1374,2,1260,1.83,2026-03-04,2026-05-11,69,26
Anthology Apartments,Salinger,A307,3,1,1,,688,6/14/2025,,12,60%,1471,2.14,1429,2.08,2025-04-30,2025-05-27,28,0
Anthology Apartments,Salinger,A307,3,1,1,,688,6/26/2026,,13,60%,1375,2,1269,1.84,2026-04-28,2026-06-10,44,0
Anthology Apartments,Salinger,C209,2,1,1,,688,7/21/2023,,,60%,1307,1.9,1307,1.9,2023-07-20,2023-08-04,16,15
Anthology Apartments,Salinger,C209,2,1,1,,688,1/21/2025,,12,60%,1319,1.92,1209,1.76,2024-11-14,2025-02-28,107,39
Anthology Apartments,Salinger,C209,2,1,1,,688,4/15/2026,,13,60%,1377,2,1271,1.85,2026-01-13,2026-06-04,143,51
Anthology Apartments,Salinger,A212,2,1,1,,688,10/13/2023,,,60%,1275,1.85,1275,1.85,2023-10-06,2024-01-31,118,111
Anthology Apartments,Salinger,A212,2,1,1,,688,4/15/2026,,13,60%,1377,2,1271,1.85,2025-12-10,2026-06-04,177,51
Anthology Apartments,Salinger,A213,2,1,1,,688,4/22/2024,,13,60%,1421,2.07,1421,2.07,2024-02-24,2024-04-16,53,0
Anthology Apartments,Salinger,A213,2,1,1,,688,8/30/2024,,14,60%,1301,1.89,1283,1.86,2024-08-09,2024-10-30,83,62
Anthology Apartments,Salinger,A213,2,1,1,,688,4/15/2026,,13,60%,1377,2,1271,1.85,2025-12-04,2026-06-04,183,51
Anthology Apartments,Salinger,B107,1,1,1,,688,8/9/2024,,14,60%,1417,2.06,1399,2.03,2024-03-03,2024-10-24,236,77
Anthology Apartments,Salinger,B107,1,1,1,,688,5/29/2026,,12,60%,1379,2,1264,1.84,2026-04-02,2026-05-11,40,0
Anthology Apartments,Salinger,B105,1,1,1,,688,7/2/2026,,13,60%,1379,2,1273,1.85,2026-05-02,2026-05-19,18,0
Anthology Apartments,Salinger,B309,3,1,1,,688,6/25/2024,,12,60%,1385,2.01,1385,2.01,2024-04-26,2024-05-23,28,0
Anthology Apartments,Salinger,C305,3,1,1,,688,6/4/2024,,12,60%,1385,2.01,1343,1.95,2024-05-01,2024-06-21,52,18
Anthology Apartments,Salinger,C405,4,1,1,,688,1/13/2025,,15,60%,1389,2.02,1372,1.99,2024-10-30,2024-11-19,21,0
Anthology Apartments,Salinger,A208,2,1,1,,688,5/7/2024,,13,60%,1396,2.03,1396,2.03,2024-03-01,2024-04-16,47,0
Anthology Apartments,Salinger,C216,2,1,1,,688,12/18/2023,,,60%,1404,2.04,1404,2.04,2023-12-12,2024-01-21,41,35
Anthology Apartments,Salinger,C105,1,1,1,,688,11/1/2023,,13,60%,1411,2.05,1411,2.05,2023-08-26,2024-04-20,239,172
Anthology Apartments,Salinger,C109,1,1,1,,688,2/18/2025,,14,60%,1415,2.06,1379,2,2024-12-24,2025-01-08,16,0
Anthology Apartments,Salinger,B315,3,1,1,,688,9/21/2023,,,60%,1440,2.09,1440,2.09,2023-09-19,2023-10-04,16,14
Anthology Apartments,Salinger,B215,2,1,1,,688,8/5/2025,,12,60%,1371,1.99,1257,1.83,2025-06-03,2025-08-04,63,0
Anthology Apartments,Salinger,B215,2,1,1,,688,8/24/2026,,12,60%,1454,2.11,1333,1.94,2026-06-24,,20,0
Anthology Apartments,Salinger,C205,2,1,1,,688,8/24/2024,,13,60%,1356,1.97,1356,1.97,2024-06-20,2024-07-06,17,0
Anthology Apartments,Salinger,C205,2,1,1,,688,9/23/2026,,12,60%,1454,2.11,1333,1.94,2026-07-12,,2,0
Anthology Apartments,Salinger,B205,2,1,1,,688,4/7/2024,,,60%,1464,2.13,1464,2.13,2024-02-01,2024-02-10,10,0
Anthology Apartments,Salinger,B205,2,1,1,,688,5/12/2025,,12,60%,1396,2.03,1280,1.86,2025-03-12,2025-06-23,104,43
Anthology Apartments,Salinger,B205,2,1,1,,688,Now,,13,60%,1454,2.11,1342,1.95,2026-05-05,,70,8
Anthology Apartments,Salinger,A207,2,1,1,,688,10/28/2023,,,60%,1386,2.01,1344,1.95,2023-09-28,2023-12-20,84,54
Anthology Apartments,Salinger,A207,2,1,1,,688,10/21/2024,,12,60%,1346,1.96,1304,1.9,2024-10-16,2025-05-23,220,215
Anthology Apartments,Salinger,A207,2,1,1,,688,Now,,13,60%,1454,2.11,1342,1.95,2026-04-28,,77,27
Anthology Apartments,Salinger,C415,4,1,1,,688,8/11/2024,,13,80%,1379,2,1379,2,2024-06-07,2024-07-23,47,0
Anthology Apartments,Salinger,C415,4,1,1,,688,8/24/2025,,12,80%,1391,2.02,1275,1.85,2025-06-19,2025-08-24,67,1
Anthology Apartments,Salinger,C415,4,1,1,,688,8/26/2026,,12,80%,1474,2.14,1351,1.96,2026-07-01,,13,0
Anthology Apartments,Salinger,C108,1,1,1,,688,7/12/2025,,12,80%,1471,2.14,1348,1.96,2025-05-08,2025-06-21,45,0
Anthology Apartments,Salinger,C108,1,1,1,,688,Now,,13,80%,1479,2.15,1365,1.98,2026-05-16,,59,16
Anthology Apartments,Salinger,C215,2,1,1,,688,9/14/2023,,,80%,1570,2.28,1570,2.28,2023-08-15,2023-08-24,10,0
Anthology Apartments,Salinger,C308,3,1,1,,688,9/2/2024,,12,60%,1339,1.95,1339,1.95,2024-06-07,2024-07-13,37,0
Anthology Apartments,Salinger,C308,3,1,1,,688,4/15/2026,,6,60%,1299,1.89,1299,1.89,2025-01-29,2026-04-16,443,2
Anthology Apartments,Salinger,A407,4,1,1,,688,6/20/2023,,,60%,1289,1.87,1289,1.87,,2023-08-04,,
Anthology Apartments,Salinger,A407,4,1,1,,688,8/31/2024,,13,60%,1379,2,1379,2,2024-06-27,2024-07-30,34,0
Anthology Apartments,Salinger,A407,4,1,1,,688,10/6/2025,,7,60%,1305,1.9,1305,1.9,2025-07-26,2025-11-10,108,36
Anthology Apartments,Salinger,B207,2,1,1,,688,2/18/2025,,12,60%,1319,1.92,1209,1.76,2025-01-22,2025-03-02,40,13
Anthology Apartments,Salinger,B316,3,1,1,,688,3/7/2024,,13,60%,1437,2.09,1437,2.09,2024-01-31,2024-03-02,32,0
Anthology Apartments,Salinger,B316,3,1,1,,688,5/25/2025,,12,60%,1321,1.92,1211,1.76,2025-03-21,2025-07-10,112,47
Anthology Apartments,Salinger,C408,4,1,1,,688,9/28/2025,,12,60%,1330,1.93,1219,1.77,2025-07-23,2026-01-26,188,121
Anthology Apartments,Salinger,C409,4,1,1,,688,10/3/2025,,12,60%,1330,1.93,1219,1.77,2025-07-26,2026-01-27,186,117
Anthology Apartments,Salinger,C208,2,1,1,,688,8/3/2023,,,60%,1404,2.04,1404,2.04,2023-06-29,2023-06-30,2,0
Anthology Apartments,Salinger,C208,2,1,1,,688,9/17/2024,,13,60%,1334,1.94,1334,1.94,2024-07-13,2024-08-05,24,0
Anthology Apartments,Salinger,C208,2,1,1,,688,9/29/2025,,12,60%,1335,1.94,1224,1.78,2025-07-23,2026-02-19,212,144
Anthology Apartments,Salinger,B109,1,1,1,,688,1/31/2024,,,60%,1481,2.15,1481,2.15,2024-01-07,2024-02-10,35,11
Anthology Apartments,Salinger,B109,1,1,1,,688,2/18/2025,,12,60%,1371,1.99,1329,1.93,2025-01-21,2025-05-15,115,87
Anthology Apartments,Salinger,B109,1,1,1,,688,12/20/2025,,6,60%,1349,1.96,1349,1.96,2025-10-04,2026-04-12,191,114
Anthology Apartments,Salinger,C413,4,1,1,,688,4/29/2025,,12,60%,1366,1.99,1252,1.82,2025-04-28,2025-06-26,60,59
Anthology Apartments,Salinger,A108,1,1,1,,688,1/29/2025,,12,60%,1371,1.99,1329,1.93,2024-11-27,2025-04-23,148,85
Anthology Apartments,Salinger,B413,4,1,1,,688,7/7/2023,,,60%,1396,2.03,1354,1.97,,2023-11-08,,
Anthology Apartments,Salinger,B413,4,1,1,,688,2/14/2025,,14,60%,1410,2.05,1374,2,2024-12-24,2025-01-08,16,0
Anthology Apartments,Salinger,B413,4,1,1,,688,2/20/2026,,6,60%,1380,2.01,1380,2.01,2025-12-10,2026-04-11,123,51
Anthology Apartments,Salinger,A412,4,1,1,,688,3/23/2026,,6,60%,1380,2.01,1380,2.01,2026-01-29,2026-04-12,74,21
Anthology Apartments,Salinger,B408,4,1,1,,688,1/1/2025,,15,60%,1389,2.02,1372,1.99,2024-10-30,2024-12-03,35,0
Anthology Apartments,Salinger,B408,4,1,1,,688,2/16/2026,,3,60%,1380,2.01,1380,2.01,2025-12-10,2026-04-03,115,47
Anthology Apartments,Salinger,B416,4,1,1,,688,9/16/2024,,15,60%,1340,1.95,1323,1.92,2024-07-12,2024-12-11,153,87
Anthology Apartments,Salinger,B416,4,1,1,,688,10/8/2025,,12,60%,1380,2.01,1265,1.84,2025-09-04,2025-12-05,93,59
Anthology Apartments,Salinger,B308,3,1,1,,688,3/28/2026,,12,60%,1385,2.01,1270,1.85,2026-01-22,2026-03-13,51,0
Anthology Apartments,Salinger,B407,4,1,1,,688,7/14/2025,,12,60%,1391,2.02,1275,1.85,2025-06-13,2025-08-01,50,19
Anthology Apartments,Salinger,A107,1,1,1,,688,6/18/2023,,,60%,1456,2.12,1456,2.12,,2023-08-02,,
Anthology Apartments,Salinger,A107,1,1,1,,688,4/17/2025,,12,60%,1396,2.03,1354,1.97,2025-02-12,2025-06-02,111,47
Anthology Apartments,Salinger,C316,3,1,1,,688,4/24/2025,,12,60%,1396,2.03,1354,1.97,2025-02-21,2025-03-28,36,0
Anthology Apartments,Salinger,A312,3,1,1,,688,8/30/2025,,12,60%,1410,2.05,1292,1.88,2025-06-13,2025-12-10,181,103
Anthology Apartments,Salinger,C107,1,1,1,,688,8/5/2024,,12,60%,1468,2.13,1447,2.1,2024-05-24,2024-08-30,99,26
Anthology Apartments,Salinger,C107,1,1,1,,688,9/6/2025,,12,60%,1421,2.07,1303,1.89,2025-06-17,2025-07-03,17,0
Anthology Apartments,Salinger,B108,1,1,1,,688,10/13/2023,,,80%,1239,1.8,1239,1.8,2023-09-28,2024-01-30,125,110
Anthology Apartments,Salinger,B108,1,1,1,,688,2/8/2025,,12,80%,1556,2.26,1426,2.07,2025-01-21,2025-03-14,53,35
Anthology Apartments,Salinger,A106,1,1,1,,700,12/23/2023,,13,60%,1376,1.97,1376,1.97,2023-12-19,2024-02-21,65,61
Anthology Apartments,Salinger,A106,1,1,1,,700,10/16/2024,,13,60%,1371,1.96,1352,1.93,2024-09-25,2024-11-24,61,40
Anthology Apartments,Salinger,A106,1,1,1,,700,4/5/2025,,12,60%,1381,1.97,1339,1.91,2025-03-21,2025-05-06,47,32
Anthology Apartments,Salinger,A106,1,1,1,,700,5/8/2026,,12,60%,1355,1.94,1242,1.77,2026-03-11,2026-06-01,83,25
Anthology Apartments,Salinger,A406,4,1,1,,700,12/1/2024,,13,60%,1401,2,1382,1.97,2024-09-25,2024-10-16,22,0
Anthology Apartments,Salinger,A206,2,1,1,,700,8/30/2023,,,60%,1366,1.95,1366,1.95,2023-08-23,2023-08-29,7,0
Anthology Apartments,Salinger,A206,2,1,1,,700,7/10/2024,,12,60%,1578,2.25,1557,2.22,2024-06-30,2024-08-26,58,48
Anthology Apartments,Salinger,A206,2,1,1,,700,9/4/2025,,12,60%,1356,1.94,1199,1.71,2025-06-26,2025-09-05,72,2
Anthology Apartments,Salinger,A306,3,1,1,,700,4/14/2025,,12,60%,1431,2.04,1389,1.98,2025-02-07,2025-03-22,44,0
Anthology Apartments,Dickinson,D101,1,2,2,,990,9/18/2024,,15,60%,1584,1.6,1567,1.58,2024-07-13,2024-12-16,157,90
Anthology Apartments,Dickinson,D216,2,2,2,,990,9/16/2024,,13,60%,1609,1.63,1571,1.59,2024-08-02,2024-10-22,82,37
Anthology Apartments,Dickinson,D105,1,2,2,,990,8/14/2023,,,60%,1629,1.65,1629,1.65,2023-08-09,2023-10-12,65,60
Anthology Apartments,Dickinson,D205,2,2,2,,990,1/21/2024,,,80%,1635,1.65,1635,1.65,2023-11-15,2023-12-09,25,0
Anthology Apartments,Dickinson,D205,2,2,2,,990,3/21/2025,,12,80%,1694,1.71,1652,1.67,2025-01-17,2025-04-01,75,12
Anthology Apartments,Dickinson,D205,2,2,2,,990,5/15/2026,,12,80%,1659,1.68,1521,1.54,2026-03-13,2026-05-04,53,0
Anthology Apartments,Dickinson,D417,4,2,2,,990,9/24/2023,,,80%,1706,1.72,1706,1.72,2023-07-28,2023-09-18,53,0
Anthology Apartments,Dickinson,D417,4,2,2,,990,12/19/2024,,14,80%,1714,1.73,1693,1.71,2024-10-27,2025-01-28,94,41
Anthology Apartments,Dickinson,D417,4,2,2,,990,4/15/2026,,12,80%,1674,1.69,1534,1.55,2026-01-28,2026-05-29,122,45
Anthology Apartments,Dickinson,D211,2,2,2,,990,8/29/2023,,,80%,1650,1.67,1650,1.67,2023-07-11,2023-08-18,39,0
Anthology Apartments,Dickinson,D211,2,2,2,,990,8/11/2025,,12,80%,1684,1.7,1544,1.56,2025-05-08,2025-10-22,168,73
Anthology Apartments,Dickinson,D211,2,2,2,,990,4/15/2026,,12,80%,1674,1.69,1534,1.55,2026-03-11,2026-05-21,72,37
Anthology Apartments,Dickinson,D307,3,2,2,,990,8/20/2025,,12,60%,1589,1.61,1457,1.47,2025-08-15,2025-12-15,123,118
Anthology Apartments,Dickinson,D217,2,2,2,,990,11/16/2024,,12,80%,1679,1.7,1637,1.65,2024-09-13,2025-02-26,167,103
Anthology Apartments,Dickinson,D207,2,2,2,,990,8/14/2024,,13,80%,1675,1.69,1656,1.67,2024-08-08,2024-09-06,30,24
Anthology Apartments,Dickinson,D207,2,2,2,,990,12/22/2024,,12,80%,1652,1.67,1610,1.63,2024-12-11,2025-01-17,38,27
Anthology Apartments,Dickinson,D207,2,2,2,,990,2/9/2026,,12,80%,1684,1.7,1544,1.56,2025-12-13,2025-12-19,7,0
Anthology Apartments,Dickinson,D407,4,2,2,,990,9/21/2023,,,80%,1735,1.75,1693,1.71,2023-07-13,2023-09-29,79,9
Anthology Apartments,Dickinson,D407,4,2,2,,990,8/23/2024,,13,80%,1715,1.73,1696,1.71,2024-08-10,2024-12-05,118,105
Anthology Apartments,Dickinson,D407,4,2,2,,990,6/14/2025,,12,80%,1764,1.78,1617,1.63,2025-06-13,2025-07-01,19,18
Anthology Apartments,Dickinson,D407,4,2,2,,990,2/8/2026,,6,80%,1689,1.71,1689,1.71,2026-02-06,2026-04-08,62,60
Anthology Apartments,Dickinson,D411,4,2,2,,990,9/11/2023,,,80%,1749,1.77,1707,1.72,2023-07-20,2023-10-14,87,34
Anthology Apartments,Dickinson,D411,4,2,2,,990,10/27/2025,,12,80%,1699,1.72,1557,1.57,2025-09-04,2025-12-12,100,47
Anthology Apartments,Dickinson,D107,1,2,2,,990,3/7/2026,,12,80%,1714,1.73,1571,1.59,2025-12-23,2026-02-04,44,0
Anthology Apartments,Dickinson,D305,3,2,2,,990,4/29/2024,,12,80%,1706,1.72,1664,1.68,2024-02-27,2024-05-29,93,31
Anthology Apartments,Dickinson,D305,3,2,2,,990,7/9/2025,,12,80%,1739,1.76,1594,1.61,2025-07-03,2025-07-15,13,7
Anthology Apartments,Dickinson,D416,4,2,2,,990,5/27/2024,,13,80%,1675,1.69,1675,1.69,2024-03-31,2024-04-05,6,0
Anthology Apartments,Dickinson,D416,4,2,2,,990,11/15/2024,,12,80%,1699,1.72,1657,1.67,2024-10-31,2025-01-05,67,52
Anthology Apartments,Dickinson,D416,4,2,2,,990,1/23/2026,,12,80%,1749,1.77,1603,1.62,2026-01-10,2026-01-23,14,1
Anthology Apartments,Dickinson,D214,2,2,2,,999,6/11/2024,,13,80%,1718,1.72,1680,1.68,2024-05-17,2024-06-18,33,8
Anthology Apartments,Dickinson,D214,2,2,2,,999,7/19/2025,,12,80%,1689,1.69,1548,1.55,2025-06-13,2025-06-29,17,0
Anthology Apartments,Dickinson,C204,2,2,2,,1044,7/30/2023,,,60%,1692,1.62,1692,1.62,,2023-07-27,,
Anthology Apartments,Dickinson,C204,2,2,2,,1044,2/5/2024,,13,60%,1629,1.56,1629,1.56,2024-01-05,2024-04-10,97,66
Anthology Apartments,Dickinson,C414,4,2,2,,1044,7/24/2024,,13,60%,1643,1.57,1605,1.54,2024-07-09,2024-10-20,104,89
Anthology Apartments,Dickinson,B103,1,2,2,,1044,8/9/2023,,,60%,1805,1.73,1805,1.73,,2023-06-24,,
Anthology Apartments,Dickinson,B103,1,2,2,,1044,7/27/2024,,13,60%,1652,1.58,1652,1.58,2024-06-17,2024-09-18,94,54
Anthology Apartments,Dickinson,A305,3,2,2,,1044,10/31/2024,,15,80%,1660,1.59,1643,1.57,2024-08-20,2024-12-12,115,43
Anthology Apartments,Dickinson,C406,4,2,2,,1044,8/14/2024,,13,80%,1671,1.6,1633,1.56,2024-02-13,2024-10-22,253,70
Anthology Apartments,Dickinson,B306,3,2,2,,1044,4/13/2024,,13,80%,1712,1.64,1712,1.64,2024-02-11,2024-07-22,163,101
Anthology Apartments,Dickinson,B306,3,2,2,,1044,9/6/2025,,7,80%,1674,1.6,1674,1.6,2025-07-03,2025-10-28,118,53
Anthology Apartments,Dickinson,B306,3,2,2,,1044,4/15/2026,,13,80%,1679,1.61,1550,1.48,2026-03-04,2026-06-11,100,58
Anthology Apartments,Dickinson,C303,3,2,2,,1044,5/7/2024,,13,80%,1660,1.59,1660,1.59,2024-02-24,2024-04-09,46,0
Anthology Apartments,Dickinson,C303,3,2,2,,1044,6/17/2026,,13,80%,1690,1.62,1560,1.49,2026-05-01,2026-06-22,53,6
Anthology Apartments,Dickinson,A205,2,2,2,,1044,6/28/2024,,13,80%,2019,1.93,1981,1.9,2024-06-11,2024-06-29,19,2
Anthology Apartments,Dickinson,A205,2,2,2,,1044,1/15/2025,,12,80%,1699,1.63,1674,1.6,2025-01-04,2025-02-12,40,29
Anthology Apartments,Dickinson,A205,2,2,2,,1044,5/30/2026,,12,80%,1699,1.63,1557,1.49,2026-04-03,2026-05-01,29,0
Anthology Apartments,Dickinson,C314,3,2,2,,1044,11/3/2023,,,80%,1654,1.58,1654,1.58,2023-10-01,2023-10-04,4,0
Anthology Apartments,Dickinson,C314,3,2,2,,1044,12/17/2024,,13,80%,1700,1.63,1681,1.61,2024-10-11,2024-11-21,42,0
Anthology Apartments,Dickinson,B104,1,2,2,,1044,5/13/2024,,13,80%,1685,1.61,1685,1.61,2024-04-06,2024-04-11,6,0
Anthology Apartments,Dickinson,B104,1,2,2,,1044,12/28/2024,,15,80%,1705,1.63,1672,1.6,2024-12-03,2025-01-21,50,25
Anthology Apartments,Dickinson,B206,2,2,2,,1044,11/6/2023,,,80%,1636,1.57,1636,1.57,2023-10-31,2024-01-02,64,58
Anthology Apartments,Dickinson,B206,2,2,2,,1044,7/6/2024,,12,80%,1717,1.64,1696,1.62,2024-05-02,2024-08-28,119,54
Anthology Apartments,Dickinson,B206,2,2,2,,1044,9/3/2026,,12,80%,1707,1.64,1565,1.5,2026-06-05,,39,0
Anthology Apartments,Dickinson,C206,2,2,2,,1044,9/25/2023,,,80%,1614,1.55,1614,1.55,2023-08-02,2023-10-05,65,11
Anthology Apartments,Dickinson,C206,2,2,2,,1044,7/31/2025,,12,80%,1701,1.63,1505,1.44,2025-07-03,2025-09-03,63,35
Anthology Apartments,Dickinson,C206,2,2,2,,1044,9/7/2026,,12,80%,1707,1.64,1565,1.5,2026-06-24,,20,0
Anthology Apartments,Dickinson,C417,4,2,2,,1044,3/7/2024,,,80%,1815,1.74,1815,1.74,2024-01-10,2024-01-23,14,0
Anthology Apartments,Dickinson,C417,4,2,2,,1044,3/15/2025,,15,80%,1716,1.64,1683,1.61,2025-01-05,2025-01-10,6,0
Anthology Apartments,Dickinson,C404,4,2,2,,1044,2/18/2025,,12,80%,1721,1.65,1679,1.61,2024-12-12,2025-03-26,105,37
Anthology Apartments,Dickinson,C404,4,2,2,,1044,5/20/2026,,,80%,1719,1.65,1576,1.51,2026-03-17,2026-05-21,66,2
Anthology Apartments,Dickinson,A214,2,2,2,,1044,7/29/2026,,13,80%,1720,1.65,1588,1.52,2026-06-03,2026-07-07,35,0
Anthology Apartments,Dickinson,B404,4,2,2,,1044,7/29/2023,,,80%,1816,1.74,1816,1.74,,2023-07-13,,
Anthology Apartments,Dickinson,B404,4,2,2,,1044,8/4/2024,,12,80%,1721,1.65,1679,1.61,2024-05-02,2024-05-29,28,0
Anthology Apartments,Dickinson,B217,2,2,2,,1044,7/29/2024,,13,80%,1736,1.66,1736,1.66,2024-05-11,2024-05-23,13,0
Anthology Apartments,Dickinson,B214,2,2,2,,1044,9/4/2023,,,80%,1737,1.66,1695,1.62,2023-07-09,2023-11-11,126,69
Anthology Apartments,Dickinson,A414,4,2,2,,1044,9/15/2023,,,80%,1587,1.52,1587,1.52,2023-09-13,2023-10-08,26,24
Anthology Apartments,Dickinson,A414,4,2,2,,1044,9/21/2024,,13,80%,1745,1.67,1707,1.64,2024-08-10,2024-10-22,74,32
Anthology Apartments,Dickinson,B414,4,2,2,,1044,6/8/2024,,13,80%,1751,1.68,1751,1.68,2024-04-16,2024-07-26,102,49
Anthology Apartments,Dickinson,C203,2,2,2,,1044,4/8/2024,,12,60%,1701,1.63,1659,1.59,2024-03-07,2024-05-29,84,52
Anthology Apartments,Dickinson,C203,2,2,2,,1044,8/16/2025,,12,60%,1549,1.48,1420,1.36,2025-06-13,2025-12-04,175,111
Anthology Apartments,Dickinson,C103,1,2,2,,1044,10/16/2024,,14,60%,1631,1.56,1610,1.54,2024-09-29,2025-01-26,120,103
Anthology Apartments,Dickinson,C103,1,2,2,,1044,10/30/2025,,12,60%,1574,1.51,1443,1.38,2025-10-03,2026-03-21,170,143
Anthology Apartments,Dickinson,C317,3,2,2,,1044,1/4/2024,,,60%,1684,1.61,1684,1.61,2023-11-02,2023-12-09,38,0
Anthology Apartments,Dickinson,C317,3,2,2,,1044,8/19/2025,,12,60%,1574,1.51,1392,1.33,2025-06-19,2025-09-24,98,37
Anthology Apartments,Dickinson,A404,4,2,2,,1044,5/10/2025,,12,60%,1671,1.6,1532,1.47,2025-03-08,2025-06-28,113,50
Anthology Apartments,Dickinson,A404,4,2,2,,1044,2/5/2026,,12,60%,1594,1.53,1461,1.4,2025-12-03,2026-03-19,107,43
Anthology Apartments,Dickinson,B403,4,2,2,,1044,8/5/2023,,,60%,1650,1.58,1650,1.58,,2023-07-09,,
Anthology Apartments,Dickinson,B403,4,2,2,,1044,8/11/2025,,12,60%,1594,1.53,1410,1.35,2025-06-03,2025-09-23,113,44
Anthology Apartments,Dickinson,B203,2,2,2,,1044,11/16/2023,,,60%,1626,1.56,1626,1.56,2023-10-05,2023-11-07,34,0
Anthology Apartments,Dickinson,B203,2,2,2,,1044,12/31/2025,,12,60%,1599,1.53,1466,1.4,2025-11-07,2026-02-25,111,57
Anthology Apartments,Dickinson,B106,1,2,2,,1044,11/11/2023,,,60%,1579,1.51,1579,1.51,2023-10-04,2023-10-09,6,0
Anthology Apartments,Dickinson,B106,1,2,2,,1044,7/23/2024,,12,60%,1784,1.71,1763,1.69,2024-07-13,2024-08-26,45,35
Anthology Apartments,Dickinson,B106,1,2,2,,1044,9/4/2025,,12,60%,1599,1.53,1466,1.4,2025-06-27,2026-01-25,213,144
Anthology Apartments,Dickinson,C306,3,2,2,,1044,11/10/2025,,12,60%,1599,1.53,1466,1.4,2025-09-06,2026-02-20,168,103
Anthology Apartments,Dickinson,C104,1,2,2,,1044,8/7/2023,,,80%,1709,1.64,1709,1.64,,2023-07-28,,
Anthology Apartments,Dickinson,C104,1,2,2,,1044,6/15/2024,,12,80%,1779,1.7,1779,1.7,2024-06-07,2024-07-04,28,20
Anthology Apartments,Dickinson,C104,1,2,2,,1044,8/23/2025,,7,80%,1674,1.6,1674,1.6,2025-06-17,2025-10-23,129,62
Anthology Apartments,Dickinson,B406,4,2,2,,1044,9/21/2025,,12,80%,1694,1.62,1498,1.43,2025-07-16,2025-09-23,70,3
Anthology Apartments,Dickinson,A405,4,2,2,,1044,9/25/2023,,,80%,1721,1.65,1721,1.65,2023-08-01,2023-08-02,2,0
Anthology Apartments,Dickinson,A405,4,2,2,,1044,3/23/2024,,13,80%,1680,1.61,1680,1.61,2024-03-16,2024-04-05,21,14
Anthology Apartments,Dickinson,A405,4,2,2,,1044,12/5/2024,,12,80%,1696,1.62,1654,1.58,2024-12-04,2025-03-19,106,105
Anthology Apartments,Dickinson,A314,3,2,2,,1044,9/26/2023,,,80%,1630,1.56,1630,1.56,2023-09-06,2023-11-04,60,40
Anthology Apartments,Dickinson,A314,3,2,2,,1044,12/15/2025,,7,80%,1699,1.63,1699,1.63,2025-11-05,2025-11-19,15,0
Anthology Apartments,Dickinson,A204,2,2,2,,1044,2/18/2026,,12,80%,1699,1.63,1557,1.49,2025-12-12,2026-01-04,24,0
Anthology Apartments,Dickinson,B314,3,2,2,,1044,1/10/2025,,12,80%,1684,1.61,1663,1.59,2024-10-30,2024-12-10,42,0
Anthology Apartments,Dickinson,B314,3,2,2,,1044,4/16/2026,,3,80%,1699,1.63,1699,1.63,2026-02-07,2026-04-03,56,0
Anthology Apartments,Dickinson,C106,1,2,2,,1044,5/15/2024,,,80%,1750,1.68,1750,1.68,2024-04-20,2024-05-06,17,0
Anthology Apartments,Dickinson,C106,1,2,2,,1044,6/30/2025,,12,80%,1701,1.63,1559,1.49,2025-05-30,2025-07-18,50,19
Anthology Apartments,Dickinson,B317,3,2,2,,1044,3/21/2025,,12,80%,1739,1.67,1594,1.53,2025-02-26,2025-03-09,12,0
Anthology Apartments,Dickinson,B204,2,2,2,,1044,6/5/2025,,12,80%,1801,1.73,1759,1.68,2025-04-02,2025-06-06,66,2
Anthology Apartments,Dickinson,B304,3,2,2,,1044,5/16/2025,,12,80%,1801,1.73,1759,1.68,2025-03-21,2025-04-10,21,0
Anthology Apartments,Dickinson,B312,3,2,2,,1047,2/9/2024,,,80%,1658,1.58,1658,1.58,2024-02-03,2024-05-06,94,88
Anthology Apartments,Dickinson,B212,2,2,2,,1047,7/29/2023,,,60%,1735,1.66,1735,1.66,2023-06-27,2023-08-27,62,30
Anthology Apartments,Dickinson,B212,2,2,2,,1047,10/5/2024,,13,60%,1725,1.65,1706,1.63,2024-07-23,2024-09-04,44,0
Anthology Apartments,Dickinson,B212,2,2,2,,1047,9/5/2025,,12,60%,1599,1.53,1466,1.4,2025-07-10,2026-02-18,224,167
Anthology Apartments,Dickinson,C312,3,2,2,,1047,9/27/2025,,12,80%,1674,1.6,1534,1.47,2025-08-28,2025-12-15,110,80
Anthology Apartments,Dickinson,B412,4,2,2,,1047,9/5/2025,,12,80%,1694,1.62,1553,1.48,2025-06-19,2025-11-27,162,84
Anthology Apartments,London,D108,1,2,2,,1065,11/12/2023,,,80%,2004,1.88,2004,1.88,2023-09-16,2024-01-10,117,60
Anthology Apartments,London,D108,1,2,2,,1065,2/28/2025,,12,80%,1660,1.56,1618,1.52,2025-01-04,2025-04-29,116,61
Anthology Apartments,London,D108,1,2,2,,1065,7/2/2026,,13,80%,1790,1.68,1652,1.55,2026-05-23,2026-07-07,46,6
Anthology Apartments,London,D308,3,2,2,,1075,11/16/2024,,12,60%,1626,1.51,1601,1.49,2024-09-10,2025-01-22,135,68
Anthology Apartments,London,D208,2,2,2,,1075,5/24/2025,,12,80%,1745,1.62,1600,1.49,2025-05-16,2025-07-15,61,53
Anthology Apartments,London,D208,2,2,2,,1075,7/29/2026,,13,80%,1842,1.71,1700,1.58,2026-06-02,,42,0
Anthology Apartments,London,D408,4,2,2,,1075,11/7/2023,,13,80%,1804,1.68,1804,1.68,,2024-03-07,,
Anthology Apartments,London,D408,4,2,2,,1075,4/15/2025,,12,80%,1795,1.67,1753,1.63,2025-02-12,2025-05-15,93,31
Anthology Apartments,London,B111,1,2,2,,1125,6/30/2026,,13,80%,1790,1.59,1652,1.47,2026-04-17,2026-06-30,75,1
Anthology Apartments,London,C111,1,2,2,,1125,4/7/2026,,,80%,1724,1.53,1724,1.53,2026-03-02,2026-04-12,42,6
Anthology Apartments,London,A102,1,2,2,,1126,7/12/2023,,,60%,1692,1.5,1692,1.5,,2023-07-10,,
Anthology Apartments,London,A102,1,2,2,,1126,10/3/2024,,13,60%,1889,1.68,1870,1.66,2024-07-30,2024-10-10,73,8
Anthology Apartments,London,A102,1,2,2,,1126,12/7/2025,,6,60%,1574,1.4,1574,1.4,2025-09-17,2026-04-11,207,126
Anthology Apartments,London,A101,1,2,2,,1126,7/14/2025,,12,80%,1750,1.55,1604,1.42,2025-05-06,2025-07-15,71,2
Anthology Apartments,London,B101,1,2,2,,1127,8/20/2026,,13,80%,1682,1.49,1553,1.38,2026-06-18,,26,0
Anthology Apartments,Plath,A311,3,2,2,,1130,8/20/2023,,,80%,1777,1.57,1735,1.54,2023-06-22,2023-12-24,186,127
Anthology Apartments,Plath,A311,3,2,2,,1130,4/15/2026,,13,80%,1764,1.56,1628,1.44,2025-11-06,2026-06-04,211,51
Anthology Apartments,Plath,A211,2,2,2,,1130,1/22/2025,,12,80%,1790,1.58,1641,1.45,2025-01-10,2025-03-12,62,50
Anthology Apartments,Plath,A211,2,2,2,,1130,10/27/2025,,12,80%,1765,1.56,1618,1.43,2025-08-27,2025-10-22,57,0
Anthology Apartments,Plath,A411,4,2,2,,1130,2/22/2024,,12,80%,1758,1.56,1758,1.56,2023-12-13,2024-03-13,92,21
Anthology Apartments,Plath,A411,4,2,2,,1130,5/22/2025,,12,80%,1785,1.58,1743,1.54,2025-03-12,2025-04-04,24,0
Anthology Apartments,London,A302,3,2,2,,1132,6/14/2026,,13,80%,1810,1.6,1671,1.48,2026-06-02,2026-06-22,21,9
Anthology Apartments,London,A202,2,2,2,,1132,9/25/2023,,,80%,1709,1.51,1709,1.51,2023-08-05,2023-10-05,62,11
Anthology Apartments,London,A202,2,2,2,,1132,8/5/2025,,12,80%,1835,1.62,1682,1.49,2025-06-03,2025-06-24,22,0
Anthology Apartments,London,A202,2,2,2,,1132,Now,,13,80%,1827,1.61,1686,1.49,2026-05-19,,56,56
Anthology Apartments,London,A402,4,2,2,,1132,2/24/2025,,12,80%,1805,1.59,1655,1.46,2024-12-24,2025-03-08,75,13
Anthology Apartments,London,A402,4,2,2,,1132,7/24/2025,,12,80%,1805,1.59,1655,1.46,2025-06-19,2025-07-17,29,0
Anthology Apartments,London,C201,2,2,2,,1135,6/4/2025,,12,80%,1685,1.48,1545,1.36,2025-04-02,2025-07-14,104,41
Anthology Apartments,London,C201,2,2,2,,1135,8/13/2026,,12,80%,1810,1.59,1659,1.46,2026-06-13,2026-06-24,12,0
Anthology Apartments,London,C301,3,2,2,,1135,Now,,13,80%,1827,1.61,1686,1.49,2026-04-19,,86,51
Anthology Apartments,London,C401,4,2,2,,1135,7/6/2023,,,80%,1790,1.58,1790,1.58,,2023-08-01,,
Anthology Apartments,London,C401,4,2,2,,1135,7/14/2024,,13,80%,1839,1.62,1801,1.59,2024-05-11,2024-06-22,43,0
Anthology Apartments,London,B201,2,2,2,,1135,6/9/2025,,12,80%,1735,1.53,1590,1.4,2025-05-30,2025-07-27,59,49
Anthology Apartments,London,B301,3,2,2,,1135,9/1/2025,,7,80%,1760,1.55,1760,1.55,2025-06-26,2025-10-31,128,61
Anthology Apartments,London,B401,4,2,2,,1135,4/6/2025,,12,80%,1805,1.59,1763,1.55,2025-02-12,2025-05-22,100,47
Anthology Apartments,London,B311,3,2,2,,1136,7/24/2023,,,80%,1764,1.55,1764,1.55,2023-07-20,2023-08-04,16,12
Anthology Apartments,London,C311,3,2,2,,1136,3/14/2024,,,80%,1882,1.66,1882,1.66,2024-01-23,2024-02-10,19,0
Anthology Apartments,London,C311,3,2,2,,1136,1/23/2025,,12,80%,1785,1.57,1743,1.53,2025-01-10,2025-03-21,71,58
Anthology Apartments,London,C311,3,2,2,,1136,4/15/2026,,13,80%,1799,1.58,1661,1.46,2026-01-28,2026-06-10,134,57
Anthology Apartments,London,A210,2,2,2,,1136,8/7/2023,,,80%,1672,1.47,1672,1.47,,2023-08-03,,
Anthology Apartments,London,A210,2,2,2,,1136,Now,,13,80%,1827,1.61,1686,1.48,2026-03-02,,134,74
Anthology Apartments,London,A310,3,2,2,,1136,9/15/2024,,13,80%,1847,1.63,1847,1.63,2024-07-15,2024-09-25,73,11
Anthology Apartments,London,B411,4,2,2,,1136,8/15/2023,,,80%,1877,1.65,1877,1.65,2023-07-07,2023-08-15,40,1
Anthology Apartments,London,B411,4,2,2,,1136,9/25/2024,,13,80%,1913,1.68,1913,1.68,2024-07-15,2024-07-16,2,0
Anthology Apartments,London,B411,4,2,2,,1136,10/31/2025,,12,80%,1685,1.48,1545,1.36,2025-08-20,2026-03-04,197,125
Anthology Apartments,London,C211,2,2,2,,1136,3/6/2025,,12,80%,1710,1.51,1568,1.38,2025-01-31,2026-01-29,364,330
Anthology Apartments,London,A410,4,2,2,,1136,4/4/2024,,13,80%,1839,1.62,1839,1.62,2024-02-11,2024-07-06,147,94
Anthology Apartments,London,A410,4,2,2,,1136,7/26/2025,,12,80%,1730,1.52,1530,1.35,2025-06-21,2025-09-26,98,63
Anthology Apartments,London,B211,2,2,2,,1136,3/15/2024,,,80%,1878,1.65,1878,1.65,2024-01-10,2024-01-28,19,0
Anthology Apartments,London,B211,2,2,2,,1136,8/27/2025,,12,80%,1785,1.57,1636,1.44,2025-07-03,2025-10-21,111,56
Anthology Apartments,London,C411,4,2,2,,1136,7/1/2025,,12,80%,1855,1.63,1813,1.6,2025-04-25,2025-05-07,13,0
Anthology Apartments,London,A401,4,2,2,,1137,7/30/2024,,13,80%,1786,1.57,1748,1.54,2024-05-23,2024-05-29,7,0
Anthology Apartments,London,B202,2,2,2,,1137,5/26/2024,,13,80%,1730,1.52,1730,1.52,2024-04-12,2024-04-15,4,0
Anthology Apartments,London,B202,2,2,2,,1137,4/15/2026,,13,80%,1799,1.58,1661,1.46,2026-03-13,2026-06-11,91,58
Anthology Apartments,London,A301,3,2,2,,1137,4/28/2024,,13,80%,1766,1.55,1728,1.52,2024-04-10,2024-05-29,50,32
Anthology Apartments,London,A301,3,2,2,,1137,7/1/2026,,13,80%,1810,1.59,1671,1.47,2026-05-05,2026-06-20,47,0
Anthology Apartments,London,B302,3,2,2,,1137,11/4/2023,,,80%,1959,1.72,1917,1.69,2023-10-21,2023-11-17,28,14
Anthology Apartments,London,B302,3,2,2,,1137,2/28/2025,,12,80%,1685,1.48,1643,1.45,2024-12-08,2025-05-21,165,83
Anthology Apartments,London,B302,3,2,2,,1137,5/27/2026,,12,80%,1819,1.6,1819,1.6,2026-03-16,2026-04-23,39,0
Anthology Apartments,London,C202,2,2,2,,1137,1/8/2024,,12,80%,1701,1.5,1659,1.46,2024-01-03,2024-05-24,143,138
Anthology Apartments,London,C202,2,2,2,,1137,Now,,13,80%,1827,1.61,1686,1.48,2026-03-02,,134,81
Anthology Apartments,London,A201,2,2,2,,1137,7/4/2023,,,80%,1704,1.5,1704,1.5,2023-06-30,2023-10-04,97,93
Anthology Apartments,London,A201,2,2,2,,1137,11/27/2025,,12,80%,1685,1.48,1545,1.36,2025-09-24,2026-02-28,158,94
Anthology Apartments,London,B402,4,2,2,,1137,11/27/2023,,,80%,1720,1.51,1720,1.51,2023-09-22,2023-09-27,6,0
Anthology Apartments,London,B402,4,2,2,,1137,10/3/2025,,7,80%,1830,1.61,1830,1.61,2025-08-06,2025-11-19,106,48
Anthology Apartments,Hemingway,D109,1,2,2,,1156,4/15/2026,,12,80%,1834,1.59,1681,1.45,2026-02-28,2026-05-13,75,29
Anthology Apartments,Hemingway,D309,3,2,2,,1156,12/1/2023,,,80%,2019,1.75,2019,1.75,2023-09-28,2023-10-30,33,0
Anthology Apartments,Hemingway,D209,2,2,2,,1156,4/21/2024,,,80%,1833,1.59,1812,1.57,2024-04-16,2024-09-15,153,148
Anthology Apartments,Hemingway,D209,2,2,2,,1156,8/27/2025,,12,80%,1660,1.44,1522,1.32,2025-06-23,2026-01-17,209,144
Anthology Apartments,Twain,D301,3,3,2,,1130,3/31/2024,,13,80%,2056,1.82,2056,1.82,2024-01-28,2024-03-07,40,0
Anthology Apartments,Twain,D301,3,3,2,,1130,4/15/2026,,12,80%,2069,1.83,1897,1.68,2025-08-27,2026-07-07,315,84
Anthology Apartments,Twain,D201,2,3,2,,1130,12/17/2025,,12,80%,2069,1.83,1897,1.68,2025-10-17,2026-01-16,92,31
Anthology Apartments,Twain,D401,4,3,2,,1130,1/5/2024,,,80%,2147,1.9,2147,1.9,2023-10-26,2024-01-06,73,2
Anthology Apartments,Twain,D401,4,3,2,,1130,6/18/2024,,12,80%,2065,1.83,2065,1.83,2024-06-12,2024-07-03,22,16
Anthology Apartments,Twain,D401,4,3,2,,1130,9/27/2025,,12,80%,2179,1.93,1997,1.77,2025-07-22,2025-08-06,16,0
Anthology Apartments,Twain,B110,1,3,2,,1185,5/5/2025,,12,80%,1969,1.66,1927,1.63,2025-03-01,2025-06-13,105,40
Anthology Apartments,Twain,B110,1,3,2,,1185,Now,,12,80%,2094,1.77,1920,1.62,2026-05-06,,69,31
Anthology Apartments,Twain,C110,1,3,2,,1185,9/27/2024,,12,80%,1969,1.66,1948,1.64,2024-09-21,2024-09-27,7,1
Anthology Apartments,Twain,C110,1,3,2,,1185,4/7/2026,,6,80%,2094,1.77,2094,1.77,2026-03-02,2026-04-09,39,3
Anthology Apartments,Twain,A209,2,3,2,,1195,6/10/2026,,6,80%,2069,1.73,2069,1.73,2026-04-10,2026-04-14,5,0
Anthology Apartments,Twain,A309,3,3,2,,1195,4/6/2024,,6,80%,2372,1.98,2372,1.98,2024-02-03,2024-04-14,72,9
Anthology Apartments,Twain,A309,3,3,2,,1195,6/17/2025,,12,80%,2069,1.73,2027,1.7,2025-04-02,2025-05-02,31,0
Anthology Apartments,Twain,A409,4,3,2,,1195,2/7/2025,,12,80%,1964,1.64,1922,1.61,2024-11-19,2025-04-26,159,79
Anthology Apartments,Twain,A409,4,3,2,,1195,5/4/2026,,12,80%,2089,1.75,1915,1.6,2026-02-24,2026-03-21,26,0
Anthology Apartments,Twain,C410,4,3,2,,1196,8/6/2023,,,80%,2050,1.71,2050,1.71,,2023-07-17,,
Anthology Apartments,Twain,C410,4,3,2,,1196,8/14/2024,,,80%,1982,1.66,1982,1.66,2024-05-29,2024-07-12,45,0
Anthology Apartments,Twain,B310,3,3,2,,1196,8/22/2023,,,80%,2050,1.71,2008,1.68,2023-07-13,2023-11-11,122,82
Anthology Apartments,Twain,B310,3,3,2,,1196,8/21/2024,,12,80%,3170,2.65,3149,2.63,2024-07-26,2024-08-24,30,4
Anthology Apartments,Twain,B310,3,3,2,,1196,6/5/2026,,13,80%,2088,1.75,1927,1.61,2026-04-07,2026-05-07,31,0
Anthology Apartments,Twain,B210,2,3,2,,1196,6/22/2024,,13,80%,2159,1.81,2159,1.81,2024-04-10,2024-04-12,3,0
Anthology Apartments,Twain,C310,3,3,2,,1196,9/9/2024,,13,80%,2051,1.71,2032,1.7,2024-07-03,2024-08-09,38,0
Anthology Apartments,Twain,C310,3,3,2,,1196,9/21/2025,,12,80%,1919,1.6,1759,1.47,2025-07-23,2025-12-19,150,90
Anthology Apartments,Twain,C210,2,3,2,,1196,11/24/2024,,,80%,1989,1.66,1968,1.65,2024-09-04,2024-10-29,56,0
Anthology Apartments,Twain,C210,2,3,2,,1196,12/6/2025,,7,80%,1919,1.6,1919,1.6,2025-10-08,2026-03-25,169,110
Anthology Apartments,Twain,B410,4,3,2,,1196,10/4/2023,,,80%,1883,1.57,1883,1.57,2023-09-16,2024-01-03,110,92
Anthology Apartments,Twain,B410,4,3,2,,1196,1/7/2025,,12,80%,1996,1.67,1971,1.65,2024-10-12,2025-02-16,128,41
Adagio Apartments,Juniper,10207,2,1,1,,767,2/24/2024,300,,60%,1300,1.69,1300,1.69,2024-02-23,2024-05-03,71,70
Adagio Apartments,Juniper,10207,2,1,1,,767,6/10/2025,300,12,60%,1315,1.71,1315,1.71,2025-04-24,2025-04-29,6,0
Adagio Apartments,Juniper,10207,2,1,1,,767,7/8/2026,300,12,60%,1259,1.64,1259,1.64,2026-05-27,2026-07-09,44,2
Adagio Apartments,Juniper,28106,1,1,1,,767,3/13/2024,300,,60%,1280,1.67,1280,1.67,2024-03-13,2024-03-19,7,7
Adagio Apartments,Juniper,28106,1,1,1,,767,10/14/2024,300,12,60%,1295,1.69,1253,1.63,2024-10-04,2024-12-17,75,65
Adagio Apartments,Juniper,28106,1,1,1,,767,7/18/2026,300,12,60%,1264,1.65,1264,1.65,2026-07-02,2026-07-08,7,0
Adagio Apartments,Juniper,11107,1,1,1,,767,Now,300,12,60%,1269,1.65,1269,1.65,2026-05-21,,54,4
Adagio Apartments,Juniper,07102,1,1,1,,767,10/25/2025,300,12,60%,1295,1.69,1195,1.56,2025-10-15,2025-12-24,71,61
Adagio Apartments,Juniper,07102,1,1,1,,767,5/14/2026,300,12,60%,1279,1.67,1279,1.67,2026-04-22,2026-05-31,40,18
Adagio Apartments,Juniper,28102,1,1,1,,767,7/10/2026,300,12,60%,1289,1.68,1289,1.68,2026-05-23,2026-06-27,36,0
Adagio Apartments,Juniper,26102,1,1,1,,767,10/8/2025,300,12,60%,1295,1.69,1295,1.69,2025-09-30,2025-11-25,57,49
Adagio Apartments,Juniper,26107,1,1,1,,767,7/19/2024,300,12,60%,1360,1.77,1360,1.77,2024-06-27,2024-07-09,13,0
Adagio Apartments,Juniper,26107,1,1,1,,767,10/27/2024,300,12,60%,1295,1.69,1253,1.63,2024-10-15,2025-01-14,92,80
Adagio Apartments,Juniper,01103,1,1,1,,767,11/13/2024,300,12,60%,1295,1.69,1253,1.63,2024-10-09,2025-02-01,116,81
Adagio Apartments,Juniper,05102,1,1,1,,767,11/16/2024,300,12,60%,1295,1.69,1253,1.63,2024-10-25,2025-01-15,83,61
Adagio Apartments,Juniper,05102,1,1,1,,767,4/30/2025,300,12,60%,1295,1.69,1295,1.69,2025-04-16,2025-04-18,3,0
Adagio Apartments,Juniper,07103,1,1,1,,767,3/12/2026,300,12,60%,1295,1.69,1187,1.55,2026-01-25,2026-03-25,60,14
Adagio Apartments,Juniper,23103,1,1,1,,767,6/20/2025,300,12,60%,1295,1.69,1187,1.55,2025-05-10,2025-05-13,4,0
Adagio Apartments,Juniper,29106,1,1,1,,767,3/10/2025,300,12,60%,1295,1.69,1295,1.69,2025-01-27,2025-03-16,49,7
Adagio Apartments,Juniper,29106,1,1,1,,767,4/13/2026,300,12,60%,1295,1.69,1187,1.55,2026-03-01,2026-03-08,8,0
Adagio Apartments,Juniper,26103,1,1,1,,767,12/13/2024,300,12,60%,1295,1.69,1253,1.63,2024-11-20,2024-12-12,23,0
Adagio Apartments,Juniper,26103,1,1,1,,767,12/10/2025,300,12,60%,1295,1.69,1195,1.56,2025-11-16,2025-12-18,33,9
Adagio Apartments,Juniper,13102,1,1,1,,767,3/17/2025,300,12,60%,1295,1.69,1253,1.63,2025-03-12,2025-03-26,15,10
Adagio Apartments,Juniper,13207,2,1,1,,767,8/16/2024,300,12,60%,1380,1.8,1380,1.8,2024-07-01,2024-07-02,2,0
Adagio Apartments,Juniper,13207,2,1,1,,767,9/10/2025,300,12,60%,1360,1.77,1360,1.77,2025-08-02,2025-09-03,33,0
Adagio Apartments,Juniper,13207,2,1,1,,767,6/10/2026,300,12,60%,1299,1.69,1299,1.69,2026-05-01,2026-06-02,33,0
Adagio Apartments,Juniper,14206,2,1,1,,767,1/1/2025,300,12,60%,1315,1.71,1273,1.66,2024-12-01,2025-02-02,64,33
Adagio Apartments,Juniper,14206,2,1,1,,767,6/6/2026,300,12,60%,1299,1.69,1299,1.69,2026-04-29,2026-06-10,43,5
Adagio Apartments,Juniper,10206,2,1,1,,767,3/19/2024,300,,60%,1340,1.75,1340,1.75,2024-03-19,2024-04-20,33,33
Adagio Apartments,Juniper,10206,2,1,1,,767,7/10/2026,300,12,60%,1299,1.69,1299,1.69,2026-05-30,2026-06-10,12,0
Adagio Apartments,Juniper,13206,2,1,1,,767,3/24/2024,300,,60%,1300,1.69,1300,1.69,2024-03-24,2024-04-29,37,37
Adagio Apartments,Juniper,28103,1,1,1,,767,6/17/2025,300,12,60%,1390,1.81,1390,1.81,2025-05-09,2025-06-20,43,4
Adagio Apartments,Juniper,28103,1,1,1,,767,8/10/2026,300,12,60%,1314,1.71,1314,1.71,2026-07-07,2026-07-10,4,0
Adagio Apartments,Juniper,24202,2,1,1,,767,12/29/2025,300,12,60%,1315,1.71,1214,1.58,2025-11-20,2025-12-06,17,0
Adagio Apartments,Juniper,03207,2,1,1,,767,12/11/2024,300,12,60%,1315,1.71,1315,1.71,2024-10-18,2025-01-05,80,26
Adagio Apartments,Juniper,03207,2,1,1,,767,11/21/2025,300,12,60%,1315,1.71,1315,1.71,2025-11-12,2025-11-27,16,7
Adagio Apartments,Juniper,24107,1,1,1,,767,1/20/2025,300,12,60%,1315,1.71,1273,1.66,2025-01-03,2025-01-13,11,0
Adagio Apartments,Juniper,24107,1,1,1,,767,6/9/2025,300,12,60%,1315,1.71,1315,1.71,2025-04-18,2025-04-19,2,0
Adagio Apartments,Juniper,07203,2,1,1,,767,7/7/2025,300,12,60%,1335,1.74,1335,1.74,2025-06-19,2025-07-03,15,0
Adagio Apartments,Juniper,07203,2,1,1,,767,12/3/2025,300,12,60%,1315,1.71,1214,1.58,2025-11-27,2025-12-04,8,2
Adagio Apartments,Juniper,07107,1,1,1,,767,8/23/2024,300,12,60%,1360,1.77,1360,1.77,2024-08-13,2024-08-15,3,0
Adagio Apartments,Juniper,07107,1,1,1,,767,9/10/2025,300,12,60%,1315,1.71,1273,1.66,2025-07-03,2025-07-24,22,0
Adagio Apartments,Juniper,03107,1,1,1,,767,7/13/2025,300,12,60%,1315,1.71,1315,1.71,2025-05-21,2025-06-08,19,0
Adagio Apartments,Juniper,24102,1,1,1,,767,6/10/2025,300,12,60%,1315,1.71,1315,1.71,2025-04-26,2025-05-30,35,0
Adagio Apartments,Juniper,01207,2,1,1,,767,10/31/2025,300,12,60%,1360,1.77,1360,1.77,2025-10-01,2025-11-08,39,9
Adagio Apartments,Juniper,01207,2,1,1,,767,5/7/2026,300,12,60%,1315,1.71,1315,1.71,2026-03-28,2026-04-02,6,0
Adagio Apartments,Juniper,22103,1,1,1,,767,7/17/2025,300,12,60%,1315,1.71,1315,1.71,2025-07-03,2025-07-04,2,0
Adagio Apartments,Juniper,22106,1,1,1,,767,3/10/2026,300,12,60%,1315,1.71,1205,1.57,2026-01-30,2026-02-27,29,0
Adagio Apartments,Juniper,03202,2,1,1,,767,1/10/2026,300,12,60%,1315,1.71,1214,1.58,2025-12-05,2026-01-16,43,7
Adagio Apartments,Juniper,27206,2,1,1,,767,1/10/2025,300,12,60%,1315,1.71,1273,1.66,2024-12-04,2024-12-11,8,0
Adagio Apartments,Juniper,27206,2,1,1,,767,1/11/2026,300,12,60%,1315,1.71,1315,1.71,2025-12-04,2026-01-03,31,0
Adagio Apartments,Juniper,06206,2,1,1,,767,12/31/2024,300,12,60%,1315,1.71,1273,1.66,2024-12-14,2025-02-12,61,44
Adagio Apartments,Juniper,14203,2,1,1,,767,12/10/2024,300,12,60%,1315,1.71,1273,1.66,2024-11-07,2025-02-20,106,73
Adagio Apartments,Juniper,29206,2,1,1,,767,12/5/2024,300,12,60%,1315,1.71,1315,1.71,2024-10-26,2025-03-06,132,92
Adagio Apartments,Juniper,23106,1,1,1,,767,12/9/2025,300,12,60%,1315,1.71,1214,1.58,2025-11-08,2025-12-13,36,5
Adagio Apartments,Juniper,23-23102,1,1,1,,767,12/18/2023,300,,60%,1320,1.72,1320,1.72,2023-11-17,2023-12-09,23,0
Adagio Apartments,Juniper,1-01103,1,1,1,,767,11/10/2023,300,,60%,1320,1.72,1320,1.72,2023-10-09,2023-10-20,12,0
Adagio Apartments,Juniper,7-07102,1,1,1,,767,10/20/2023,,,60%,1320,1.72,1320,1.72,2023-09-29,2023-09-30,2,0
Adagio Apartments,Juniper,1-01107,1,1,1,,767,12/10/2023,300,,60%,1320,1.72,1320,1.72,2023-11-09,2023-12-01,23,0
Adagio Apartments,Juniper,28-28102,1,1,1,,767,8/4/2023,300,,60%,1320,1.72,1320,1.72,2023-07-20,2023-07-21,2,0
Adagio Apartments,Juniper,23-23103,1,1,1,,767,7/16/2023,300,,60%,1320,1.72,1320,1.72,2023-07-16,2023-07-18,3,3
Adagio Apartments,Juniper,14-14103,,1,1,,767,7/24/2023,300,,60%,1320,1.72,1320,1.72,2023-06-28,2023-07-03,6,0
Adagio Apartments,Juniper,13202,2,1,1,,767,3/10/2025,300,12,60%,1315,1.71,1273,1.66,2025-01-25,2025-03-08,43,0
Adagio Apartments,Juniper,13202,2,1,1,,767,5/10/2026,300,12,60%,1325,1.73,1215,1.58,2026-04-02,2026-04-17,16,0
Adagio Apartments,Juniper,18103,1,1,1,,767,11/16/2024,300,12,60%,1325,1.73,1283,1.67,2024-11-02,2024-12-21,50,36
Adagio Apartments,Juniper,29103,1,1,1,,767,12/6/2024,300,12,60%,1325,1.73,1283,1.67,2024-11-19,2025-01-17,60,43
Adagio Apartments,Juniper,10-10107,1,1,1,,767,11/29/2023,300,,60%,1330,1.73,1330,1.73,2023-11-04,2023-12-17,44,19
Adagio Apartments,Juniper,28-28106,1,1,1,,767,3/8/2024,300,,60%,1330,1.73,1330,1.73,2024-02-06,2024-02-10,5,0
Adagio Apartments,Juniper,23107,1,1,1,,767,6/25/2025,300,12,60%,1330,1.73,1330,1.73,2025-05-10,2025-05-19,10,0
Adagio Apartments,Juniper,10202,2,1,1,,767,9/27/2024,300,12,60%,1465,1.91,1465,1.91,2024-09-01,2024-09-03,3,0
Adagio Apartments,Juniper,10202,2,1,1,,767,8/10/2026,300,12,60%,1334,1.74,1334,1.74,2026-06-04,,40,0
Adagio Apartments,Juniper,29202,2,1,1,,767,2/22/2024,300,,60%,1375,1.79,1375,1.79,2024-02-23,2024-04-26,64,64
Adagio Apartments,Juniper,29202,2,1,1,,767,6/10/2025,300,12,60%,1410,1.84,1410,1.84,2025-05-19,2025-06-04,17,0
Adagio Apartments,Juniper,29202,2,1,1,,767,7/10/2026,300,12,60%,1334,1.74,1334,1.74,2026-05-15,2026-07-11,58,2
Adagio Apartments,Juniper,28207,2,1,1,,767,3/8/2024,300,,60%,1375,1.79,1375,1.79,2024-03-08,2024-03-24,17,17
Adagio Apartments,Juniper,28207,2,1,1,,767,6/9/2025,300,12,60%,1390,1.81,1274,1.66,2025-05-01,2025-05-09,9,0
Adagio Apartments,Juniper,28207,2,1,1,,767,8/1/2026,300,12,60%,1334,1.74,1334,1.74,2026-06-20,,24,0
Adagio Apartments,Juniper,22206,2,1,1,,767,3/14/2026,300,12,60%,1335,1.74,1224,1.6,2026-03-05,2026-03-07,3,0
Adagio Apartments,Juniper,22207,2,1,1,,767,2/10/2026,300,12,60%,1335,1.74,1232,1.61,2026-01-06,2026-01-30,25,0
Adagio Apartments,Juniper,23102,1,1,1,,767,10/11/2025,300,12,60%,1340,1.75,1237,1.61,2025-10-01,2025-10-12,12,2
Adagio Apartments,Juniper,27-27206,2,1,1,,767,1/12/2024,300,,60%,1340,1.75,1340,1.75,2023-12-11,2023-12-13,3,0
Adagio Apartments,Juniper,10107,1,1,1,,767,9/10/2025,300,12,60%,1340,1.75,1290,1.68,2025-08-02,2025-08-21,20,0
Adagio Apartments,Juniper,3-03202,3,1,1,,767,12/7/2023,300,,60%,1340,1.75,1340,1.75,2023-11-06,2023-12-06,31,0
Adagio Apartments,Juniper,1-01202,,1,1,,767,10/13/2023,300,,60%,1340,1.75,1340,1.75,2023-09-11,2023-09-18,8,0
Adagio Apartments,Juniper,7-07206,2,1,1,,767,10/10/2023,300,,60%,1340,1.75,1340,1.75,2023-09-09,2023-09-26,18,0
Adagio Apartments,Juniper,01203,2,1,1,,767,4/2/2024,300,,60%,1340,1.75,1340,1.75,2024-04-02,2024-05-03,32,32
Adagio Apartments,Juniper,03102,1,1,1,,767,8/11/2026,300,12,60%,1344,1.75,1344,1.75,2026-06-30,2026-07-09,10,0
Adagio Apartments,Juniper,18102,1,1,1,,767,2/10/2025,300,12,60%,1400,1.83,1358,1.77,2024-12-29,2025-01-10,13,0
Adagio Apartments,Juniper,18102,1,1,1,,767,Now,300,12,60%,1344,1.75,1344,1.75,2026-06-09,,35,14
Adagio Apartments,Juniper,18203,2,1,1,,767,5/10/2024,300,,60%,1350,1.76,1350,1.76,2024-04-20,2024-05-25,36,16
Adagio Apartments,Juniper,18203,2,1,1,,767,6/10/2025,300,12,60%,1345,1.75,1345,1.75,2025-04-26,2025-04-29,4,0
Adagio Apartments,Juniper,13-13202,,1,1,,767,1/25/2024,300,,60%,1350,1.76,1350,1.76,2024-01-03,2024-02-03,32,10
Adagio Apartments,Juniper,29-29103,1,1,1,,767,10/20/2023,300,,60%,1350,1.76,1350,1.76,2023-09-18,2023-11-29,73,41
Adagio Apartments,Juniper,18-18206,2,1,1,,767,2/10/2024,300,,60%,1350,1.76,1350,1.76,2024-01-10,2024-02-23,45,14
Adagio Apartments,Juniper,23-23202,2,1,1,,767,2/15/2024,300,,60%,1350,1.76,1350,1.76,2024-01-25,2024-02-05,12,0
Adagio Apartments,Juniper,10-10207,2,1,1,,767,2/24/2024,300,,60%,1350,1.76,1350,1.76,2024-02-16,2024-02-23,8,0
Adagio Apartments,Juniper,06103,1,1,1,,767,6/10/2026,300,12,60%,1355,1.77,1326,1.73,2026-04-19,2026-05-11,23,0
Adagio Apartments,Juniper,28107,1,1,1,,767,7/5/2024,300,12,60%,1360,1.77,1360,1.77,2024-06-05,2024-08-02,59,29
Adagio Apartments,Juniper,28107,1,1,1,,767,9/10/2025,300,12,60%,1340,1.75,1340,1.75,2025-07-31,2025-09-03,35,0
Adagio Apartments,Juniper,28107,1,1,1,,767,5/8/2026,300,12,60%,1355,1.77,1355,1.77,2026-01-07,2026-05-01,115,0
Adagio Apartments,Juniper,01206,2,1,1,,767,10/2/2025,300,12,60%,1360,1.77,1255,1.64,2025-08-25,2025-10-29,66,28
Adagio Apartments,Juniper,23202,2,1,1,,767,9/10/2025,300,12,60%,1360,1.77,1277,1.66,2025-08-02,2025-09-17,47,8
Adagio Apartments,Juniper,14102,1,1,1,,767,9/11/2024,300,12,60%,1360,1.77,1360,1.77,2024-07-26,2024-08-02,8,0
Adagio Apartments,Juniper,18206,2,1,1,,767,2/22/2024,300,,60%,1300,1.69,1300,1.69,2024-02-23,2024-04-02,40,40
Adagio Apartments,Juniper,18206,2,1,1,,767,11/6/2024,300,12,60%,1390,1.81,1390,1.81,2024-10-03,2024-10-09,7,0
Adagio Apartments,Juniper,18206,2,1,1,,767,10/24/2025,300,12,60%,1360,1.77,1360,1.77,2025-09-05,2025-11-11,68,19
Adagio Apartments,Juniper,10103,1,1,1,,767,4/19/2024,300,,60%,1280,1.67,1280,1.67,2024-04-05,2024-04-16,12,0
Adagio Apartments,Juniper,10103,1,1,1,,767,10/26/2024,300,12,60%,1370,1.79,1370,1.79,2024-10-15,2024-11-05,22,11
Adagio Apartments,Juniper,06107,1,1,1,,767,6/10/2024,300,,60%,1375,1.79,1375,1.79,2024-05-16,2024-05-17,2,0
Adagio Apartments,Juniper,06107,1,1,1,,767,6/10/2025,300,12,60%,1390,1.81,1390,1.81,2025-05-01,2025-06-04,35,0
Adagio Apartments,Juniper,06107,1,1,1,,767,12/11/2025,300,12,60%,1370,1.79,1256,1.64,2025-12-03,2026-02-14,74,66
Adagio Apartments,Juniper,22102,1,1,1,,767,1/31/2026,300,12,60%,1370,1.79,1265,1.65,2026-01-09,2026-02-04,27,5
Adagio Apartments,Juniper,27106,1,1,1,,767,5/10/2025,300,12,60%,1370,1.79,1256,1.64,2025-03-25,2025-05-11,48,2
Adagio Apartments,Juniper,26106,1,1,1,,767,5/10/2025,300,12,60%,1370,1.79,1370,1.79,2025-04-02,2025-04-17,16,0
Adagio Apartments,Juniper,10102,1,1,1,,767,4/7/2025,300,12,60%,1370,1.79,1370,1.79,2025-02-28,2025-03-22,23,0
Adagio Apartments,Juniper,29102,1,1,1,,767,12/9/2024,300,12,60%,1370,1.79,1328,1.73,2024-11-07,2025-02-02,88,56
Adagio Apartments,Juniper,14106,1,1,1,,767,12/10/2024,300,12,60%,1370,1.79,1370,1.79,2024-11-02,2025-01-27,87,49
Adagio Apartments,Juniper,07106,1,1,1,,767,10/2/2024,300,12,60%,1370,1.79,1328,1.73,2024-09-25,2025-01-21,119,112
Adagio Apartments,Juniper,05207,2,1,1,,767,6/10/2024,300,12,60%,1370,1.79,1370,1.79,2024-05-16,2024-06-08,24,0
Adagio Apartments,Juniper,11-11202,2,1,1,,767,9/30/2023,300,,60%,1370,1.79,1370,1.79,2023-09-06,2023-09-08,3,0
Adagio Apartments,Juniper,23203,2,1,1,,767,6/9/2026,300,12,60%,1374,1.79,1374,1.79,2026-04-29,2026-06-09,42,1
Adagio Apartments,Juniper,05202,2,1,1,,767,6/14/2025,300,12,60%,1315,1.71,1205,1.57,2025-04-26,2025-05-11,16,0
Adagio Apartments,Juniper,05202,2,1,1,,767,1/10/2026,300,12,60%,1315,1.71,1214,1.58,2025-11-14,2025-12-02,19,0
Adagio Apartments,Juniper,05202,2,1,1,,767,6/9/2026,300,12,60%,1375,1.79,1375,1.79,2026-04-25,2026-05-02,8,0
Adagio Apartments,Juniper,29207,2,1,1,,767,9/15/2024,300,12,60%,1390,1.81,1390,1.81,2024-09-03,2024-10-03,31,19
Adagio Apartments,Juniper,24203,2,1,1,,767,12/11/2024,300,12,60%,1390,1.81,1348,1.76,2024-11-06,2024-12-04,29,0
Adagio Apartments,Juniper,24203,2,1,1,,767,2/10/2026,300,12,60%,1390,1.81,1390,1.81,2026-01-01,2026-04-07,97,57
Adagio Apartments,Juniper,05206,2,1,1,,767,9/10/2025,300,12,60%,1390,1.81,1390,1.81,2025-07-27,2025-11-22,119,74
Adagio Apartments,Juniper,05203,2,1,1,,767,10/21/2024,300,12,60%,1465,1.91,1465,1.91,2024-09-29,2024-10-04,6,0
Adagio Apartments,Juniper,05203,2,1,1,,767,5/5/2025,300,12,60%,1390,1.81,1390,1.81,2025-03-21,2025-04-18,29,0
Adagio Apartments,Juniper,06202,2,1,1,,767,8/10/2024,300,12,60%,1455,1.9,1455,1.9,2024-06-29,2024-07-01,3,0
Adagio Apartments,Juniper,06202,2,1,1,,767,2/13/2026,300,12,60%,1390,1.81,1390,1.81,2026-01-07,2026-03-31,84,47
Adagio Apartments,Juniper,07202,2,1,1,,767,1/9/2026,300,12,60%,1390,1.81,1274,1.66,2025-11-21,2026-03-18,118,69
Adagio Apartments,Juniper,28203,2,1,1,,767,8/12/2024,300,12,60%,1455,1.9,1455,1.9,2024-06-29,2024-07-02,4,0
Adagio Apartments,Juniper,28203,2,1,1,,767,1/22/2025,300,12,60%,1390,1.81,1390,1.81,2024-12-14,2025-03-22,99,60
Adagio Apartments,Juniper,11203,2,1,1,,767,2/26/2024,300,,60%,1435,1.87,1435,1.87,2024-02-23,2024-03-13,20,17
Adagio Apartments,Juniper,11203,2,1,1,,767,Now,300,12,60%,1394,1.82,1394,1.82,2026-06-05,,39,6
Adagio Apartments,Juniper,28-28103,1,1,1,,767,6/17/2023,300,,60%,1395,1.82,1395,1.82,,2023-06-23,,
Adagio Apartments,Juniper,7-07106,1,1,1,,767,11/10/2023,300,,60%,1395,1.82,1395,1.82,2023-10-09,2023-11-29,52,20
Adagio Apartments,Juniper,3-03106,3,1,1,,767,12/26/2023,300,,60%,1395,1.82,1395,1.82,2023-11-25,2023-12-10,16,0
Adagio Apartments,Juniper,11-11106,,1,1,,767,10/18/2023,300,,60%,1395,1.82,1395,1.82,2023-09-16,2023-10-19,34,2
Adagio Apartments,Juniper,27-27202,2,1,1,,767,10/13/2023,300,,60%,1395,1.82,1395,1.82,2023-09-11,2023-09-17,7,0
Adagio Apartments,Juniper,11102,1,1,1,,767,3/10/2026,300,12,60%,1400,1.83,1283,1.67,2026-01-30,2026-03-08,38,0
Adagio Apartments,Juniper,18202,2,1,1,,767,5/12/2026,300,12,60%,1404,1.83,1404,1.83,2026-03-24,2026-06-10,79,30
Adagio Apartments,Juniper,24-24103,,1,1,,767,2/10/2024,300,,60%,1405,1.83,1405,1.83,2024-01-10,2024-02-23,45,14
Adagio Apartments,Juniper,24-24207,,1,1,,767,3/10/2024,300,,60%,1410,1.84,1410,1.84,2024-02-08,2024-02-10,3,0
Adagio Apartments,Juniper,22107,1,1,1,,767,7/11/2024,300,12,60%,1410,1.84,1410,1.84,2024-06-11,2024-06-15,5,0
Adagio Apartments,Juniper,14107,1,1,1,,767,5/12/2026,300,12,60%,1410,1.84,1410,1.84,2026-03-31,2026-04-11,12,0
Adagio Apartments,Juniper,7-07202,2,1,1,,767,11/23/2023,300,,60%,1415,1.84,1415,1.84,2023-11-14,2023-12-06,23,14
Adagio Apartments,Juniper,24103,1,1,1,,767,2/22/2024,300,,60%,1405,1.83,1405,1.83,2024-02-23,2024-03-07,14,14
Adagio Apartments,Juniper,24103,1,1,1,,767,2/17/2025,300,12,60%,1370,1.79,1370,1.79,2025-02-12,2025-04-15,63,58
Adagio Apartments,Juniper,24103,1,1,1,,767,10/14/2025,300,12,60%,1415,1.84,1332,1.74,2025-09-06,2025-09-17,12,0
Adagio Apartments,Juniper,10106,1,1,1,,767,1/8/2026,300,12,60%,1420,1.85,1311,1.71,2025-12-04,2025-12-31,28,0
Adagio Apartments,Juniper,03206,2,1,1,,767,3/19/2026,300,12,60%,1420,1.85,1302,1.7,2026-03-10,2026-03-29,20,11
Adagio Apartments,Juniper,29-29202,2,1,1,,767,1/29/2024,300,,60%,1425,1.86,1425,1.86,2024-01-05,2024-02-23,50,26
Adagio Apartments,Juniper,28-28207,2,1,1,,767,2/21/2024,300,,60%,1425,1.86,1425,1.86,2024-02-10,2024-02-22,13,2
Adagio Apartments,Juniper,22203,2,1,1,,767,9/15/2025,300,12,60%,1435,1.87,1325,1.73,2025-08-15,2025-10-09,56,25
Adagio Apartments,Juniper,10-10106,1,1,1,,767,9/15/2023,300,,60%,1445,1.88,1445,1.88,2023-09-01,2023-10-25,55,41
Adagio Apartments,Juniper,22-22203,,1,1,,767,10/10/2023,300,,60%,1455,1.9,1455,1.9,2023-09-08,2023-10-17,40,8
Adagio Apartments,Juniper,23207,2,1,1,,767,5/12/2026,300,12,60%,1470,1.92,1470,1.92,2026-04-28,2026-04-30,3,0
Adagio Apartments,Juniper,11-11203,2,1,1,,767,2/26/2024,300,,80%,1485,1.94,1485,1.94,2024-01-25,2024-02-23,30,0
Adagio Apartments,Aspen,20102,1,2,2,,1052,10/1/2024,300,12,60%,1590,1.51,1590,1.51,2024-08-22,2024-10-30,70,30
Adagio Apartments,Aspen,20102,1,2,2,,1052,1/31/2026,300,12,60%,1427,1.36,1317,1.25,2025-11-26,2026-01-25,61,0
Adagio Apartments,Aspen,04207,2,2,2,,1052,10/10/2025,300,12,60%,1447,1.38,1326,1.26,2025-09-16,2026-02-21,159,135
Adagio Apartments,Aspen,15203,2,2,2,,1052,2/6/2026,300,12,60%,1447,1.38,1326,1.26,2025-12-02,2026-02-28,89,23
Adagio Apartments,Aspen,20203,2,2,2,,1052,9/11/2024,300,12,60%,1600,1.52,1600,1.52,2024-07-02,2024-08-24,54,0
Adagio Apartments,Aspen,20203,2,2,2,,1052,9/10/2025,300,12,60%,1447,1.38,1326,1.26,2025-07-30,2026-02-25,211,169
Adagio Apartments,Aspen,31206,2,2,2,,1052,8/10/2024,300,12,60%,1600,1.52,1600,1.52,2024-06-29,2024-07-26,28,0
Adagio Apartments,Aspen,31206,2,2,2,,1052,5/24/2025,300,12,60%,1447,1.38,1336,1.27,2025-05-15,2026-02-06,268,259
Adagio Apartments,Aspen,09203,2,2,2,,1052,2/23/2026,300,12,60%,1447,1.38,1326,1.26,2026-01-03,2026-02-24,53,2
Adagio Apartments,Aspen,02203,2,2,2,,1052,10/10/2025,300,12,60%,1462,1.39,1462,1.39,2025-09-17,2026-01-02,108,85
Adagio Apartments,Aspen,02202,2,2,2,,1052,2/5/2026,300,12,60%,1462,1.39,1340,1.27,2025-12-01,2026-02-26,88,22
Adagio Apartments,Aspen,16207,2,2,2,,1052,8/6/2024,300,12,60%,1655,1.57,1655,1.57,2024-06-29,2024-07-09,11,0
Adagio Apartments,Aspen,16207,2,2,2,,1052,8/1/2025,300,12,60%,1462,1.39,1349,1.28,2025-06-28,2025-12-19,175,141
Adagio Apartments,Aspen,2-02103,1,2,2,,1052,3/12/2024,300,,60%,1465,1.39,1465,1.39,2024-02-10,2024-02-12,3,0
Adagio Apartments,Aspen,21103,1,2,2,,1052,4/10/2024,300,,60%,1465,1.39,1465,1.39,2024-03-11,2024-03-12,2,0
Adagio Apartments,Aspen,20202,2,2,2,,1052,3/14/2024,300,,60%,1470,1.4,1470,1.4,2024-03-14,2024-03-15,2,2
Adagio Apartments,Aspen,20-20202,,2,2,,1052,9/12/2023,300,,60%,1550,1.47,1550,1.47,2023-08-11,2023-09-09,30,0
Adagio Apartments,Aspen,20-20202,,2,2,,1052,1/12/2024,300,,60%,1470,1.4,1470,1.4,2024-01-01,2024-02-23,54,43
Adagio Apartments,Aspen,21107,1,2,2,,1052,2/14/2025,300,12,60%,1635,1.55,1593,1.51,2025-01-21,2025-01-22,2,0
Adagio Apartments,Aspen,21107,1,2,2,,1052,2/28/2026,300,12,60%,1472,1.4,1349,1.28,2026-02-18,2026-02-28,11,1
Adagio Apartments,Aspen,31103,1,2,2,,1052,12/10/2024,300,12,60%,1590,1.51,1590,1.51,2024-11-13,2024-11-20,8,0
Adagio Apartments,Aspen,31103,1,2,2,,1052,2/5/2026,300,12,60%,1477,1.4,1354,1.29,2025-12-01,2026-03-12,102,36
Adagio Apartments,Aspen,04202,2,2,2,,1052,10/8/2025,300,12,60%,1522,1.45,1395,1.33,2025-08-29,2026-02-25,181,141
Adagio Apartments,Aspen,15202,2,2,2,,1052,2/22/2024,300,,60%,1585,1.51,1585,1.51,2024-02-23,2024-03-13,20,20
Adagio Apartments,Aspen,15202,2,2,2,,1052,9/11/2024,300,12,60%,1685,1.6,1685,1.6,2024-08-13,2024-08-30,18,0
Adagio Apartments,Aspen,15202,2,2,2,,1052,10/9/2025,300,12,60%,1522,1.45,1405,1.34,2025-08-31,2026-02-06,160,121
Adagio Apartments,Aspen,19102,1,2,2,,1052,10/26/2025,300,12,60%,1527,1.45,1409,1.34,2025-09-17,2025-10-23,37,0
Adagio Apartments,Aspen,16102,1,2,2,,1052,11/10/2025,300,12,60%,1527,1.45,1527,1.45,2025-09-25,2025-11-13,50,4
Adagio Apartments,Aspen,20-20103,1,2,2,,1052,10/18/2023,300,,60%,1530,1.45,1530,1.45,2023-09-16,2023-09-17,2,0
Adagio Apartments,Aspen,30-30202,2,2,2,,1052,2/10/2024,300,,60%,1545,1.47,1545,1.47,2024-01-10,2024-02-06,28,0
Adagio Apartments,Aspen,31-31206,2,2,2,,1052,8/18/2023,300,,60%,1550,1.47,1550,1.47,2023-07-17,2023-07-20,4,0
Adagio Apartments,Aspen,08106,1,2,2,,1052,7/10/2025,300,12,60%,1550,1.47,1550,1.47,2025-05-08,2025-06-02,26,0
Adagio Apartments,Aspen,20-20203,2,2,2,,1052,8/18/2023,300,,60%,1550,1.47,1550,1.47,2023-08-18,2023-08-20,3,3
Adagio Apartments,Aspen,8-08202,2,2,2,,1052,7/25/2023,300,,60%,1550,1.47,1550,1.47,2023-07-11,2023-07-21,11,0
Adagio Apartments,Aspen,15106,1,2,2,,1052,4/10/2026,300,12,60%,1552,1.48,1423,1.35,2026-02-24,2026-03-06,11,0
Adagio Apartments,Aspen,17202,2,2,2,,1052,7/22/2025,300,12,60%,1555,1.48,1425,1.35,2025-06-12,2025-06-28,17,0
Adagio Apartments,Aspen,30-30206,2,2,2,,1052,3/10/2024,300,,60%,1560,1.48,1560,1.48,2024-02-08,2024-02-23,16,0
Adagio Apartments,Aspen,17102,1,2,2,,1052,9/20/2025,300,12,60%,1560,1.48,1510,1.44,2025-08-13,2025-08-16,4,0
Adagio Apartments,Aspen,25202,2,2,2,,1052,7/7/2025,300,12,60%,1562,1.48,1442,1.37,2025-06-01,2025-10-21,143,107
Adagio Apartments,Aspen,25-25203,2,2,2,,1052,9/21/2023,300,,60%,1565,1.49,1565,1.49,2023-08-20,2023-08-25,6,0
Adagio Apartments,Aspen,16203,2,2,2,,1052,4/3/2025,300,12,60%,1565,1.49,1565,1.49,2025-02-26,2025-05-22,86,50
Adagio Apartments,Aspen,9-09107,1,2,2,,1052,1/8/2024,300,,60%,1565,1.49,1565,1.49,2023-12-11,2024-02-18,70,42
Adagio Apartments,Aspen,31202,2,2,2,,1052,4/19/2024,300,,60%,1570,1.49,1570,1.49,2024-03-20,2024-05-03,45,15
Adagio Apartments,Aspen,09206,2,2,2,,1052,10/26/2025,300,12,60%,1572,1.49,1441,1.37,2025-09-17,2026-03-09,174,135
Adagio Apartments,Aspen,16202,2,2,2,,1052,9/10/2025,300,12,60%,1580,1.5,1530,1.45,2025-07-28,2025-08-22,26,0
Adagio Apartments,Aspen,20103,1,2,2,,1052,8/14/2024,300,12,60%,1580,1.5,1580,1.5,2024-07-01,2024-07-21,21,0
Adagio Apartments,Aspen,08203,2,2,2,,1052,7/10/2025,300,12,60%,1580,1.5,1530,1.45,2025-05-29,2025-08-21,85,43
Adagio Apartments,Aspen,17107,1,2,2,,1052,5/28/2026,300,12,60%,1582,1.5,1450,1.38,2026-03-28,2026-04-17,21,0
Adagio Apartments,Aspen,15-15202,2,2,2,,1052,2/11/2024,300,,60%,1585,1.51,1585,1.51,2024-02-02,2024-02-23,22,13
Adagio Apartments,Aspen,02206,2,2,2,,1052,2/28/2026,300,12,60%,1587,1.51,1455,1.38,2026-01-18,2026-03-18,60,19
Adagio Apartments,Aspen,20107,1,2,2,,1052,3/23/2025,300,12,60%,1590,1.51,1458,1.39,2025-02-21,2025-05-06,75,45
Adagio Apartments,Aspen,09107,1,2,2,,1052,2/22/2024,300,,60%,1565,1.49,1565,1.49,2024-02-23,2024-03-17,24,24
Adagio Apartments,Aspen,09107,1,2,2,,1052,4/28/2025,300,12,60%,1590,1.51,1590,1.51,2025-03-29,2025-05-16,49,19
Adagio Apartments,Aspen,04103,1,2,2,,1052,4/6/2025,300,12,60%,1590,1.51,1458,1.39,2025-03-27,2025-05-13,48,38
Adagio Apartments,Aspen,16206,2,2,2,,1052,6/10/2025,300,12,60%,1595,1.52,1545,1.47,2025-05-01,2025-08-12,104,64
Adagio Apartments,Aspen,30-30207,2,2,2,,1052,1/30/2024,300,,60%,1600,1.52,1600,1.52,2023-12-29,2024-02-23,57,25
Adagio Apartments,Aspen,30102,1,2,2,,1052,5/13/2026,300,12,60%,1602,1.52,1602,1.52,2026-04-01,2026-04-03,3,0
Adagio Apartments,Aspen,09102,1,2,2,,1052,8/18/2025,300,12,60%,1602,1.52,1479,1.41,2025-07-29,2025-12-03,128,108
Adagio Apartments,Aspen,15-15102,1,2,2,,1052,12/8/2023,300,,60%,1605,1.53,1605,1.53,2023-11-21,2023-11-26,6,0
Adagio Apartments,Aspen,16107,1,2,2,,1052,4/25/2024,300,,60%,1640,1.56,1640,1.56,2024-04-11,2024-04-16,6,0
Adagio Apartments,Aspen,16107,1,2,2,,1052,11/10/2024,300,12,60%,1605,1.53,1471,1.4,2024-09-13,2025-05-09,239,181
Adagio Apartments,Aspen,15-15107,1,2,2,,1052,8/17/2023,300,,60%,1605,1.53,1605,1.53,2023-07-16,2023-07-19,4,0
Adagio Apartments,Aspen,30-30102,,2,2,,1052,11/1/2023,300,,60%,1605,1.53,1605,1.53,2023-10-21,2023-11-01,12,1
Adagio Apartments,Aspen,20-20107,1,2,2,,1052,8/29/2023,300,,60%,1605,1.53,1605,1.53,2023-08-29,2023-09-10,13,13
Adagio Apartments,Aspen,04206,2,2,2,,1052,12/10/2024,300,12,60%,1610,1.53,1568,1.49,2024-11-02,2024-11-28,27,0
Adagio Apartments,Aspen,17207,2,2,2,,1052,8/9/2024,300,12,60%,1615,1.54,1615,1.54,2024-07-02,2024-08-10,40,2
Adagio Apartments,Aspen,16-16107,1,2,2,,1052,9/30/2023,300,,60%,1620,1.54,1620,1.54,2023-09-02,2023-09-24,23,0
Adagio Apartments,Aspen,4-04102,,2,2,,1052,1/12/2024,300,,60%,1625,1.54,1625,1.54,2023-12-21,2024-01-16,27,5
Adagio Apartments,Aspen,21202,2,2,2,,1052,2/10/2025,300,12,60%,1625,1.54,1625,1.54,2025-01-08,2025-05-21,134,101
Adagio Apartments,Aspen,17-17103,,2,2,,1052,1/13/2024,300,,60%,1625,1.54,1625,1.54,2023-12-13,2023-12-15,3,0
Adagio Apartments,Aspen,9-09102,1,2,2,,1052,1/11/2024,300,,60%,1625,1.54,1625,1.54,2023-12-15,2024-02-02,50,23
Adagio Apartments,Aspen,19-19202,2,2,2,,1052,8/5/2023,300,,60%,1625,1.54,1625,1.54,2023-07-17,2023-07-23,7,0
Adagio Apartments,Aspen,17-17203,2,2,2,,1052,10/21/2023,300,,60%,1625,1.54,1625,1.54,2023-09-21,2023-09-23,3,0
Adagio Apartments,Aspen,09207,2,2,2,,1052,5/10/2025,300,12,60%,1630,1.55,1588,1.51,2025-03-28,2025-07-09,104,61
Adagio Apartments,Aspen,04203,2,2,2,,1052,2/24/2025,300,12,60%,1630,1.55,1630,1.55,2025-01-14,2025-07-06,174,133
Adagio Apartments,Aspen,15107,1,2,2,,1052,8/10/2025,300,12,60%,1635,1.55,1585,1.51,2025-06-29,2025-08-16,49,7
Adagio Apartments,Aspen,12206,2,2,2,,1052,6/15/2024,300,12,60%,1680,1.6,1680,1.6,2024-05-16,2024-06-08,24,0
Adagio Apartments,Aspen,12206,2,2,2,,1052,6/14/2025,300,12,60%,1637,1.56,1554,1.48,2025-06-04,2025-09-30,119,109
Adagio Apartments,Aspen,17-17206,2,2,2,,1052,6/17/2023,300,,60%,1640,1.56,1640,1.56,,2023-06-30,,
Adagio Apartments,Aspen,15103,1,2,2,,1052,8/12/2026,300,12,60%,1640,1.56,1503,1.43,2026-07-02,,12,0
Adagio Apartments,Aspen,12103,1,2,2,,1052,6/10/2025,300,12,60%,1535,1.46,1535,1.46,2025-05-01,2025-06-04,35,0
Adagio Apartments,Aspen,12103,1,2,2,,1052,7/16/2026,300,12,60%,1640,1.56,1503,1.43,2026-07-03,,11,0
Adagio Apartments,Aspen,16106,1,2,2,,1052,7/26/2024,300,12,60%,1595,1.52,1595,1.52,2024-06-26,2024-06-30,5,0
Adagio Apartments,Aspen,16106,1,2,2,,1052,12/10/2024,300,12,60%,1605,1.53,1563,1.49,2024-11-06,2025-02-24,111,77
Adagio Apartments,Aspen,16106,1,2,2,,1052,6/29/2026,300,12,60%,1642,1.56,1505,1.43,2026-05-20,2026-06-24,36,0
Adagio Apartments,Aspen,12203,2,2,2,,1052,5/19/2024,300,,60%,1645,1.56,1645,1.56,2024-04-19,2024-04-25,7,0
Adagio Apartments,Aspen,12102,1,2,2,,1052,6/10/2024,300,,60%,1645,1.56,1645,1.56,2024-05-16,2024-05-26,11,0
Adagio Apartments,Aspen,19-19107,1,2,2,,1052,9/10/2023,300,,60%,1650,1.57,1650,1.57,2023-08-11,2023-09-16,37,7
Adagio Apartments,Aspen,30107,1,2,2,,1052,8/10/2025,300,12,60%,1650,1.57,1600,1.52,2025-07-02,2025-08-27,57,18
Adagio Apartments,Aspen,20207,2,2,2,,1052,4/29/2025,300,12,60%,1655,1.57,1517,1.44,2025-04-17,2025-05-08,22,10
Adagio Apartments,Aspen,19107,1,2,2,,1052,6/10/2025,300,12,60%,1655,1.57,1613,1.53,2025-05-13,2025-07-16,65,37
Adagio Apartments,Aspen,21-21202,2,2,2,,1052,2/10/2024,300,,80%,1660,1.58,1660,1.58,2024-01-10,2024-01-11,2,0
Adagio Apartments,Aspen,08202,2,2,2,,1052,6/24/2024,300,12,80%,1590,1.51,1590,1.51,2024-06-07,2024-06-09,3,0
Adagio Apartments,Aspen,08202,2,2,2,,1052,Now,300,12,80%,1660,1.58,1522,1.45,2026-06-12,,32,18
Adagio Apartments,Aspen,31107,1,2,2,,1052,2/16/2025,300,12,80%,1665,1.58,1665,1.58,2025-01-08,2025-01-27,20,0
Adagio Apartments,Aspen,30-30203,2,2,2,,1052,9/12/2023,300,,80%,1665,1.58,1665,1.58,2023-08-14,2023-09-06,24,0
Adagio Apartments,Aspen,20-20207,2,2,2,,1052,8/10/2023,300,,80%,1670,1.59,1670,1.59,2023-07-11,2023-07-14,4,0
Adagio Apartments,Aspen,30207,2,2,2,,1052,2/22/2024,300,,80%,1600,1.52,1600,1.52,2024-02-23,2024-03-09,16,16
Adagio Apartments,Aspen,30207,2,2,2,,1052,5/11/2026,300,12,80%,1677,1.59,1677,1.59,2026-04-01,2026-04-11,11,0
Adagio Apartments,Aspen,20106,1,2,2,,1052,5/11/2024,300,12,80%,1700,1.62,1700,1.62,2024-04-11,2024-07-18,99,69
Adagio Apartments,Aspen,20106,1,2,2,,1052,9/8/2025,300,12,80%,1680,1.6,1630,1.55,2025-07-12,2025-08-13,33,0
Adagio Apartments,Aspen,02107,1,2,2,,1052,11/10/2024,300,12,80%,1680,1.6,1680,1.6,2024-09-17,2024-09-20,4,0
Adagio Apartments,Aspen,31203,2,2,2,,1052,11/10/2024,300,12,80%,1685,1.6,1685,1.6,2024-09-29,2024-10-15,17,0
Adagio Apartments,Aspen,30203,2,2,2,,1052,10/10/2024,300,12,80%,1685,1.6,1685,1.6,2024-09-01,2024-09-11,11,0
Adagio Apartments,Aspen,30206,2,2,2,,1052,3/10/2024,300,,80%,1560,1.48,1560,1.48,2024-02-23,2024-03-28,35,19
Adagio Apartments,Aspen,30206,2,2,2,,1052,10/10/2024,300,12,80%,1700,1.62,1700,1.62,2024-09-12,2024-10-05,24,0
Adagio Apartments,Aspen,20206,2,2,2,,1052,9/12/2025,300,12,80%,1700,1.62,1650,1.57,2025-07-31,2025-08-17,18,0
Adagio Apartments,Aspen,08103,1,2,2,,1052,6/9/2026,300,12,80%,1702,1.62,1560,1.48,2026-05-30,2026-06-20,22,12
Adagio Apartments,Aspen,15102,1,2,2,,1052,6/10/2024,300,,80%,1645,1.56,1645,1.56,2024-05-16,2024-05-23,8,0
Adagio Apartments,Aspen,15102,1,2,2,,1052,5/30/2025,300,12,80%,1610,1.53,1610,1.53,2025-05-21,2025-06-04,15,6
Adagio Apartments,Aspen,15102,1,2,2,,1052,Now,300,12,80%,1715,1.63,1572,1.49,2026-05-25,,50,10
Adagio Apartments,Aspen,21203,2,2,2,,1052,5/18/2024,300,,80%,1720,1.63,1720,1.63,2024-04-27,2024-05-31,35,14
Adagio Apartments,Aspen,02106,1,2,2,,1052,Now,300,12,80%,1730,1.64,1586,1.51,2026-04-30,,75,34
Adagio Apartments,Aspen,15207,2,2,2,,1052,Now,300,12,80%,1735,1.65,1590,1.51,2026-05-01,,74,33
Adagio Apartments,Aspen,25206,2,2,2,,1052,2/25/2025,300,12,80%,1750,1.66,1750,1.66,2025-01-16,2025-03-06,50,10
Adagio Apartments,Aspen,17206,2,2,2,,1052,8/10/2024,300,12,80%,1690,1.61,1690,1.61,2024-06-29,2024-07-26,28,0
Adagio Apartments,Aspen,17206,2,2,2,,1052,Now,300,12,80%,1750,1.66,1604,1.52,2026-06-04,,40,4
Adagio Apartments,Aspen,21206,2,2,2,,1052,4/10/2025,300,12,80%,1730,1.64,1586,1.51,2025-02-07,2025-04-20,73,11
Adagio Apartments,Aspen,21206,2,2,2,,1052,Now,300,12,80%,1780,1.69,1632,1.55,2026-04-01,,104,68
Adagio Apartments,Conifer,13108,1,2,2,,1068,9/29/2025,300,12,60%,1477,1.38,1363,1.28,2025-08-21,2026-02-07,171,132
Adagio Apartments,Conifer,26104,1,2,2,,1068,4/9/2024,300,,60%,1565,1.47,1565,1.47,2024-03-10,2024-03-20,11,0
Adagio Apartments,Conifer,26104,1,2,2,,1068,2/28/2026,300,12,60%,1477,1.38,1477,1.38,2025-12-24,2026-01-03,11,0
Adagio Apartments,Conifer,10205,2,2,2,,1068,11/10/2025,300,12,60%,1497,1.4,1497,1.4,2025-09-18,2026-03-02,166,113
Adagio Apartments,Conifer,02205,2,2,2,,1068,10/11/2025,300,12,60%,1497,1.4,1372,1.28,2025-09-03,2026-03-05,184,146
Adagio Apartments,Conifer,02204,2,2,2,,1068,3/10/2025,300,12,60%,1497,1.4,1382,1.29,2025-01-28,2026-01-11,349,308
Adagio Apartments,Conifer,28204,2,2,2,,1068,4/10/2024,300,,60%,1525,1.43,1525,1.43,2024-03-11,2024-03-13,3,0
Adagio Apartments,Conifer,13-13105,1,2,2,,1068,2/10/2024,300,,60%,1525,1.43,1525,1.43,2024-01-10,2024-02-23,45,14
Adagio Apartments,Conifer,13-13104,1,2,2,,1068,3/14/2024,300,,60%,1525,1.43,1525,1.43,2024-02-21,2024-02-23,3,0
Adagio Apartments,Conifer,13101,1,2,2,,1068,6/10/2024,300,,60%,1645,1.54,1645,1.54,2024-05-16,2024-05-21,6,0
Adagio Apartments,Conifer,13101,1,2,2,,1068,2/7/2025,300,12,60%,1665,1.56,1623,1.52,2025-01-24,2025-04-02,69,55
Adagio Apartments,Conifer,13101,1,2,2,,1068,3/27/2026,300,12,60%,1527,1.43,1527,1.43,2026-02-10,2026-04-01,51,6
Adagio Apartments,Conifer,03205,2,2,2,,1068,3/24/2026,300,12,60%,1547,1.45,1547,1.45,2026-02-24,2026-03-21,26,0
Adagio Apartments,Conifer,24205,2,2,2,,1068,2/4/2025,300,12,60%,1690,1.58,1648,1.54,2025-01-14,2025-03-12,58,37
Adagio Apartments,Conifer,24205,2,2,2,,1068,4/14/2026,300,12,60%,1552,1.45,1552,1.45,2026-04-01,2026-04-02,2,0
Adagio Apartments,Conifer,10101,1,2,2,,1068,9/10/2025,300,12,60%,1562,1.46,1562,1.46,2025-08-05,2025-11-12,100,64
Adagio Apartments,Conifer,23104,1,2,2,,1068,8/10/2024,300,12,60%,1640,1.54,1640,1.54,2024-07-11,2024-07-30,20,0
Adagio Apartments,Conifer,23104,1,2,2,,1068,9/12/2025,300,12,60%,1562,1.46,1442,1.35,2025-08-02,2025-12-06,127,86
Adagio Apartments,Conifer,13104,1,2,2,,1068,3/13/2024,300,,60%,1525,1.43,1525,1.43,2024-02-23,2024-03-19,26,7
Adagio Apartments,Conifer,13104,1,2,2,,1068,3/24/2026,300,12,60%,1567,1.47,1567,1.47,2026-02-24,2026-04-11,47,19
Adagio Apartments,Conifer,01208,2,2,2,,1068,5/31/2025,300,12,60%,1572,1.47,1441,1.35,2025-04-22,2026-02-22,307,268
Adagio Apartments,Conifer,29101,1,2,2,,1068,4/12/2025,300,12,60%,1575,1.47,1444,1.35,2025-03-26,2025-05-08,44,27
Adagio Apartments,Conifer,05108,1,2,2,,1068,8/10/2025,300,12,60%,1577,1.48,1577,1.48,2025-06-19,2025-11-11,146,94
Adagio Apartments,Conifer,11201,2,2,2,,1068,5/13/2024,300,,60%,1695,1.59,1695,1.59,2024-04-13,2024-06-04,53,23
Adagio Apartments,Conifer,11201,2,2,2,,1068,2/13/2026,300,12,60%,1577,1.48,1446,1.35,2025-12-09,2026-03-06,88,22
Adagio Apartments,Conifer,13105,1,2,2,,1068,2/22/2024,300,,60%,1525,1.43,1525,1.43,2024-02-23,2024-03-17,24,24
Adagio Apartments,Conifer,13105,1,2,2,,1068,11/11/2025,300,12,60%,1577,1.48,1577,1.48,2025-10-01,2025-11-13,44,3
Adagio Apartments,Conifer,11108,1,2,2,,1068,11/10/2025,300,12,60%,1577,1.48,1456,1.36,2025-10-03,2025-10-07,5,0
Adagio Apartments,Conifer,04104,1,2,2,,1068,3/10/2025,300,12,60%,1695,1.59,1695,1.59,2025-01-27,2025-05-17,111,69
Adagio Apartments,Conifer,04104,1,2,2,,1068,3/14/2026,300,12,60%,1582,1.48,1460,1.37,2026-01-07,2026-01-10,4,0
Adagio Apartments,Conifer,29204,2,2,2,,1068,10/10/2025,300,12,60%,1582,1.48,1460,1.37,2025-08-29,2025-12-11,105,63
Adagio Apartments,Conifer,28-28208,2,2,2,,1068,2/6/2024,300,,60%,1585,1.48,1585,1.48,2024-02-06,2024-02-23,18,18
Adagio Apartments,Conifer,28208,2,2,2,,1068,2/22/2024,300,,60%,1585,1.48,1585,1.48,2024-02-23,2024-03-05,12,12
Adagio Apartments,Conifer,14-14104,1,2,2,,1068,2/3/2024,300,,60%,1585,1.48,1585,1.48,2024-01-18,2024-02-23,37,21
Adagio Apartments,Conifer,22-22104,1,2,2,,1068,10/5/2023,300,,60%,1590,1.49,1590,1.49,2023-09-08,2023-10-15,38,11
Adagio Apartments,Conifer,03104,1,2,2,,1068,4/25/2024,300,,60%,1625,1.52,1625,1.52,2024-04-13,2024-04-20,8,0
Adagio Apartments,Conifer,03104,1,2,2,,1068,6/10/2025,300,12,60%,1590,1.49,1590,1.49,2025-04-22,2025-05-21,30,0
Adagio Apartments,Conifer,29104,1,2,2,,1068,8/10/2025,300,12,60%,1595,1.49,1595,1.49,2025-06-28,2025-07-03,6,0
Adagio Apartments,Conifer,26204,2,2,2,,1068,5/11/2025,300,12,60%,1597,1.5,1514,1.42,2025-04-08,2025-09-11,157,124
Adagio Apartments,Conifer,29205,2,2,2,,1068,10/10/2025,300,12,60%,1597,1.5,1474,1.38,2025-08-28,2025-10-07,41,0
Adagio Apartments,Conifer,28201,2,2,2,,1068,8/28/2024,300,12,60%,1675,1.57,1675,1.57,2024-07-20,2024-08-15,27,0
Adagio Apartments,Conifer,28201,2,2,2,,1068,8/10/2025,300,12,60%,1597,1.5,1597,1.5,2025-06-26,2025-11-11,139,94
Adagio Apartments,Conifer,14205,2,2,2,,1068,11/10/2025,300,12,60%,1597,1.5,1597,1.5,2025-10-07,2025-11-27,52,18
Adagio Apartments,Conifer,27101,1,2,2,,1068,7/14/2026,300,12,60%,1600,1.5,1467,1.37,2026-05-07,2026-06-30,55,0
Adagio Apartments,Conifer,28108,1,2,2,,1068,3/21/2024,300,,60%,1600,1.5,1600,1.5,2024-02-28,2024-03-11,13,0
Adagio Apartments,Conifer,28108,1,2,2,,1068,5/13/2026,300,12,60%,1602,1.5,1602,1.5,2026-04-04,2026-04-08,5,0
Adagio Apartments,Conifer,04101,1,2,2,,1068,10/12/2025,300,12,60%,1727,1.62,1644,1.54,2025-09-03,2025-09-08,6,0
Adagio Apartments,Conifer,04101,1,2,2,,1068,2/28/2026,300,12,60%,1602,1.5,1602,1.5,2025-12-24,2026-01-05,13,0
Adagio Apartments,Conifer,22-22204,2,2,2,,1068,1/3/2024,300,,60%,1605,1.5,1605,1.5,2023-12-10,2024-02-10,63,39
Adagio Apartments,Conifer,7-07208,2,2,2,,1068,1/16/2024,300,,60%,1605,1.5,1605,1.5,2023-12-21,2024-02-23,65,39
Adagio Apartments,Conifer,11-11105,1,2,2,,1068,9/24/2023,300,,60%,1605,1.5,1605,1.5,2023-08-26,2023-09-08,14,0
Adagio Apartments,Conifer,07208,2,2,2,,1068,2/22/2024,300,,60%,1605,1.5,1605,1.5,2024-02-23,2024-03-05,12,12
Adagio Apartments,Conifer,07208,2,2,2,,1068,4/10/2025,300,12,60%,1607,1.5,1607,1.5,2025-03-04,2026-03-23,385,348
Adagio Apartments,Conifer,29-29204,2,2,2,,1068,8/14/2023,300,,60%,1610,1.51,1610,1.51,2023-07-13,2023-07-15,3,0
Adagio Apartments,Conifer,14-14201,2,2,2,,1068,6/17/2023,300,,60%,1610,1.51,1610,1.51,,2023-08-15,,
Adagio Apartments,Conifer,23-23208,,2,2,,1068,1/10/2024,300,,60%,1612,1.51,1612,1.51,2023-12-10,2024-02-16,69,38
Adagio Apartments,Conifer,07205,2,2,2,,1068,3/30/2025,300,12,60%,1615,1.51,1480,1.39,2025-01-30,2025-06-13,135,76
Adagio Apartments,Conifer,02104,1,2,2,,1068,4/14/2025,300,12,60%,1665,1.56,1526,1.43,2025-03-05,2025-04-19,46,6
Adagio Apartments,Conifer,02104,1,2,2,,1068,7/14/2026,300,12,60%,1615,1.51,1480,1.39,2026-05-16,,59,1
Adagio Apartments,Conifer,18104,1,2,2,,1068,2/10/2025,300,12,60%,1620,1.52,1485,1.39,2024-12-31,2025-05-13,134,93
Adagio Apartments,Conifer,4-04205,,2,2,,1068,1/23/2024,300,,60%,1620,1.52,1620,1.52,2024-01-16,2024-02-21,37,30
Adagio Apartments,Conifer,06204,2,2,2,,1068,8/2/2026,300,12,60%,1620,1.52,1485,1.39,2026-06-27,2026-07-07,11,0
Adagio Apartments,Conifer,05205,2,2,2,,1068,2/28/2026,300,12,60%,1622,1.52,1622,1.52,2025-12-24,2026-04-01,99,33
Adagio Apartments,Conifer,04204,2,2,2,,1068,10/15/2025,300,12,60%,1622,1.52,1487,1.39,2025-09-27,2026-03-27,182,164
Adagio Apartments,Conifer,13-13108,,2,2,,1068,11/10/2023,300,,60%,1625,1.52,1625,1.52,2023-10-09,2024-01-13,97,65
Adagio Apartments,Conifer,27-27208,2,2,2,,1068,9/15/2023,300,,60%,1625,1.52,1625,1.52,2023-08-14,2023-09-07,25,0
Adagio Apartments,Conifer,28-28201,2,2,2,,1068,8/10/2023,300,,60%,1625,1.52,1625,1.52,2023-07-11,2023-07-19,9,0
Adagio Apartments,Conifer,14-14205,2,2,2,,1068,10/20/2023,300,,60%,1625,1.52,1625,1.52,2023-09-30,2023-10-20,21,1
Adagio Apartments,Conifer,24105,1,2,2,,1068,11/24/2025,300,12,60%,1627,1.52,1627,1.52,2025-10-07,2025-11-27,52,4
Adagio Apartments,Conifer,18205,2,2,2,,1068,6/10/2025,300,12,60%,1630,1.53,1494,1.4,2025-05-15,2025-06-11,28,2
Adagio Apartments,Conifer,11208,2,2,2,,1068,9/12/2024,300,12,60%,1685,1.58,1685,1.58,2024-07-28,2024-09-14,49,3
Adagio Apartments,Conifer,11208,2,2,2,,1068,1/12/2025,300,12,60%,1630,1.53,1494,1.4,2025-01-02,2025-06-21,171,161
Adagio Apartments,Conifer,11104,1,2,2,,1068,5/10/2026,300,12,60%,1632,1.53,1632,1.53,2026-03-31,2026-04-03,4,0
Adagio Apartments,Conifer,06108,1,2,2,,1068,5/10/2026,300,12,60%,1642,1.54,1642,1.54,2026-03-28,2026-04-12,16,0
Adagio Apartments,Conifer,2-02204,2,2,2,,1068,2/10/2024,300,,60%,1645,1.54,1645,1.54,2024-01-10,2024-01-16,7,0
Adagio Apartments,Conifer,07105,1,2,2,,1068,4/19/2024,300,,60%,1650,1.54,1650,1.54,2024-04-04,2024-04-09,6,0
Adagio Apartments,Conifer,23205,2,2,2,,1068,4/10/2025,300,12,60%,1650,1.54,1512,1.42,2025-03-04,2025-06-20,109,72
Adagio Apartments,Conifer,24104,1,2,2,,1068,9/1/2025,300,12,60%,1652,1.55,1525,1.43,2025-07-30,2025-10-16,79,46
Adagio Apartments,Conifer,04105,1,2,2,,1068,5/10/2025,300,12,60%,1652,1.55,1569,1.47,2025-04-12,2025-09-10,152,124
Adagio Apartments,Conifer,04108,1,2,2,,1068,6/23/2026,300,12,60%,1652,1.55,1514,1.42,2026-05-13,2026-06-13,32,0
Adagio Apartments,Conifer,29105,1,2,2,,1068,10/3/2025,300,12,60%,1652,1.55,1525,1.43,2025-09-16,2025-10-25,40,23
Adagio Apartments,Conifer,01105,1,2,2,,1068,9/13/2024,300,12,60%,1655,1.55,1655,1.55,2024-07-20,2024-08-21,33,0
Adagio Apartments,Conifer,2-02101,2,2,2,,1068,9/26/2023,300,,60%,1655,1.55,1655,1.55,2023-09-01,2023-09-06,6,0
Adagio Apartments,Conifer,02101,1,2,2,,1068,9/30/2025,300,12,60%,1657,1.55,1574,1.47,2025-08-26,2025-09-24,30,0
Adagio Apartments,Conifer,18204,2,2,2,,1068,5/25/2024,300,,80%,1715,1.61,1715,1.61,2024-04-25,2024-05-03,9,0
Adagio Apartments,Conifer,18204,2,2,2,,1068,6/3/2025,300,12,80%,1660,1.55,1660,1.55,2025-04-23,2025-06-03,42,1
Adagio Apartments,Conifer,03204,2,2,2,,1068,5/10/2024,300,,80%,1665,1.56,1665,1.56,2024-04-10,2024-06-05,57,27
Adagio Apartments,Conifer,07108,1,2,2,,1068,5/10/2025,300,12,80%,1670,1.56,1628,1.52,2025-04-08,2025-07-18,102,70
Adagio Apartments,Conifer,14201,2,2,2,,1068,9/11/2024,300,12,80%,1670,1.56,1670,1.56,2024-07-31,2024-11-19,112,70
Adagio Apartments,Conifer,06205,2,2,2,,1068,5/22/2025,300,12,80%,1672,1.57,1543,1.44,2025-04-15,2025-10-07,176,139
Adagio Apartments,Conifer,14104,1,2,2,,1068,2/22/2024,300,,80%,1585,1.48,1585,1.48,2024-02-23,2024-02-27,5,5
Adagio Apartments,Conifer,14104,1,2,2,,1068,9/20/2024,300,12,80%,1725,1.62,1725,1.62,2024-09-05,2024-09-18,14,0
Adagio Apartments,Conifer,14104,1,2,2,,1068,5/9/2025,300,12,80%,1670,1.56,1628,1.52,2025-04-22,2025-07-27,97,80
Adagio Apartments,Conifer,14104,1,2,2,,1068,8/10/2026,300,12,80%,1675,1.57,1535,1.44,2026-07-02,,12,0
Adagio Apartments,Conifer,5-05105,,2,2,,1068,10/13/2023,300,,80%,1680,1.57,1680,1.57,2023-09-11,2023-10-04,24,0
Adagio Apartments,Conifer,29-29105,1,2,2,,1068,9/10/2023,300,,80%,1680,1.57,1680,1.57,2023-08-09,2023-09-20,43,11
Adagio Apartments,Conifer,22208,2,2,2,,1068,4/11/2026,300,12,80%,1682,1.57,1682,1.57,2026-03-17,2026-04-12,27,2
Adagio Apartments,Conifer,27108,1,2,2,,1068,4/10/2024,300,,80%,1600,1.5,1600,1.5,2024-03-11,2024-03-20,10,0
Adagio Apartments,Conifer,27108,1,2,2,,1068,3/28/2025,300,12,80%,1685,1.58,1685,1.58,2025-02-25,2025-06-02,98,67
Adagio Apartments,Conifer,28-28205,2,2,2,,1068,10/10/2023,300,,80%,1685,1.58,1685,1.58,2023-09-08,2023-09-27,20,0
Adagio Apartments,Conifer,03105,1,2,2,,1068,9/12/2024,300,12,80%,1685,1.58,1685,1.58,2024-07-30,2024-08-22,24,0
Adagio Apartments,Conifer,05104,1,2,2,,1068,7/11/2025,300,12,80%,1685,1.58,1643,1.54,2025-05-28,2025-07-16,50,6
Adagio Apartments,Conifer,03208,2,2,2,,1068,2/3/2025,300,12,80%,1685,1.58,1545,1.45,2025-01-25,2025-05-10,106,97
Adagio Apartments,Conifer,27-27204,2,2,2,,1068,10/28/2023,300,,80%,1685,1.58,1685,1.58,2023-10-09,2023-11-17,40,21
Adagio Apartments,Conifer,05201,2,2,2,,1068,11/10/2024,300,12,80%,1685,1.58,1643,1.54,2024-09-22,2024-12-14,84,35
Adagio Apartments,Conifer,13208,2,2,2,,1068,10/10/2024,300,12,80%,1685,1.58,1685,1.58,2024-08-29,2024-09-02,5,0
Adagio Apartments,Conifer,05105,1,2,2,,1068,Now,300,12,80%,1690,1.58,1549,1.45,2026-06-15,,29,7
Adagio Apartments,Conifer,18105,1,2,2,,1068,8/10/2026,300,12,80%,1690,1.58,1549,1.45,2026-06-30,,14,0
Adagio Apartments,Conifer,27105,1,2,2,,1068,6/10/2025,300,12,80%,1685,1.58,1545,1.45,2025-05-03,2025-06-22,51,13
Adagio Apartments,Conifer,27105,1,2,2,,1068,Now,300,12,80%,1690,1.58,1549,1.45,2026-05-17,,58,5
Adagio Apartments,Conifer,14204,2,2,2,,1068,9/23/2025,300,12,80%,1690,1.58,1640,1.54,2025-08-14,2025-08-20,7,0
Adagio Apartments,Conifer,07201,2,2,2,,1068,4/20/2024,300,,80%,1745,1.63,1745,1.63,2024-04-09,2024-04-25,17,6
Adagio Apartments,Conifer,07201,2,2,2,,1068,Now,300,12,80%,1695,1.59,1554,1.46,2026-06-10,,34,15
Adagio Apartments,Conifer,26205,2,2,2,,1068,4/10/2025,300,12,80%,1760,1.65,1613,1.51,2025-03-06,2025-04-23,49,14
Adagio Apartments,Conifer,26205,2,2,2,,1068,6/3/2026,300,12,80%,1697,1.59,1556,1.46,2026-03-04,2026-06-24,113,22
Adagio Apartments,Conifer,4-04204,,2,2,,1068,10/10/2023,300,,80%,1700,1.59,1700,1.59,2023-09-08,2023-09-27,20,0
Adagio Apartments,Conifer,24-24204,2,2,2,,1068,12/11/2023,300,,80%,1700,1.59,1700,1.59,2023-11-10,2023-11-18,9,0
Adagio Apartments,Conifer,1-01208,2,2,2,,1068,8/12/2023,300,,80%,1700,1.59,1700,1.59,2023-07-11,2023-08-23,44,12
Adagio Apartments,Conifer,14105,1,2,2,,1068,9/18/2025,300,12,80%,1702,1.59,1619,1.52,2025-08-30,2025-09-16,18,0
Adagio Apartments,Conifer,24204,2,2,2,,1068,4/10/2025,300,12,80%,1705,1.6,1705,1.6,2025-01-22,2025-07-03,163,85
Adagio Apartments,Conifer,18208,2,2,2,,1068,5/26/2025,300,12,80%,1705,1.6,1655,1.55,2025-04-30,2025-08-17,110,84
Adagio Apartments,Conifer,22105,1,2,2,,1068,7/10/2025,300,12,80%,1705,1.6,1563,1.46,2025-05-24,2025-06-26,34,0
Adagio Apartments,Conifer,18101,1,2,2,,1068,12/23/2024,300,12,80%,1715,1.61,1715,1.61,2024-11-05,2025-05-29,206,158
Adagio Apartments,Conifer,18101,1,2,2,,1068,5/28/2026,300,12,80%,1707,1.6,1565,1.47,2026-04-25,2026-06-09,46,13
Adagio Apartments,Conifer,26201,2,2,2,,1068,6/24/2024,300,,80%,1780,1.67,1780,1.67,2024-05-28,2024-06-05,9,0
Adagio Apartments,Conifer,26201,2,2,2,,1068,8/12/2026,300,12,80%,1710,1.6,1568,1.47,2026-06-24,,20,0
Adagio Apartments,Conifer,01204,2,2,2,,1068,3/30/2025,300,12,80%,1760,1.65,1718,1.61,2025-03-08,2025-04-03,27,5
Adagio Apartments,Conifer,01204,2,2,2,,1068,8/8/2026,300,12,80%,1710,1.6,1568,1.47,2026-07-08,,6,0
Adagio Apartments,Conifer,11205,2,2,2,,1068,6/2/2025,300,12,80%,1672,1.57,1543,1.44,2025-04-23,2025-10-03,164,124
Adagio Apartments,Conifer,11205,2,2,2,,1068,Now,300,12,80%,1710,1.6,1568,1.47,2026-04-21,,84,35
Adagio Apartments,Conifer,29208,2,2,2,,1068,Now,300,12,80%,1710,1.6,1568,1.47,2026-04-18,,87,44
Adagio Apartments,Conifer,22108,1,2,2,,1068,7/17/2026,300,12,80%,1710,1.6,1710,1.6,2026-04-18,2026-07-02,76,0
Adagio Apartments,Conifer,05204,2,2,2,,1068,6/13/2026,300,12,80%,1710,1.6,1568,1.47,2026-05-05,2026-07-10,67,28
Adagio Apartments,Conifer,01104,1,2,2,,1068,9/16/2025,300,12,80%,1715,1.61,1665,1.56,2025-08-07,2025-08-16,10,0
Adagio Apartments,Conifer,24208,2,2,2,,1068,9/20/2024,300,12,80%,1770,1.66,1770,1.66,2024-08-05,2024-08-14,10,0
Adagio Apartments,Conifer,24208,2,2,2,,1068,10/9/2026,300,12,80%,1717,1.61,1574,1.47,2026-03-27,2026-06-23,89,0
Adagio Apartments,Conifer,22-22208,2,2,2,,1068,8/22/2023,300,,80%,1720,1.61,1720,1.61,2023-08-01,2023-08-16,16,0
Adagio Apartments,Conifer,06105,1,2,2,,1068,4/20/2025,300,12,80%,1770,1.66,1728,1.62,2025-03-08,2025-04-14,38,0
Adagio Apartments,Conifer,06105,1,2,2,,1068,8/31/2026,300,,80%,1720,1.61,1577,1.48,2026-05-07,,68,0
Adagio Apartments,Conifer,7-07204,2,2,2,,1068,10/13/2023,300,,80%,1725,1.62,1725,1.62,2023-09-11,2023-10-11,31,0
Adagio Apartments,Conifer,7-07201,,2,2,,1068,8/11/2023,300,,80%,1725,1.62,1725,1.62,2023-07-12,2023-07-27,16,0
Adagio Apartments,Conifer,4-04101,1,2,2,,1068,9/4/2023,300,,80%,1730,1.62,1730,1.62,2023-08-03,2023-08-19,17,0
Adagio Apartments,Conifer,05101,1,2,2,,1068,11/10/2024,300,12,80%,1740,1.63,1698,1.59,2024-10-05,2025-02-28,147,111
Adagio Apartments,Conifer,23208,2,2,2,,1068,3/10/2025,300,12,80%,1713,1.6,1671,1.56,2025-02-01,2025-02-26,26,0
Adagio Apartments,Conifer,23208,2,2,2,,1068,5/25/2026,300,12,80%,1742,1.63,1713,1.6,2026-04-18,2026-05-05,18,0
Adagio Apartments,Conifer,27204,2,2,2,,1068,4/17/2024,300,,80%,1705,1.6,1705,1.6,2024-04-05,2024-04-10,6,0
Adagio Apartments,Conifer,27204,2,2,2,,1068,5/9/2025,300,12,80%,1745,1.63,1600,1.5,2025-03-04,2025-04-28,56,0
Adagio Apartments,Conifer,07204,2,2,2,,1068,10/14/2024,300,12,80%,1745,1.63,1703,1.59,2024-10-03,2024-12-20,79,68
Adagio Apartments,Conifer,22204,2,2,2,,1068,2/7/2025,300,12,80%,1745,1.63,1703,1.59,2025-01-11,2025-02-21,42,15
Adagio Apartments,Conifer,03201,2,2,2,,1068,8/14/2024,300,12,80%,1750,1.64,1750,1.64,2024-07-11,2024-08-06,27,0
Adagio Apartments,Conifer,26208,2,2,2,,1068,6/8/2024,300,12,80%,1780,1.67,1780,1.67,2024-05-16,2024-06-07,23,0
Adagio Apartments,Cottonwood,25201,2,3,2,,1215,4/16/2026,300,12,60%,1670,1.37,1531,1.26,2026-03-08,2026-04-15,39,0
Adagio Apartments,Cottonwood,12201,2,3,2,,1215,4/10/2025,300,12,60%,1815,1.49,1815,1.49,2025-02-26,2025-04-04,38,0
Adagio Apartments,Cottonwood,12201,2,3,2,,1215,11/27/2025,300,12,60%,1670,1.37,1531,1.26,2025-11-22,2026-04-14,144,139
Adagio Apartments,Cottonwood,16105,1,3,2,,1215,3/20/2026,300,12,60%,1675,1.38,1675,1.38,2026-02-18,2026-03-23,34,4
Adagio Apartments,Cottonwood,08101,1,3,2,,1215,4/18/2026,300,12,60%,1700,1.4,1558,1.28,2026-02-01,2026-04-17,76,0
Adagio Apartments,Cottonwood,17101,1,3,2,,1215,5/23/2025,300,12,60%,1795,1.48,1645,1.35,2025-05-07,2025-05-08,2,0
Adagio Apartments,Cottonwood,17101,1,3,2,,1215,6/15/2026,300,12,60%,1710,1.41,1710,1.41,2026-04-24,2026-04-28,5,0
Adagio Apartments,Cottonwood,17104,1,3,2,,1215,2/22/2024,300,,60%,1940,1.6,1940,1.6,2024-02-23,2024-03-05,12,12
Adagio Apartments,Cottonwood,17104,1,3,2,,1215,3/10/2025,300,12,60%,1870,1.54,1828,1.5,2025-01-21,2025-01-30,10,0
Adagio Apartments,Cottonwood,17104,1,3,2,,1215,4/10/2026,300,12,60%,1725,1.42,1725,1.42,2026-02-24,2026-04-10,46,1
Adagio Apartments,Cottonwood,17105,1,3,2,,1215,4/16/2026,300,12,60%,1725,1.42,1581,1.3,2026-02-02,2026-04-22,80,7
Adagio Apartments,Cottonwood,16108,1,3,2,,1215,5/11/2026,300,12,60%,1725,1.42,1581,1.3,2026-04-02,2026-04-24,23,0
Adagio Apartments,Cottonwood,16205,2,3,2,,1215,4/5/2025,300,12,60%,1815,1.49,1815,1.49,2025-03-28,2025-03-29,2,0
Adagio Apartments,Cottonwood,16205,2,3,2,,1215,5/10/2026,300,12,60%,1730,1.42,1586,1.31,2026-03-24,2026-05-03,41,0
Adagio Apartments,Cottonwood,12105,1,3,2,,1215,6/26/2025,300,12,60%,1890,1.56,1890,1.56,2025-05-16,2025-06-12,28,0
Adagio Apartments,Cottonwood,12105,1,3,2,,1215,11/30/2025,300,12,60%,1750,1.44,1750,1.44,2025-10-23,2026-04-03,163,125
Adagio Apartments,Cottonwood,12108,1,3,2,,1215,3/6/2024,300,,60%,1940,1.6,1940,1.6,2024-02-28,2024-04-07,40,33
Adagio Apartments,Cottonwood,12108,1,3,2,,1215,2/11/2025,300,12,60%,1870,1.54,1828,1.5,2025-02-03,2025-02-09,7,0
Adagio Apartments,Cottonwood,12108,1,3,2,,1215,2/10/2026,300,12,60%,1750,1.44,1750,1.44,2026-02-08,2026-04-07,59,57
Adagio Apartments,Cottonwood,15-15104,1,3,2,,1215,8/30/2023,300,,60%,1755,1.44,1755,1.44,2023-08-15,2023-08-16,2,0
Adagio Apartments,Cottonwood,25-25104,,3,2,,1215,12/8/2023,300,,60%,1755,1.44,1755,1.44,2023-12-06,2023-12-10,5,3
Adagio Apartments,Cottonwood,21-21108,1,3,2,,1215,6/17/2023,300,,60%,1760,1.45,1760,1.45,,2023-06-22,,
Adagio Apartments,Cottonwood,19208,2,3,2,,1215,11/11/2024,300,12,60%,1920,1.58,1878,1.55,2024-10-03,2024-12-16,75,36
Adagio Apartments,Cottonwood,19208,2,3,2,,1215,4/21/2026,300,12,60%,1775,1.46,1775,1.46,2026-03-10,2026-04-13,35,0
Adagio Apartments,Cottonwood,30205,2,3,2,,1215,5/13/2026,300,12,60%,1790,1.47,1641,1.35,2026-03-27,2026-04-30,35,0
Adagio Apartments,Cottonwood,19104,1,3,2,,1215,1/23/2025,300,12,60%,1795,1.48,1753,1.44,2024-12-14,2025-01-16,34,0
Adagio Apartments,Cottonwood,20204,2,3,2,,1215,9/16/2024,300,12,60%,1815,1.49,1773,1.46,2024-08-22,2024-12-14,115,90
Adagio Apartments,Cottonwood,20204,2,3,2,,1215,10/31/2026,300,12,60%,1795,1.48,1795,1.48,2026-05-07,2026-06-24,49,0
Adagio Apartments,Cottonwood,15205,2,3,2,,1215,6/10/2025,300,12,60%,1815,1.49,1664,1.37,2025-04-22,2025-05-09,18,0
Adagio Apartments,Cottonwood,15205,2,3,2,,1215,6/10/2026,300,12,60%,1795,1.48,1766,1.45,2026-04-28,2026-05-13,16,0
Adagio Apartments,Cottonwood,09204,2,3,2,,1215,6/15/2025,300,12,60%,1800,1.48,1650,1.36,2025-05-07,2025-05-13,7,0
Adagio Apartments,Cottonwood,19204,2,3,2,,1215,4/16/2026,300,12,60%,1805,1.49,1805,1.49,2025-12-13,2026-04-28,137,13
Adagio Apartments,Cottonwood,15105,1,3,2,,1215,8/10/2024,300,12,60%,1915,1.58,1915,1.58,2024-07-12,2024-08-14,34,5
Adagio Apartments,Cottonwood,15105,1,3,2,,1215,5/10/2025,300,12,60%,1825,1.5,1673,1.38,2025-04-08,2025-05-13,36,4
Adagio Apartments,Cottonwood,15105,1,3,2,,1215,6/16/2026,300,12,60%,1805,1.49,1805,1.49,2026-05-07,2026-06-02,27,0
Adagio Apartments,Cottonwood,17205,2,3,2,,1215,4/16/2026,300,12,60%,1805,1.49,1805,1.49,2026-02-24,2026-04-25,61,10
Adagio Apartments,Cottonwood,19201,2,3,2,,1215,4/24/2026,300,12,60%,1805,1.49,1805,1.49,2026-03-09,2026-04-26,49,3
Adagio Apartments,Cottonwood,30104,1,3,2,,1215,12/26/2024,300,12,60%,1855,1.53,1855,1.53,2024-12-11,2025-01-01,22,7
Adagio Apartments,Cottonwood,30104,1,3,2,,1215,1/1/2026,300,12,60%,1815,1.49,1664,1.37,2025-12-11,2026-03-18,98,77
Adagio Apartments,Cottonwood,16204,2,3,2,,1215,11/10/2024,300,12,60%,1815,1.49,1773,1.46,2024-10-05,2024-12-11,68,32
Adagio Apartments,Cottonwood,09101,1,3,2,,1215,11/10/2025,300,12,60%,1825,1.5,1825,1.5,2025-10-03,2025-11-11,40,2
Adagio Apartments,Cottonwood,15-15101,1,3,2,,1215,11/2/2023,300,,60%,1830,1.51,1830,1.51,2023-10-11,2023-10-27,17,0
Adagio Apartments,Cottonwood,21-21101,1,3,2,,1215,9/8/2023,300,,60%,1830,1.51,1830,1.51,2023-08-12,2023-09-01,21,0
Adagio Apartments,Cottonwood,20-20104,,3,2,,1215,9/16/2023,300,,60%,1830,1.51,1830,1.51,2023-09-12,2023-09-18,7,3
Adagio Apartments,Cottonwood,20101,1,3,2,,1215,8/28/2025,300,12,60%,1840,1.51,1840,1.51,2025-08-26,2025-09-04,10,8
Adagio Apartments,Cottonwood,16104,1,3,2,,1215,11/11/2025,300,12,60%,1840,1.51,1840,1.51,2025-10-02,2025-10-07,6,0
Adagio Apartments,Cottonwood,15104,1,3,2,,1215,9/10/2025,300,12,60%,1840,1.51,1790,1.47,2025-08-06,2025-08-08,3,0
Adagio Apartments,Cottonwood,12101,1,3,2,,1215,4/20/2024,300,,80%,1940,1.6,1940,1.6,2024-04-07,2024-04-28,22,9
Adagio Apartments,Cottonwood,12101,1,3,2,,1215,6/10/2026,300,12,80%,1850,1.52,1850,1.52,2026-05-13,2026-06-23,42,14
Adagio Apartments,Cottonwood,09201,2,3,2,,1215,5/10/2024,300,,80%,1945,1.6,1945,1.6,2024-04-14,2024-05-03,20,0
Adagio Apartments,Cottonwood,09201,2,3,2,,1215,6/10/2026,300,12,80%,1855,1.53,1855,1.53,2026-05-30,2026-06-22,24,13
Adagio Apartments,Cottonwood,30101,1,3,2,,1215,5/17/2024,300,,80%,1925,1.58,1925,1.58,2024-05-01,2024-05-03,3,0
Adagio Apartments,Cottonwood,30101,1,3,2,,1215,5/27/2025,300,12,80%,1855,1.53,1855,1.53,2025-05-15,2025-05-16,2,0
Adagio Apartments,Cottonwood,21201,2,3,2,,1215,6/10/2026,300,12,80%,1859,1.53,1859,1.53,2026-05-01,2026-07-10,71,31
Adagio Apartments,Cottonwood,31-31105,1,3,2,,1215,7/1/2023,300,,80%,1860,1.53,1860,1.53,2023-06-23,2023-06-24,2,0
Adagio Apartments,Cottonwood,12104,1,3,2,,1215,7/10/2026,300,12,80%,1864,1.53,1864,1.53,2026-05-31,2026-07-07,38,0
Adagio Apartments,Cottonwood,17-17101,,3,2,,1215,3/10/2024,300,,80%,1865,1.53,1865,1.53,2024-02-08,2024-02-23,16,0
Adagio Apartments,Cottonwood,30105,1,3,2,,1215,10/24/2024,300,12,80%,1890,1.56,1890,1.56,2024-10-14,2024-11-07,25,15
Adagio Apartments,Cottonwood,30105,1,3,2,,1215,12/10/2025,300,12,80%,1865,1.53,1721,1.42,2025-10-30,2026-02-01,95,54
Adagio Apartments,Cottonwood,12208,2,3,2,,1215,10/8/2024,300,12,80%,1890,1.56,1890,1.56,2024-09-05,2025-03-06,183,150
Adagio Apartments,Cottonwood,12208,2,3,2,,1215,6/16/2026,300,12,80%,1870,1.54,1870,1.54,2026-05-07,2026-05-23,17,0
Adagio Apartments,Cottonwood,30-30108,1,3,2,,1215,12/10/2023,300,,80%,1870,1.54,1870,1.54,2023-11-20,2023-12-05,16,0
Adagio Apartments,Cottonwood,09104,1,3,2,,1215,7/23/2024,300,12,80%,1870,1.54,1870,1.54,2024-07-23,2024-08-17,26,26
Adagio Apartments,Cottonwood,21101,1,3,2,,1215,11/28/2024,300,12,80%,1870,1.54,1828,1.5,2024-10-19,2025-01-25,99,59
Adagio Apartments,Cottonwood,31104,1,3,2,,1215,6/10/2025,300,12,80%,1870,1.54,1870,1.54,2025-04-26,2025-04-29,4,0
Adagio Apartments,Cottonwood,30108,1,3,2,,1215,5/16/2025,300,12,80%,1870,1.54,1870,1.54,2025-04-12,2025-04-30,19,0
Adagio Apartments,Cottonwood,16-16201,2,3,2,,1215,8/26/2023,300,,80%,1875,1.54,1875,1.54,2023-08-03,2023-08-08,6,0
Adagio Apartments,Cottonwood,08105,1,3,2,,1215,1/10/2026,300,12,80%,1880,1.55,1735,1.43,2025-11-16,2026-01-15,61,6
Adagio Apartments,Cottonwood,25101,1,3,2,,1215,12/30/2025,300,12,80%,1880,1.55,1735,1.43,2025-11-20,2026-01-24,66,26
Adagio Apartments,Cottonwood,17208,2,3,2,,1215,4/2/2024,300,,80%,1885,1.55,1885,1.55,2024-03-30,2024-04-21,23,20
Adagio Apartments,Cottonwood,17-17208,2,3,2,,1215,3/13/2024,300,,80%,1885,1.55,1885,1.55,2024-02-11,2024-02-13,3,0
Adagio Apartments,Cottonwood,16101,1,3,2,,1215,7/20/2024,300,12,80%,1885,1.55,1885,1.55,2024-07-11,2024-07-16,6,0
Adagio Apartments,Cottonwood,15208,2,3,2,,1215,6/9/2025,300,12,80%,1910,1.57,1910,1.57,2025-04-29,2025-05-15,17,0
Adagio Apartments,Cottonwood,15208,2,3,2,,1215,6/15/2026,300,12,80%,1890,1.56,1890,1.56,2026-05-07,2026-06-12,37,0
Adagio Apartments,Cottonwood,17201,2,3,2,,1215,5/20/2025,300,12,80%,1890,1.56,1890,1.56,2025-05-13,2025-05-20,8,1
Adagio Apartments,Cottonwood,31105,1,3,2,,1215,8/13/2026,300,12,80%,1894,1.56,1894,1.56,2026-06-11,2026-07-07,27,0
Adagio Apartments,Cottonwood,19101,1,3,2,,1215,3/15/2024,300,,80%,1895,1.56,1895,1.56,2024-02-28,2024-03-07,9,0
Adagio Apartments,Cottonwood,30208,2,3,2,,1215,3/10/2025,300,12,80%,1890,1.56,1848,1.52,2024-12-23,2025-02-05,45,0
Adagio Apartments,Cottonwood,30208,2,3,2,,1215,2/21/2026,300,12,80%,1900,1.56,1742,1.43,2026-02-04,2026-02-19,16,0
Adagio Apartments,Cottonwood,21204,2,3,2,,1215,10/29/2024,300,12,80%,1890,1.56,1848,1.52,2024-09-07,2025-02-18,165,113
Adagio Apartments,Cottonwood,21204,2,3,2,,1215,1/23/2026,300,12,80%,1900,1.56,1742,1.43,2025-12-20,2026-03-05,76,42
Adagio Apartments,Cottonwood,20201,2,3,2,,1215,11/10/2025,300,12,80%,1900,1.56,1754,1.44,2025-09-26,2026-01-18,115,70
Adagio Apartments,Cottonwood,08204,2,3,2,,1215,1/10/2025,300,12,80%,1890,1.56,1848,1.52,2024-11-28,2025-02-12,77,34
Adagio Apartments,Cottonwood,08204,2,3,2,,1215,1/20/2026,300,12,80%,1900,1.56,1754,1.44,2025-12-05,2026-02-08,66,20
Adagio Apartments,Cottonwood,17204,2,3,2,,1215,8/16/2024,300,12,80%,1905,1.57,1905,1.57,2024-07-11,2024-08-29,50,14
Adagio Apartments,Cottonwood,25204,2,3,2,,1215,7/13/2025,300,12,80%,1910,1.57,1868,1.54,2025-06-26,2025-07-30,35,18
Adagio Apartments,Cottonwood,16201,2,3,2,,1215,8/11/2025,300,12,80%,1910,1.57,1868,1.54,2025-07-17,2025-07-30,14,0
Adagio Apartments,Cottonwood,12204,2,3,2,,1215,8/25/2025,300,12,80%,1910,1.57,1868,1.54,2025-07-23,2025-07-31,9,0
Adagio Apartments,Cottonwood,25205,2,3,2,,1215,3/11/2024,300,,80%,1980,1.63,1980,1.63,2024-02-23,2024-03-30,37,20
Adagio Apartments,Cottonwood,25205,2,3,2,,1215,11/2/2024,300,12,80%,1910,1.57,1868,1.54,2024-09-24,2025-02-02,132,93
Adagio Apartments,Cottonwood,30201,2,3,2,,1215,10/6/2025,300,12,80%,1920,1.58,1920,1.58,2025-09-24,2025-11-27,65,53
Adagio Apartments,Cottonwood,20108,1,3,2,,1215,2/3/2025,300,12,80%,1930,1.59,1888,1.55,2025-01-25,2025-02-14,21,12
Adagio Apartments,Cottonwood,20108,1,3,2,,1215,7/22/2026,300,12,80%,1924,1.58,1924,1.58,2026-06-12,2026-07-03,22,0
Adagio Apartments,Cottonwood,15-15108,1,3,2,,1215,3/11/2024,300,,80%,1940,1.6,1940,1.6,2024-02-09,2024-02-23,15,0
Adagio Apartments,Cottonwood,15108,1,3,2,,1215,3/11/2024,300,,80%,1940,1.6,1940,1.6,2024-02-23,2024-03-14,21,4
Adagio Apartments,Cottonwood,17-17104,1,3,2,,1215,2/10/2024,300,,80%,1940,1.6,1940,1.6,2024-01-11,2024-02-23,44,14
Adagio Apartments,Cottonwood,21104,1,3,2,,1215,4/8/2024,300,,80%,1940,1.6,1940,1.6,2024-03-14,2024-04-23,41,16
Adagio Apartments,Cottonwood,21205,2,3,2,,1215,8/9/2025,300,12,80%,1970,1.62,1928,1.59,2025-07-01,2025-07-12,12,0
Adagio Apartments,Cottonwood,21205,2,3,2,,1215,8/12/2026,300,12,80%,1944,1.6,1944,1.6,2026-07-03,2026-07-08,6,0
Adagio Apartments,Cottonwood,20104,1,3,2,,1215,9/11/2024,300,12,80%,1960,1.61,1960,1.61,2024-07-11,2024-08-26,47,0
Adagio Apartments,Cottonwood,08201,2,3,2,,1215,5/10/2024,300,,80%,1960,1.61,1960,1.61,2024-04-21,2024-04-28,8,0
Adagio Apartments,Cottonwood,12-12204,2,3,2,,1215,2/13/2024,300,,80%,1960,1.61,1960,1.61,2024-02-01,2024-02-22,22,10
Adagio Apartments,Cottonwood,12205,2,3,2,,1215,3/26/2024,300,,80%,1960,1.61,1960,1.61,2024-03-06,2024-04-25,51,31
Adagio Apartments,Cottonwood,15101,1,3,2,,1215,10/21/2024,300,12,80%,1970,1.62,1970,1.62,2024-10-03,2024-10-18,16,0
Adagio Apartments,Cottonwood,09205,2,3,2,,1215,4/9/2024,300,,80%,1945,1.6,1945,1.6,2024-03-26,2024-04-19,25,11
Adagio Apartments,Cottonwood,09205,2,3,2,,1215,9/10/2024,300,12,80%,1975,1.63,1975,1.63,2024-08-08,2024-09-26,50,17
Adagio Apartments,Cottonwood,25-25205,2,3,2,,1215,3/11/2024,300,,80%,1980,1.63,1980,1.63,2024-02-09,2024-02-23,15,0
Adagio Apartments,Cottonwood,15-15208,,3,2,,1215,1/10/2024,300,,80%,1980,1.63,1980,1.63,2023-12-11,2023-12-16,6,0
Adagio Apartments,Cottonwood,31205,2,3,2,,1215,8/10/2024,300,12,80%,1980,1.63,1980,1.63,2024-07-11,2024-08-07,28,0
Adagio Apartments,Cottonwood,31204,2,3,2,,1215,9/16/2024,300,12,80%,1990,1.64,1990,1.64,2024-08-30,2024-10-01,33,16
Adagio Apartments,Cottonwood,20205,2,3,2,,1215,4/10/2024,300,,80%,1990,1.64,1990,1.64,2024-03-11,2024-05-01,52,22
Adagio Apartments,Cottonwood,19108,1,3,2,,1215,9/26/2024,300,12,80%,2000,1.65,2000,1.65,2024-08-12,2024-10-03,53,8
Adagio Apartments,Cottonwood,20208,2,3,2,,1215,8/10/2024,300,12,80%,2020,1.66,2020,1.66,2024-07-11,2024-09-13,65,35
Point of View Apartments,Horizon,Tower 2-423,,1,1,,690,10/29/2025,550,,60%,1315,1.91,1315,1.91,2025-10-14,2025-12-20,68,53
Point of View Apartments,Pinnacle,Tower 1-519,,1,1,,690,3/26/2025,550,,60%,1450,2.1,1450,2.1,2025-02-22,2025-04-22,60,28
Point of View Apartments,Pinnacle,Tower 1-519,,1,1,,690,12/5/2025,550,,60%,1390,2.01,1390,2.01,2025-10-15,2026-01-21,99,48
Point of View Apartments,Pinnacle,Tower 1-419,,1,1,,690,4/14/2025,550,,60%,1450,2.1,1450,2.1,2025-02-13,2025-04-30,77,17
Point of View Apartments,Pinnacle,Tower 1-419,,1,1,,690,12/13/2025,550,,60%,1390,2.01,1390,2.01,2025-12-05,2026-03-16,102,94
Point of View Apartments,Pinnacle,Tower 4-571,,1,1,,690,12/14/2023,550,,60%,1525,2.21,1525,2.21,2023-12-01,2023-12-09,9,0
Point of View Apartments,Pinnacle,Tower 4-571,,1,1,,690,1/24/2026,550,,60%,1420,2.06,1302,1.89,2026-01-07,2026-02-12,37,20
Point of View Apartments,Pinnacle,Tower 4-378,,1,1,,690,5/4/2025,550,,60%,1525,2.21,1525,2.21,2025-04-22,2025-05-18,27,15
Point of View Apartments,Pinnacle,Tower 4-378,,1,1,,690,12/2/2025,550,,60%,1445,2.09,1445,2.09,2025-10-29,2025-12-28,61,27
Point of View Apartments,Pinnacle,Tower 4-364,,1,1,,690,2/13/2026,550,,60%,1465,2.12,1465,2.12,2026-01-23,2026-02-26,35,14
Point of View Apartments,Pinnacle,Tower 4-665,,1,1,,690,8/28/2024,550,,60%,1295,1.88,1295,1.88,2024-08-28,2024-12-15,110,110
Point of View Apartments,Pinnacle,Tower 4-665,,1,1,,690,1/16/2026,550,,60%,1470,2.13,1470,2.13,2026-01-01,2026-01-07,7,0
Point of View Apartments,Pinnacle,Tower 1-402,,1,1,,690,2/13/2026,550,,80%,1500,2.17,1500,2.17,2026-01-26,2026-01-29,4,0
Point of View Apartments,Horizon,Tower 3-457,,1,1,,690,12/21/2023,550,,80%,1550,2.25,1550,2.25,2023-12-17,2023-12-27,11,7
Point of View Apartments,Horizon,Tower 3-457,,1,1,,690,5/22/2026,550,,80%,1615,2.34,1532,2.22,2026-03-23,2026-05-28,67,7
Point of View Apartments,Pinnacle,Tower 1-515,,1,1,,690,9/14/2023,550,,80%,1390,2.01,1390,2.01,2023-09-14,2023-09-20,7,7
Point of View Apartments,Pinnacle,Tower 1-515,,1,1,,690,4/13/2026,550,,80%,1640,2.38,1640,2.38,2026-03-31,2026-04-02,3,0
Point of View Apartments,Horizon,Tower 4-473,,1,1,,690,12/14/2023,550,,80%,1410,2.04,1410,2.04,2023-10-27,2023-10-28,2,0
Point of View Apartments,Horizon,Tower 4-473,,1,1,,690,3/4/2025,550,,80%,1495,2.17,1495,2.17,2025-02-21,2025-03-01,9,0
Point of View Apartments,Horizon,Tower 4-473,,1,1,,690,5/19/2026,550,,80%,1650,2.39,1567,2.27,2026-03-20,2026-06-04,77,17
Point of View Apartments,Pinnacle,Tower 4-465,,1,1,,690,6/17/2023,550,,80%,1495,2.17,1495,2.17,,2023-06-20,,
Point of View Apartments,Pinnacle,Tower 4-465,,1,1,,690,9/23/2025,550,,80%,1305,1.89,1305,1.89,2025-09-23,2025-09-30,8,8
Point of View Apartments,Pinnacle,Tower 4-465,,1,1,,690,4/14/2026,550,,80%,1655,2.4,1572,2.28,2026-04-06,2026-06-22,78,70
Point of View Apartments,Pinnacle,Tower 2-338,,1,1,,690,4/14/2026,550,,80%,1655,2.4,1572,2.28,2025-11-16,2026-06-11,208,59
Point of View Apartments,Pinnacle,Tower 4-575,,1,1,,690,5/30/2026,550,,80%,1655,2.4,1572,2.28,2026-04-02,2026-06-09,69,11
Point of View Apartments,Pinnacle,Tower 3-359,,1,1,,690,5/4/2025,550,,80%,1450,2.1,1450,2.1,2025-04-19,2025-05-31,43,28
Point of View Apartments,Pinnacle,Tower 3-359,,1,1,,690,10/3/2025,550,,80%,1365,1.98,1365,1.98,2025-09-30,2025-10-10,11,8
Point of View Apartments,Pinnacle,Tower 3-359,,1,1,,690,5/13/2026,550,,80%,1665,2.41,1582,2.29,2026-05-07,2026-05-23,17,11
Point of View Apartments,Pinnacle,Tower 4-375,,1,1,,690,8/28/2023,550,,80%,1485,2.15,1485,2.15,2023-07-07,2023-08-08,33,0
Point of View Apartments,Pinnacle,Tower 4-375,,1,1,,690,6/1/2024,550,,80%,1525,2.21,1398,2.03,2024-06-01,2024-06-05,5,5
Point of View Apartments,Pinnacle,Tower 4-375,,1,1,,690,4/17/2026,550,,80%,1665,2.41,1582,2.29,2026-03-16,2026-05-24,70,38
Point of View Apartments,Pinnacle,Tower 2-622,,1,1,,690,4/15/2025,550,,80%,1760,2.55,1760,2.55,2025-02-15,2025-03-06,20,0
Point of View Apartments,Pinnacle,Tower 2-622,,1,1,,690,2/14/2026,550,,80%,1670,2.42,1670,2.42,2026-01-11,2026-01-13,3,0
Point of View Apartments,Horizon,Tower 1-317,,1,1,,690,5/13/2026,550,,80%,1705,2.47,1622,2.35,2026-04-05,2026-06-11,68,30
Point of View Apartments,Pinnacle,Tower 4-474,,1,1,,690,2/8/2024,550,,80%,1580,2.29,1530,2.22,2024-01-15,2024-04-11,88,64
Point of View Apartments,Pinnacle,Tower 4-474,,1,1,,690,3/16/2026,550,,80%,1710,2.48,1710,2.48,2026-03-15,2026-04-07,24,23
Point of View Apartments,Pinnacle,Tower 4-560,,1,1,,690,2/23/2025,550,,80%,1450,2.1,1450,2.1,2025-01-14,2025-01-15,2,0
Point of View Apartments,Pinnacle,Tower 4-560,,1,1,,690,5/5/2026,550,,80%,1715,2.49,1632,2.37,2026-05-02,2026-05-07,6,3
Point of View Apartments,Horizon,Tower 2-320,,1,1,,690,7/15/2025,550,,80%,1510,2.19,1510,2.19,2025-07-04,2025-07-22,19,8
Point of View Apartments,Horizon,Tower 2-320,,1,1,,690,4/22/2026,550,,80%,1715,2.49,1632,2.37,2026-03-14,2026-05-02,50,11
Point of View Apartments,Pinnacle,Tower 4-370,,1,1,,690,4/19/2026,550,,80%,1715,2.49,1632,2.37,2025-11-09,2026-05-02,175,14
Point of View Apartments,Horizon,Tower 3-357,,1,1,,690,8/30/2023,550,,80%,1440,2.09,1440,2.09,2023-08-11,2023-08-30,20,1
Point of View Apartments,Horizon,Tower 3-357,,1,1,,690,5/17/2025,550,,80%,1450,2.1,1450,2.1,2025-04-06,2025-05-30,55,14
Point of View Apartments,Horizon,Tower 3-357,,1,1,,690,8/18/2026,550,,80%,1730,2.51,1730,2.51,2026-06-20,,24,0
Point of View Apartments,Horizon,Tower 3-657,,1,1,,690,6/22/2023,550,,80%,1650,2.39,1650,2.39,2023-06-22,2023-06-27,6,6
Point of View Apartments,Horizon,Tower 3-657,,1,1,,690,6/21/2024,550,,80%,1480,2.14,1480,2.14,2024-06-06,2024-10-06,123,108
Point of View Apartments,Horizon,Tower 3-657,,1,1,,690,10/25/2025,550,,80%,1740,2.52,1740,2.52,2025-09-14,2026-03-27,195,154
Point of View Apartments,Horizon,Tower 2-420,,1,1,,690,6/19/2026,550,,80%,1750,2.54,1667,2.42,2026-04-30,2026-06-02,34,0
Point of View Apartments,Pinnacle,Tower 4-374,,1,1,,690,6/2/2026,550,,80%,1755,2.54,1672,2.42,2026-05-13,2026-06-22,41,21
Point of View Apartments,Horizon,Tower 3-456,,1,1,,690,4/16/2024,550,,80%,1630,2.36,1630,2.36,2023-11-16,2024-02-27,104,0
Point of View Apartments,Horizon,Tower 3-456,,1,1,,690,8/20/2026,550,,80%,1775,2.57,1775,2.57,2026-06-22,2026-06-23,2,0
Point of View Apartments,Horizon,Tower 1-312,,1,1,,690,6/8/2025,550,,80%,1500,2.17,1500,2.17,2025-04-10,2025-05-25,46,0
Point of View Apartments,Horizon,Tower 1-312,,1,1,,690,8/25/2026,550,,80%,1775,2.57,1775,2.57,2026-06-27,2026-07-01,5,0
Point of View Apartments,Horizon,Tower 4-372,,1,1,,690,4/15/2025,550,,80%,1550,2.25,1550,2.25,2025-03-21,2025-04-30,41,16
Point of View Apartments,Horizon,Tower 4-372,,1,1,,690,7/21/2026,550,,80%,1780,2.58,1780,2.58,2026-06-02,,42,0
Point of View Apartments,Horizon,Tower 1-412,,1,1,,690,4/8/2025,550,,80%,1535,2.22,1535,2.22,2025-02-28,2025-03-29,30,0
Point of View Apartments,Horizon,Tower 1-412,,1,1,,690,7/23/2026,550,,80%,1780,2.58,1780,2.58,2026-06-14,,30,0
Point of View Apartments,Pinnacle,Tower 4-470,,1,1,,690,8/21/2026,550,,80%,1780,2.58,1780,2.58,2026-07-02,,12,0
Point of View Apartments,Horizon,Tower 4-376,,1,1,,690,4/12/2024,550,,80%,1595,2.31,1545,2.24,2024-04-12,2024-04-19,8,8
Point of View Apartments,Horizon,Tower 4-376,,1,1,,690,7/14/2025,550,,80%,1430,2.07,1388,2.01,2025-05-28,2025-09-04,100,53
Point of View Apartments,Horizon,Tower 4-376,,1,1,,690,6/20/2026,550,,80%,1785,2.59,1702,2.47,2026-05-28,2026-06-13,17,0
Point of View Apartments,Pinnacle,Tower 4-671,,1,1,,690,12/15/2024,550,,80%,1385,2.01,1385,2.01,2024-12-15,2024-12-31,17,17
Point of View Apartments,Pinnacle,Tower 4-671,,1,1,,690,8/22/2026,550,,80%,1825,2.64,1825,2.64,2026-06-29,2026-07-02,4,0
Point of View Apartments,Pinnacle,Tower 1-615,,1,1,,690,4/11/2024,550,,80%,1600,2.32,1467,2.13,2024-04-11,2024-06-14,65,65
Point of View Apartments,Pinnacle,Tower 1-615,,1,1,,690,8/3/2026,550,,80%,1830,2.65,1830,2.65,2026-06-11,,33,0
Point of View Apartments,Pinnacle,Tower 4-660,,1,1,,690,4/14/2026,550,,80%,1860,2.7,1860,2.7,2026-03-03,2026-04-17,46,4
Point of View Apartments,Horizon,Tower 2-620,,1,1,,690,4/27/2025,550,,80%,1685,2.44,1685,2.44,2025-02-27,2025-03-30,32,0
Point of View Apartments,Horizon,Tower 2-620,,1,1,,690,6/8/2026,550,,80%,1865,2.7,1782,2.58,2026-02-05,2026-05-20,105,0
Point of View Apartments,Pinnacle,Tower 4-670,,1,1,,690,8/21/2025,550,,80%,1580,2.29,1580,2.29,2025-07-07,2025-08-27,52,7
Point of View Apartments,Pinnacle,Tower 4-670,,1,1,,690,Now,550,,80%,1925,2.79,1925,2.79,2026-02-26,,138,91
Point of View Apartments,Pinnacle,Tower 1-618,,1,1,,690,Now,550,,80%,1925,2.79,1925,2.79,2026-05-24,,51,28
Point of View Apartments,Pinnacle,Tower 3-658,,1,1,,690,9/4/2023,550,,80%,1605,2.33,1605,2.33,2023-09-04,2023-10-18,45,45
Point of View Apartments,Pinnacle,Tower 3-658,,1,1,,690,7/2/2025,550,,80%,1650,2.39,1650,2.39,2025-05-21,2025-05-29,9,0
Point of View Apartments,Pinnacle,Tower 3-658,,1,1,,690,7/28/2026,550,,80%,1925,2.79,1925,2.79,2026-06-16,2026-06-29,14,0
Point of View Apartments,Horizon,Tower 1-606,,1,1,,690,8/24/2023,550,,80%,1640,2.38,1640,2.38,2023-07-14,2023-09-06,55,14
Point of View Apartments,Horizon,Tower 1-606,,1,1,,690,4/13/2025,550,,80%,1675,2.43,1675,2.43,2025-02-25,2025-05-19,84,37
Point of View Apartments,Horizon,Tower 1-606,,1,1,,690,8/17/2026,550,,80%,1930,2.8,1930,2.8,2026-07-01,,13,0
Point of View Apartments,Pinnacle,Tower 4-675,,1,1,,690,6/23/2024,550,,60%,1295,1.88,1295,1.88,2024-06-23,2024-12-20,181,181
Point of View Apartments,Pinnacle,Tower 4-574,,1,1,,690,11/13/2024,550,,60%,1295,1.88,1295,1.88,2024-11-13,2024-12-21,39,39
Point of View Apartments,Horizon,Tower 4-476,,1,1,,690,10/24/2023,550,,60%,1650,2.39,1650,2.39,2023-10-09,2023-11-10,33,18
Point of View Apartments,Horizon,Tower 4-476,,1,1,,690,11/20/2024,550,,60%,1295,1.88,1295,1.88,2024-11-20,2024-12-29,40,40
Point of View Apartments,Horizon,Tower 4-380,,1,1,,690,6/27/2023,550,,60%,1595,2.31,1553,2.25,2023-06-27,2023-07-12,16,16
Point of View Apartments,Horizon,Tower 4-380,,1,1,,690,11/28/2024,550,,60%,1295,1.88,1295,1.88,2024-11-28,2024-12-19,22,22
Point of View Apartments,Pinnacle,Tower 4-361,,1,1,,690,8/10/2025,550,,60%,1300,1.88,1300,1.88,2025-06-16,2025-12-12,180,125
Point of View Apartments,Pinnacle,Tower 2-321,,1,1,,690,6/22/2024,550,,60%,1530,2.22,1530,2.22,2024-06-22,2024-06-23,2,2
Point of View Apartments,Pinnacle,Tower 2-321,,1,1,,690,5/11/2025,550,,60%,1310,1.9,1310,1.9,2025-04-30,2025-09-24,148,137
Point of View Apartments,Horizon,Tower 4-377,,1,1,,690,8/16/2025,550,,60%,1310,1.9,1268,1.84,2025-07-12,2025-09-23,74,39
Point of View Apartments,Pinnacle,Tower 4-561,,1,1,,690,9/26/2025,550,,60%,1325,1.92,1325,1.92,2025-09-24,2025-10-17,24,22
Point of View Apartments,Pinnacle,Tower 4-475,,1,1,,690,7/13/2025,550,,60%,1430,2.07,1430,2.07,2025-05-18,2025-06-06,20,0
Point of View Apartments,Pinnacle,Tower 4-475,,1,1,,690,11/13/2025,550,,60%,1330,1.93,1330,1.93,2025-10-10,2025-10-15,6,0
Point of View Apartments,Pinnacle,Tower 1-415,,1,1,,690,7/8/2023,550,,60%,1495,2.17,1453,2.11,2023-06-20,2023-07-12,23,5
Point of View Apartments,Pinnacle,Tower 1-415,,1,1,,690,8/27/2025,550,,60%,1330,1.93,1288,1.87,2025-08-27,2025-09-04,9,9
Point of View Apartments,Horizon,Tower 2-323,,1,1,,690,9/7/2025,550,,60%,1345,1.95,1345,1.95,2025-07-22,2025-10-09,80,33
Point of View Apartments,Horizon,Tower 1-613,,1,1,,690,9/26/2024,550,,60%,1345,1.95,1345,1.95,2024-09-26,2024-12-24,90,90
Point of View Apartments,Pinnacle,Tower 4-371,,1,1,,690,6/12/2024,550,,60%,1530,2.22,1530,2.22,2024-06-12,2024-06-22,11,11
Point of View Apartments,Pinnacle,Tower 4-371,,1,1,,690,8/18/2025,550,,60%,1345,1.95,1345,1.95,2025-07-10,2025-12-07,151,112
Point of View Apartments,Pinnacle,Tower 1-302,,1,1,,690,12/2/2024,550,,60%,1375,1.99,1375,1.99,2024-12-02,2024-12-27,26,26
Point of View Apartments,Horizon,Tower 1-413,,1,1,,690,3/13/2025,550,,60%,1375,1.99,1375,1.99,2025-01-15,2025-01-16,2,0
Point of View Apartments,Pinnacle,Tower 4-365,,1,1,,690,8/13/2025,550,,60%,1380,2,1380,2,2025-07-24,2025-08-24,32,12
Point of View Apartments,Horizon,Tower 4-463,,1,1,,690,10/8/2024,550,,60%,1380,2,1380,2,2024-10-06,2024-10-10,5,3
Point of View Apartments,Horizon,Tower 3-556,,1,1,,690,12/26/2025,550,,60%,1395,2.02,1395,2.02,2025-11-14,2025-12-14,31,0
Point of View Apartments,Pinnacle,Tower 4-661,,1,1,,690,1/16/2024,550,,60%,1545,2.24,1545,2.24,2023-12-08,2024-08-17,254,215
Point of View Apartments,Pinnacle,Tower 4-661,,1,1,,690,12/22/2025,550,,60%,1400,2.03,1400,2.03,2025-12-12,2025-12-16,5,0
Point of View Apartments,Pinnacle,Tower 1-619,,1,1,,690,6/17/2023,550,,60%,1650,2.39,1650,2.39,,2023-06-29,,
Point of View Apartments,Pinnacle,Tower 1-619,,1,1,,690,8/16/2025,550,,60%,1410,2.04,1368,1.98,2025-07-31,2025-09-23,55,39
Point of View Apartments,Horizon,Tower 4-472,,1,1,,690,6/20/2024,550,,60%,1455,2.11,1455,2.11,2024-06-20,2024-09-18,91,91
Point of View Apartments,Horizon,Tower 4-472,,1,1,,690,10/3/2025,550,,60%,1415,2.05,1415,2.05,2025-09-05,2025-10-10,36,8
Point of View Apartments,Horizon,Tower 4-673,,1,1,,690,11/12/2023,550,,60%,1560,2.26,1560,2.26,2023-10-06,2023-10-28,23,0
Point of View Apartments,Horizon,Tower 4-673,,1,1,,690,12/18/2024,550,,60%,1425,2.07,1425,2.07,2024-12-18,2024-12-27,10,10
Point of View Apartments,Pinnacle,Tower 4-461,,1,1,,690,6/17/2025,550,,60%,1425,2.07,1425,2.07,2025-06-17,2025-07-06,20,20
Point of View Apartments,Horizon,Tower 2-520,,1,1,,690,10/31/2025,550,,60%,1435,2.08,1435,2.08,2025-10-10,2025-10-17,8,0
Point of View Apartments,Horizon,Tower 1-313,,1,1,,690,6/17/2023,550,,60%,1545,2.24,1503,2.18,,2023-07-14,,
Point of View Apartments,Horizon,Tower 1-313,,1,1,,690,9/27/2025,550,,60%,1445,2.09,1445,2.09,2025-08-02,2025-10-26,86,30
Point of View Apartments,Pinnacle,Tower 1-518,,1,1,,690,12/27/2024,550,,60%,1295,1.88,1295,1.88,2024-12-27,2024-12-29,3,3
Point of View Apartments,Pinnacle,Tower 1-518,,1,1,,690,12/13/2025,550,,60%,1445,2.09,1445,2.09,2025-10-17,2025-10-23,7,0
Point of View Apartments,Horizon,Tower 4-573,,1,1,,690,5/29/2025,550,,60%,1450,2.1,1450,2.1,2025-04-18,2025-05-06,19,0
Point of View Apartments,Horizon,Tower 4-462,,1,1,,690,9/24/2023,550,,60%,1455,2.11,1455,2.11,2023-09-14,2023-10-17,34,24
Point of View Apartments,Horizon,Tower 1-513,,1,1,,690,7/24/2025,550,,60%,1460,2.12,1460,2.12,2025-06-12,2025-06-26,15,0
Point of View Apartments,Horizon,Tower 1-506,,1,1,,690,10/3/2025,550,,60%,1460,2.12,1460,2.12,2025-08-22,2025-09-05,15,0
Point of View Apartments,Horizon,Tower 1-417,,1,1,,690,8/13/2025,550,,60%,1465,2.12,1465,2.12,2025-06-14,2025-07-02,19,0
Point of View Apartments,Horizon,Tower 4-373,,1,1,,690,9/20/2023,550,,80%,1440,2.09,1440,2.09,2023-09-07,2023-09-20,14,1
Point of View Apartments,Horizon,Tower 4-373,,1,1,,690,4/3/2024,550,,80%,1505,2.18,1505,2.18,2024-04-01,2024-06-15,76,74
Point of View Apartments,Horizon,Tower 4-373,,1,1,,690,7/27/2025,550,,80%,1475,2.14,1475,2.14,2025-07-02,2025-07-10,9,0
Point of View Apartments,Horizon,Tower 4-577,,1,1,,690,3/22/2024,550,,80%,1475,2.14,1475,2.14,2024-03-02,2024-05-30,90,70
Point of View Apartments,Pinnacle,Tower 1-318,,1,1,,690,3/13/2025,550,,80%,1475,2.14,1475,2.14,2025-01-15,2025-01-16,2,0
Point of View Apartments,Pinnacle,Tower 2-322,,1,1,,690,8/21/2023,550,,80%,1630,2.36,1630,2.36,2023-06-29,2023-07-20,22,0
Point of View Apartments,Pinnacle,Tower 2-322,,1,1,,690,8/10/2025,550,,80%,1480,2.14,1480,2.14,2025-06-14,2025-08-16,64,7
Point of View Apartments,Horizon,Tower 4-576,,1,1,,690,6/18/2024,550,,80%,1480,2.14,1480,2.14,2024-05-30,2024-10-25,149,130
Point of View Apartments,Horizon,Tower 4-480,,1,1,,690,9/14/2023,550,,80%,1490,2.16,1490,2.16,2023-08-31,2023-09-13,14,0
Point of View Apartments,Horizon,Tower 4-480,,1,1,,690,10/18/2024,550,,80%,1480,2.14,1480,2.14,2024-10-18,2024-11-20,34,34
Point of View Apartments,Horizon,Tower 1-306,,1,1,,690,10/25/2024,550,,80%,1480,2.14,1480,2.14,2024-10-25,2024-11-28,35,35
Point of View Apartments,Pinnacle,Tower 2-522,,1,1,,690,9/8/2023,550,,80%,1490,2.16,1490,2.16,2023-07-20,2023-09-06,49,0
Point of View Apartments,Horizon,Tower 4-362,,1,1,,690,11/13/2025,550,,80%,1490,2.16,1490,2.16,2025-10-17,2025-10-25,9,0
Point of View Apartments,Horizon,Tower 1-406,,1,1,,690,9/14/2023,550,,80%,1490,2.16,1490,2.16,2023-08-30,2023-08-31,2,0
Point of View Apartments,Pinnacle,Tower 1-418,,1,1,,690,9/14/2023,550,,80%,1495,2.17,1495,2.17,2023-08-08,2023-10-26,80,43
Point of View Apartments,Pinnacle,Tower 3-360,,1,1,,690,12/13/2025,550,,80%,1495,2.17,1495,2.17,2025-10-24,2025-10-29,6,0
Point of View Apartments,Pinnacle,Tower 1-315,,1,1,,690,4/24/2024,550,,80%,1500,2.17,1375,1.99,2024-04-24,2024-06-12,50,50
Point of View Apartments,Horizon,Tower 3-356,,1,1,,690,5/21/2025,550,,80%,1500,2.17,1500,2.17,2025-05-21,2025-05-28,8,8
Point of View Apartments,Horizon,Tower 1-416,,1,1,,690,9/14/2023,550,,80%,1505,2.18,1505,2.18,2023-09-02,2023-10-06,35,23
Point of View Apartments,Horizon,Tower 1-416,,1,1,,690,12/19/2024,550,,80%,1295,1.88,1295,1.88,2024-12-19,2024-12-20,2,2
Point of View Apartments,Horizon,Tower 1-416,,1,1,,690,8/2/2025,550,,80%,1510,2.19,1510,2.19,2025-06-22,2025-07-29,38,0
Point of View Apartments,Horizon,Tower 1-316,,1,1,,690,3/8/2024,550,,80%,1580,2.29,1530,2.22,2024-02-29,2024-04-11,43,35
Point of View Apartments,Horizon,Tower 1-316,,1,1,,690,7/18/2025,550,,80%,1510,2.19,1510,2.19,2025-06-16,2025-08-02,48,16
Point of View Apartments,Horizon,Tower 4-663,,1,1,,690,7/26/2023,550,,80%,1540,2.23,1540,2.23,2023-07-12,2023-08-18,38,24
Point of View Apartments,Horizon,Tower 3-656,,1,1,,690,6/17/2023,550,,80%,1800,2.61,1800,2.61,,2023-11-11,,
Point of View Apartments,Horizon,Tower 3-656,,1,1,,690,5/19/2024,,,80%,2085,3.02,2085,3.02,2024-04-05,2024-05-09,35,0
Point of View Apartments,Horizon,Tower 3-656,,1,1,,690,10/21/2025,550,,80%,1545,2.24,1545,2.24,2025-09-23,2025-09-27,5,0
Point of View Apartments,Pinnacle,Tower 4-578,,1,1,,690,1/14/2024,550,,80%,1650,2.39,1650,2.39,2023-12-15,2023-12-16,2,0
Point of View Apartments,Pinnacle,Tower 4-578,,1,1,,690,3/26/2025,550,,80%,1550,2.25,1550,2.25,2024-09-26,2025-04-06,193,12
Point of View Apartments,Pinnacle,Tower 4-679,,1,1,,690,4/13/2025,550,,80%,1550,2.25,1550,2.25,2025-04-06,2025-05-28,53,46
Point of View Apartments,Pinnacle,Tower 1-314,,1,1,,690,7/6/2024,550,,80%,1555,2.25,1555,2.25,2024-07-06,2024-07-20,15,15
Point of View Apartments,Horizon,Tower 4-363,,1,1,,690,1/4/2024,550,,80%,1660,2.41,1660,2.41,2023-12-28,2024-01-12,16,9
Point of View Apartments,Horizon,Tower 4-363,,1,1,,690,6/18/2025,550,,80%,1575,2.28,1575,2.28,2025-05-19,2025-06-19,32,2
Point of View Apartments,Horizon,Tower 4-477,,1,1,,690,11/29/2023,550,,80%,1595,2.31,1595,2.31,2023-11-10,2023-11-15,6,0
Point of View Apartments,Horizon,Tower 1-617,,1,1,,690,8/6/2024,550,,80%,1605,2.33,1605,2.33,2024-07-11,2024-07-21,11,0
Point of View Apartments,Pinnacle,Tower 4-565,,1,1,,690,2/5/2024,550,,80%,1610,2.33,1610,2.33,2023-12-07,2024-01-15,40,0
Point of View Apartments,Horizon,Tower 4-680,,1,1,,690,8/30/2023,550,,80%,1640,2.38,1640,2.38,2023-08-19,2023-08-28,10,0
Point of View Apartments,Horizon,Tower 4-680,,1,1,,690,9/26/2024,550,,80%,1445,2.09,1445,2.09,2024-09-26,2024-12-18,84,84
Point of View Apartments,Horizon,Tower 4-680,,1,1,,690,12/13/2025,550,,80%,1615,2.34,1615,2.34,2025-11-15,2025-12-02,18,0
Point of View Apartments,Pinnacle,Tower 4-570,,1,1,,690,3/21/2025,550,,80%,1620,2.35,1620,2.35,2025-02-12,2025-02-21,10,0
Point of View Apartments,Horizon,Tower 2-623,,1,1,,690,3/26/2025,550,,80%,1620,2.35,1620,2.35,2025-01-25,2025-02-28,35,0
Point of View Apartments,Horizon,Tower 2-523,,1,1,,690,12/15/2023,550,,80%,1640,2.38,1640,2.38,2023-12-15,2024-01-23,40,40
Point of View Apartments,Horizon,Tower 4-662,,1,1,,690,6/13/2025,550,,80%,1650,2.39,1650,2.39,2025-04-15,2025-05-28,44,0
Point of View Apartments,Horizon,Tower 4-662,,1,1,,690,10/28/2025,550,,80%,1665,2.41,1665,2.41,2025-10-09,2025-11-02,25,6
Point of View Apartments,Pinnacle,Tower 4-678,,1,1,,690,12/22/2023,550,,80%,1685,2.44,1685,2.44,2023-10-31,2023-11-04,5,0
Point of View Apartments,Pinnacle,Tower 4-678,,1,1,,690,3/5/2025,550,,80%,1700,2.46,1700,2.46,2025-01-24,2025-04-19,86,46
Point of View Apartments,Pinnacle,Tower 4-674,,1,1,,690,10/18/2023,550,,80%,1660,2.41,1660,2.41,2023-10-18,2023-10-24,7,7
Point of View Apartments,Pinnacle,Tower 4-674,,1,1,,690,7/2/2024,550,,80%,1630,2.36,1630,2.36,2024-06-25,2024-11-13,142,135
Point of View Apartments,Pinnacle,Tower 4-674,,1,1,,690,4/9/2025,550,,80%,1700,2.46,1700,2.46,2025-03-01,2025-04-10,41,2
Point of View Apartments,Horizon,Tower 4-672,,1,1,,690,3/23/2024,550,,80%,1750,2.54,1750,2.54,2024-01-24,2024-04-01,69,10
Point of View Apartments,Horizon,Tower 4-676,,1,1,,690,1/3/2024,550,,80%,1770,2.57,1770,2.57,2023-12-06,2023-12-15,10,0
Point of View Apartments,Vision,Tower 3-644,,1,1,,720,10/20/2023,550,,80%,1570,2.18,1570,2.18,2023-09-23,2023-09-30,8,0
Point of View Apartments,Vision,Tower 3-644,,1,1,,720,11/3/2024,550,,80%,1360,1.89,1360,1.89,2024-09-04,2024-12-28,116,56
Point of View Apartments,Vision,Tower 3-644,,1,1,,720,1/14/2026,550,,80%,1530,2.13,1530,2.13,2025-11-15,2026-02-25,103,43
Point of View Apartments,Vision,Tower 2-639 (ADA),,1,1,,720,6/9/2026,550,,80%,1540,2.14,1540,2.14,2026-06-10,2026-07-11,32,32
Point of View Apartments,Eclipse,Tower 3-646,,1,1,,720,10/19/2024,550,,80%,1360,1.89,1360,1.89,2024-03-15,2024-12-29,290,72
Point of View Apartments,Eclipse,Tower 3-646,,1,1,,720,3/16/2026,550,,80%,1565,2.17,1565,2.17,2026-01-15,2026-01-25,11,0
Point of View Apartments,Vision,Tower 2-539 (ADA),,1,1,,720,8/21/2026,550,,80%,1625,2.26,1625,2.26,2026-06-22,,22,0
Point of View Apartments,Eclipse,Tower 2-530,,1,1,,720,4/17/2024,550,,80%,1515,2.1,1465,2.03,2023-12-20,2024-05-01,134,15
Point of View Apartments,Eclipse,Tower 2-530,,1,1,,720,8/11/2025,550,,80%,1475,2.05,1475,2.05,2025-06-12,2025-07-15,34,0
Point of View Apartments,Eclipse,Tower 2-530,,1,1,,720,6/26/2026,550,,80%,1670,2.32,1587,2.2,2026-04-27,2026-06-11,46,0
Point of View Apartments,Vision,Tower 3-344,,1,1,,720,4/28/2026,550,,80%,1680,2.33,1597,2.22,2026-03-01,2026-05-19,80,22
Point of View Apartments,Eclipse,Tower 3-349,,1,1,,720,7/26/2025,550,,80%,1420,1.97,1420,1.97,2025-06-14,2025-11-14,154,112
Point of View Apartments,Eclipse,Tower 3-349,,1,1,,720,Now,550,,80%,1695,2.35,1695,2.35,2026-05-11,,64,7
Point of View Apartments,Vision,Tower 2-639,,1,1,,720,4/14/2026,550,,80%,1720,2.39,1637,2.27,2026-02-16,2026-06-10,115,58
Point of View Apartments,Vision,Tower 2-335,,1,1,,720,4/14/2026,550,,80%,1720,2.39,1637,2.27,2026-01-21,2026-06-11,142,59
Point of View Apartments,Vision,Tower 3-351,,1,1,,720,7/23/2023,550,,80%,1505,2.09,1505,2.09,2023-06-22,2023-09-02,73,42
Point of View Apartments,Vision,Tower 3-351,,1,1,,720,5/23/2026,550,,80%,1730,2.4,1647,2.29,2026-03-24,2026-05-05,43,0
Point of View Apartments,Vision,Tower 2-635,,1,1,,720,2/27/2024,550,,80%,1645,2.28,1595,2.22,2023-12-30,2024-04-12,105,46
Point of View Apartments,Vision,Tower 2-635,,1,1,,720,7/4/2025,550,,80%,1605,2.23,1605,2.23,2025-05-10,2025-07-18,70,15
Point of View Apartments,Vision,Tower 2-635,,1,1,,720,Now,550,,80%,1840,2.56,1840,2.56,2026-06-04,,40,4
Point of View Apartments,Eclipse,Tower 3-649,,1,1,,720,8/31/2023,550,,80%,1655,2.3,1655,2.3,2023-07-03,2023-09-02,62,3
Point of View Apartments,Eclipse,Tower 3-649,,1,1,,720,10/27/2024,550,,80%,1620,2.25,1620,2.25,2024-09-12,2024-09-20,9,0
Point of View Apartments,Eclipse,Tower 3-649,,1,1,,720,4/14/2026,550,,80%,1880,2.61,1797,2.5,2025-12-28,2026-05-17,141,34
Point of View Apartments,Vision,Tower 1-609,,1,1,,720,6/8/2026,550,,80%,1915,2.66,1832,2.54,2026-05-05,2026-06-02,29,0
Point of View Apartments,Eclipse,Tower 2-430,,1,1,,720,5/1/2024,550,,50%,1515,2.1,1515,2.1,2024-03-03,2024-03-10,8,0
Point of View Apartments,Eclipse,Tower 2-430,,1,1,,720,1/13/2025,550,,50%,1210,1.68,1210,1.68,2024-12-18,2024-12-28,11,0
Point of View Apartments,Vision,Tower 3-340,,1,1,,720,6/27/2023,550,,60%,1405,1.95,1405,1.95,,2023-08-20,,
Point of View Apartments,Vision,Tower 3-340,,1,1,,720,9/15/2024,550,,60%,1395,1.94,1395,1.94,2024-08-01,2024-09-26,57,12
Point of View Apartments,Vision,Tower 3-340,,1,1,,720,9/13/2025,550,,60%,1270,1.76,1228,1.71,2025-08-01,2025-09-21,52,9
Point of View Apartments,Vision,Tower 2-535,,1,1,,720,2/18/2025,550,,60%,1290,1.79,1290,1.79,2024-12-20,2024-12-27,8,0
Point of View Apartments,Vision,Tower 2-439,,1,1,,720,3/14/2024,550,,60%,1365,1.9,1251,1.74,2024-03-02,2024-06-14,105,93
Point of View Apartments,Eclipse,Tower 3-449,,1,1,,720,8/26/2023,550,,60%,1465,2.03,1465,2.03,2023-07-15,2023-07-28,14,0
Point of View Apartments,Eclipse,Tower 3-449,,1,1,,720,9/14/2024,550,,60%,1395,1.94,1395,1.94,2024-07-30,2024-10-10,73,27
Point of View Apartments,Vision,Tower 1-509,,1,1,,720,9/20/2023,550,,60%,1420,1.97,1420,1.97,2023-09-20,2023-09-23,4,4
Point of View Apartments,Vision,Tower 1-509,,1,1,,720,10/11/2024,550,,60%,1395,1.94,1395,1.94,2024-08-27,2024-10-10,45,0
Point of View Apartments,Eclipse,Tower 2-433,,1,1,,720,10/28/2023,550,,60%,1420,1.97,1420,1.97,2023-09-20,2023-10-01,12,0
Point of View Apartments,Eclipse,Tower 2-433,,1,1,,720,10/28/2024,550,,60%,1395,1.94,1395,1.94,2024-09-26,2024-11-05,41,9
Point of View Apartments,Vision,Tower 3-540,,1,1,,720,10/14/2023,550,,60%,1470,2.04,1470,2.04,2023-09-19,2023-10-13,25,0
Point of View Apartments,Vision,Tower 3-540,,1,1,,720,12/2/2025,550,,60%,1405,1.95,1405,1.95,2025-11-22,2025-12-16,25,15
Point of View Apartments,Eclipse,Tower 2-533,,1,1,,720,10/6/2023,550,,60%,1405,1.95,1405,1.95,2023-09-02,2023-09-22,21,0
Point of View Apartments,Eclipse,Tower 2-533,,1,1,,720,8/5/2025,550,,60%,1425,1.98,1425,1.98,2025-06-14,2025-08-03,51,0
Point of View Apartments,Vision,Tower 3-544,,1,1,,720,6/22/2024,550,,60%,1470,2.04,1470,2.04,2024-06-09,2024-06-16,8,0
Point of View Apartments,Eclipse,Tower 2-633,,1,1,,720,10/13/2025,550,,80%,1490,2.07,1490,2.07,2025-08-14,2025-10-10,58,0
Point of View Apartments,Eclipse,Tower 3-549,,1,1,,720,11/4/2024,550,,80%,1495,2.08,1495,2.08,2024-09-26,2024-11-17,53,14
Point of View Apartments,Vision,Tower 2-435,,1,1,,720,8/6/2023,550,,80%,1510,2.1,1510,2.1,,2023-06-22,,
Point of View Apartments,Vision,Tower 3-551,,1,1,,720,8/3/2025,550,,80%,1525,2.12,1525,2.12,2025-01-17,2025-07-24,189,0
Point of View Apartments,Vision,Tower 2-328,,1,1,,720,5/27/2024,550,,80%,1565,2.17,1435,1.99,2024-05-09,2024-06-09,32,14
Point of View Apartments,Vision,Tower 2-328,,1,1,,720,6/21/2025,550,,80%,1540,2.14,1540,2.14,2025-04-23,2025-05-15,23,0
Point of View Apartments,Eclipse,Tower 3-546,,1,1,,720,9/12/2023,550,,80%,1405,1.95,1405,1.95,2023-07-28,2023-09-06,41,0
Point of View Apartments,Eclipse,Tower 3-546,,1,1,,720,2/16/2024,550,,80%,1545,2.15,1545,2.15,2024-02-08,2024-02-27,20,12
Point of View Apartments,Vision,Tower 1-309,,1,1,,720,9/14/2023,550,,80%,1505,2.09,1505,2.09,2023-09-02,2023-09-14,13,1
Point of View Apartments,Vision,Tower 1-309,,1,1,,720,9/14/2024,550,,80%,1560,2.17,1560,2.17,2024-07-27,2024-08-04,9,0
Point of View Apartments,Vision,Tower 3-440,,1,1,,720,3/19/2024,550,,80%,1560,2.17,1560,2.17,2024-01-20,2024-03-02,43,0
Point of View Apartments,Vision,Tower 2-428,,1,1,,720,7/28/2025,550,,80%,1575,2.19,1575,2.19,2025-05-29,2025-07-11,44,0
Point of View Apartments,Vision,Tower 1-409,,1,1,,720,5/24/2024,550,,80%,1580,2.19,1580,2.19,2024-04-12,2024-05-18,37,0
Point of View Apartments,Vision,Tower 2-628,,1,1,,720,8/18/2023,550,,80%,1655,2.3,1655,2.3,2023-07-01,2023-09-19,81,33
Point of View Apartments,Vision,Tower 3-651,,1,1,,720,9/21/2023,550,,80%,1655,2.3,1655,2.3,2023-09-03,2023-09-21,19,1
Point of View Apartments,Eclipse,Tower 2-630,,1,1,,720,7/23/2024,550,,80%,1660,2.31,1660,2.31,2024-05-29,2024-09-12,107,52
Point of View Apartments,Eclipse,Tower 2-630,,1,1,,720,6/16/2025,550,,80%,1675,2.33,1675,2.33,2025-05-21,2025-07-22,63,37
Point of View Apartments,Equinox,Tower 3-547,,1,1,,781,6/22/2025,550,,60%,1520,1.95,1520,1.95,2025-04-23,2025-06-05,44,0
Point of View Apartments,Equinox,Tower 3-547,,1,1,,781,1/4/2026,550,,60%,1465,1.88,1465,1.88,2025-12-24,2026-02-06,45,34
Point of View Apartments,Equinox,Tower 3-347,,1,1,,781,7/18/2024,550,,80%,1550,1.98,1550,1.98,2024-06-10,2024-06-18,9,0
Point of View Apartments,Equinox,Tower 3-347,,1,1,,781,8/4/2025,550,,80%,1550,1.98,1550,1.98,2025-06-05,2025-07-08,34,0
Point of View Apartments,Equinox,Tower 3-347,,1,1,,781,2/21/2026,550,,80%,1490,1.91,1490,1.91,2025-12-27,2026-03-09,73,17
Point of View Apartments,Equinox,Tower 1-605,,1,1,,781,3/14/2024,550,,80%,1700,2.18,1700,2.18,2024-01-16,2024-05-18,124,66
Point of View Apartments,Equinox,Tower 1-605,,1,1,,781,12/13/2024,550,,80%,1390,1.78,1390,1.78,2024-11-28,2024-12-17,20,5
Point of View Apartments,Equinox,Tower 1-605,,1,1,,781,12/1/2025,550,,80%,1520,1.95,1520,1.95,2025-10-29,2025-12-24,57,24
Point of View Apartments,Equinox,Tower 1-505,,1,1,,781,4/10/2024,550,,80%,1520,1.95,1393,1.78,2024-03-27,2024-06-02,68,54
Point of View Apartments,Equinox,Tower 1-505,,1,1,,781,2/15/2025,550,,80%,1320,1.69,1320,1.69,2024-12-20,2024-12-27,8,0
Point of View Apartments,Equinox,Tower 1-505,,1,1,,781,8/27/2026,550,,80%,1725,2.21,1725,2.21,2026-07-07,,7,0
Point of View Apartments,Equinox,Tower 1-405,,1,1,,781,8/23/2025,550,,80%,1455,1.86,1455,1.86,2025-06-24,2025-08-06,44,0
Point of View Apartments,Equinox,Tower 1-405,,1,1,,781,8/5/2026,550,,80%,1725,2.21,1725,2.21,2026-06-28,,16,0
Point of View Apartments,Equinox,Tower 2-531,,1,1,,781,6/1/2025,550,,80%,1470,1.88,1470,1.88,2025-04-03,2025-05-20,48,0
Point of View Apartments,Equinox,Tower 2-531,,1,1,,781,8/8/2026,550,,80%,1725,2.21,1725,2.21,2026-06-09,,35,0
Point of View Apartments,Equinox,Tower 3-548,,1,1,,781,2/21/2024,550,,80%,1645,2.11,1595,2.04,2023-12-24,2024-04-06,105,46
Point of View Apartments,Equinox,Tower 3-548,,1,1,,781,1/13/2025,550,,80%,1340,1.72,1340,1.72,2024-12-18,2024-12-24,7,0
Point of View Apartments,Equinox,Tower 3-548,,1,1,,781,4/14/2026,550,,80%,1760,2.25,1760,2.25,2026-01-29,2026-04-25,87,12
Point of View Apartments,Equinox,Tower 1-305,,1,1,,781,7/9/2025,550,,80%,1520,1.95,1520,1.95,2025-05-15,2025-07-10,57,2
Point of View Apartments,Equinox,Tower 1-305,,1,1,,781,8/10/2026,550,,80%,1775,2.27,1775,2.27,2026-06-11,,33,0
Point of View Apartments,Equinox,Tower 2-632,,1,1,,781,6/11/2024,550,,80%,1690,2.16,1690,2.16,2024-05-15,2024-09-13,122,95
Point of View Apartments,Equinox,Tower 2-632,,1,1,,781,10/22/2025,550,,80%,1660,2.13,1660,2.13,2025-08-24,2025-12-02,101,42
Point of View Apartments,Equinox,Tower 2-632,,1,1,,781,6/7/2026,550,,80%,1870,2.39,1787,2.29,2026-04-14,2026-06-26,74,20
Point of View Apartments,Equinox,Tower 3-648,,1,1,,781,6/6/2025,550,,80%,1745,2.23,1745,2.23,2025-04-07,2025-04-16,10,0
Point of View Apartments,Equinox,Tower 3-648,,1,1,,781,8/6/2026,550,,80%,1895,2.43,1895,2.43,2026-06-07,2026-07-07,31,0
Point of View Apartments,Equinox,Tower 2-432,,1,1,,781,7/6/2024,550,,60%,1495,1.91,1495,1.91,2024-05-18,2024-06-10,24,0
Point of View Apartments,Equinox,Tower 2-432,,1,1,,781,11/14/2024,550,,60%,1425,1.82,1425,1.82,2024-10-09,2024-10-10,2,0
Point of View Apartments,Equinox,Tower 2-432,,1,1,,781,2/6/2026,550,,60%,1345,1.72,1345,1.72,2025-12-08,2025-12-17,10,0
Point of View Apartments,Equinox,Tower 3-348,,1,1,,781,12/19/2023,550,,60%,1425,1.82,1425,1.82,2023-10-21,2023-10-25,5,0
Point of View Apartments,Equinox,Tower 3-348,,1,1,,781,11/1/2024,550,,60%,1425,1.82,1425,1.82,2024-09-20,2024-10-09,20,0
Point of View Apartments,Equinox,Tower 3-348,,1,1,,781,10/13/2025,550,,60%,1395,1.79,1395,1.79,2025-08-14,2025-08-28,15,0
Point of View Apartments,Equinox,Tower 2-331,,1,1,,781,8/27/2024,550,,60%,1585,2.03,1585,2.03,2024-06-28,2024-07-11,14,0
Point of View Apartments,Equinox,Tower 2-331,,1,1,,781,9/21/2025,550,,60%,1425,1.82,1425,1.82,2025-07-23,2025-09-02,42,0
Point of View Apartments,Equinox,Tower 2-431,,1,1,,781,7/13/2025,550,,80%,1480,1.9,1480,1.9,2025-05-18,2025-06-11,25,0
Point of View Apartments,Equinox,Tower 3-448,,1,1,,781,6/13/2025,550,,80%,1570,2.01,1570,2.01,2025-04-15,2025-05-18,34,0
Point of View Apartments,Equinox,Tower 3-448,,1,1,,781,10/13/2025,550,,80%,1540,1.97,1540,1.97,2025-08-20,2025-08-21,2,0
Point of View Apartments,Equinox,Tower 2-631,,1,1,,781,11/12/2023,550,,80%,1605,2.06,1605,2.06,2023-09-14,2023-10-28,45,0
Point of View Apartments,Equinox,Tower 2-631,,1,1,,781,5/28/2025,550,,80%,1595,2.04,1595,2.04,2025-04-01,2025-05-31,61,4
Point of View Apartments,Equinox,Tower 3-647,,1,1,,781,1/26/2024,550,,80%,1805,2.31,1805,2.31,2023-12-15,2024-01-16,33,0
Point of View Apartments,Equinox,Tower 3-647,,1,1,,781,11/14/2024,550,,80%,1575,2.02,1575,2.02,2024-09-26,2024-10-10,15,0
Point of View Apartments,Equinox,Tower 3-647,,1,1,,781,3/13/2025,550,,80%,1655,2.12,1655,2.12,2025-01-14,2025-01-28,15,0
Point of View Apartments,Solstice,Tower 4-669,,1,1,,1023,2/24/2025,550,,120%,2095,2.05,2095,2.05,2025-01-17,2025-02-05,20,0
Point of View Apartments,Solstice,Tower 4-669,,1,1,,1023,3/8/2026,550,,120%,1980,1.94,1980,1.94,2026-01-07,2026-01-08,2,0
Point of View Apartments,Solstice,Tower 4-569,,1,1,,1023,8/29/2023,550,,120%,1885,1.84,1885,1.84,2023-07-08,2023-08-06,30,0
Point of View Apartments,Solstice,Tower 4-569,,1,1,,1023,5/13/2025,550,,120%,1900,1.86,1900,1.86,2025-03-15,2025-04-25,42,0
Point of View Apartments,Solstice,Tower 4-569,,1,1,,1023,5/26/2026,550,,120%,2105,2.06,2022,1.98,2026-03-28,2026-06-08,73,14
Point of View Apartments,Solstice,Tower 4-668,,1,1,,1023,8/29/2025,550,,120%,1950,1.91,1950,1.91,2025-08-16,2025-08-26,11,0
Point of View Apartments,Solstice,Tower 4-668,,1,1,,1023,7/19/2026,550,,120%,2275,2.22,2275,2.22,2026-07-01,,13,0
Point of View Apartments,Solstice,Tower 4-469,,1,1,,1023,10/12/2024,550,,80%,1830,1.79,1830,1.79,2024-09-12,2024-10-01,20,0
Point of View Apartments,Solstice,Tower 4-369,,1,1,,1023,9/14/2024,550,,80%,1830,1.79,1830,1.79,2024-08-01,2024-10-10,71,27
Point of View Apartments,Solstice,Tower 4-369,,1,1,,1023,12/9/2025,550,,80%,1855,1.81,1855,1.81,2025-10-29,2025-11-16,19,0
Point of View Apartments,Solstice,Tower 4-568,,1,1,,1023,9/13/2024,550,,80%,1875,1.83,1875,1.83,2024-07-16,2024-07-27,12,0
Point of View Apartments,Solstice,Tower 4-468,,1,1,,1023,6/6/2025,550,,80%,1875,1.83,1875,1.83,2025-04-11,2025-07-03,84,28
Point of View Apartments,Panorama,Tower 1-403,,2,2,,989,11/14/2024,550,,80%,1680,1.7,1680,1.7,2024-11-14,2024-12-15,32,32
Point of View Apartments,Panorama,Tower 1-403,,2,2,,989,1/4/2026,550,,80%,1740,1.76,1740,1.76,2025-12-06,2025-12-28,23,0
Point of View Apartments,Panorama,Tower 1-503,,2,2,,989,8/18/2024,550,,80%,1840,1.86,1840,1.86,2024-07-15,2024-07-21,7,0
Point of View Apartments,Panorama,Tower 1-503,,2,2,,989,12/15/2024,550,,80%,1685,1.7,1685,1.7,2024-12-15,2025-01-08,25,25
Point of View Apartments,Panorama,Tower 1-503,,2,2,,989,1/22/2026,550,,80%,1780,1.8,1780,1.8,2025-12-08,2026-01-03,27,0
Point of View Apartments,Panorama,Tower 2-637,,2,2,,989,7/14/2023,550,,80%,2025,2.05,2025,2.05,2023-06-30,2023-07-07,8,0
Point of View Apartments,Panorama,Tower 2-637,,2,2,,989,11/13/2024,550,,80%,1860,1.88,1860,1.88,2024-11-13,2025-02-04,84,84
Point of View Apartments,Panorama,Tower 2-637,,2,2,,989,11/18/2025,550,,80%,1825,1.85,1825,1.85,2025-11-06,2025-12-21,46,34
Point of View Apartments,Panorama,Tower 1-401,,2,2,,989,9/29/2023,550,,80%,1780,1.8,1780,1.8,2023-08-19,2023-12-03,107,66
Point of View Apartments,Panorama,Tower 1-401,,2,2,,989,2/18/2025,550,,80%,1710,1.73,1710,1.73,2025-01-20,2025-02-02,14,0
Point of View Apartments,Panorama,Tower 1-401,,2,2,,989,Now,550,,80%,1865,1.89,1865,1.89,2026-06-02,,42,42
Point of View Apartments,Panorama,Tower 3-543,,2,2,,989,8/11/2025,550,,80%,1760,1.78,1760,1.78,2025-06-12,2025-07-22,41,0
Point of View Apartments,Panorama,Tower 3-543,,2,2,,989,Now,550,,80%,1865,1.89,1865,1.89,2026-04-29,,76,76
Point of View Apartments,Panorama,Tower 3-641,,2,2,,989,12/20/2023,550,,80%,2030,2.05,2030,2.05,2023-12-15,2024-01-11,28,23
Point of View Apartments,Panorama,Tower 3-641,,2,2,,989,6/7/2026,550,,80%,1960,1.98,1877,1.9,2026-06-07,2026-06-30,24,24
Point of View Apartments,Panorama,Tower 2-424,,2,2,,989,Now,550,,80%,1965,1.99,1965,1.99,2026-06-30,,14,14
Point of View Apartments,Panorama,Tower 3-654,,2,2,,989,3/13/2026,550,,80%,1970,1.99,1970,1.99,2026-01-31,2026-03-09,38,0
Point of View Apartments,Panorama,Tower 1-307,,2,2,,989,1/25/2025,550,,80%,1785,1.8,1785,1.8,2025-01-12,2025-01-20,9,0
Point of View Apartments,Panorama,Tower 1-307,,2,2,,989,4/14/2026,550,,80%,2005,2.03,2005,2.03,2026-02-05,2026-06-02,118,50
Point of View Apartments,Panorama,Tower 1-603,,2,2,,989,3/6/2024,550,,80%,1885,1.91,1835,1.86,2024-02-29,2024-04-10,42,36
Point of View Apartments,Panorama,Tower 1-603,,2,2,,989,Now,550,,80%,2015,2.04,2015,2.04,2026-06-13,,31,31
Point of View Apartments,Panorama,Tower 4-566,,2,2,,989,4/2/2024,550,,80%,1875,1.9,1875,1.9,2024-04-02,2024-05-18,47,47
Point of View Apartments,Panorama,Tower 4-566,,2,2,,989,4/14/2026,550,,80%,2020,2.04,2020,2.04,2026-01-29,2026-06-08,131,56
Point of View Apartments,Panorama,Tower 2-426,,2,2,,989,4/14/2026,550,,80%,2020,2.04,2020,2.04,2026-03-09,2026-06-13,97,61
Point of View Apartments,Panorama,Tower 3-643,,2,2,,989,7/1/2026,550,,80%,2080,2.1,2080,2.1,2026-07-01,2026-07-08,8,8
Point of View Apartments,Panorama,Tower 2-638,,2,2,,989,8/7/2024,550,,80%,2175,2.2,2175,2.2,2024-07-01,2024-09-13,75,38
Point of View Apartments,Panorama,Tower 2-638,,2,2,,989,4/14/2026,550,,80%,2100,2.12,2017,2.04,2025-12-16,2026-04-29,135,16
Point of View Apartments,Panorama,Tower 3-459,,2,2,,989,10/8/2023,550,,60%,1735,1.75,1685,1.7,2023-09-02,2024-04-09,221,185
Point of View Apartments,Panorama,Tower 3-459,,2,2,,989,12/22/2025,550,,60%,1555,1.57,1555,1.57,2025-11-14,2025-12-08,25,0
Point of View Apartments,Panorama,Tower 3-555,,2,2,,989,8/16/2025,550,,60%,1570,1.59,1570,1.59,2025-07-10,2025-11-06,120,83
Point of View Apartments,Panorama,Tower 4-481,,2,2,,989,5/14/2024,550,,60%,1850,1.87,1850,1.87,2024-05-01,2024-08-17,109,96
Point of View Apartments,Panorama,Tower 4-481,,2,2,,989,10/10/2025,550,,60%,1580,1.6,1580,1.6,2025-08-20,2025-12-16,119,68
Point of View Apartments,Panorama,Tower 2-537,,2,2,,989,1/13/2024,550,,60%,1800,1.82,1800,1.82,2023-12-16,2023-12-17,2,0
Point of View Apartments,Panorama,Tower 2-537,,2,2,,989,10/22/2025,550,,60%,1595,1.61,1595,1.61,2025-08-26,2025-11-30,97,40
Point of View Apartments,Panorama,Tower 3-541,,2,2,,989,6/17/2023,550,,80%,1680,1.7,1680,1.7,,2023-06-24,,
Point of View Apartments,Panorama,Tower 3-541,,2,2,,989,8/13/2025,550,,80%,1660,1.68,1660,1.68,2025-06-14,2025-07-21,38,0
Point of View Apartments,Panorama,Tower 3-441,,2,2,,989,6/17/2023,550,,80%,1670,1.69,1670,1.69,,2023-06-20,,
Point of View Apartments,Panorama,Tower 3-441,,2,2,,989,5/25/2025,550,,80%,1670,1.69,1670,1.69,2025-05-09,2025-05-15,7,0
Point of View Apartments,Panorama,Tower 3-655,,2,2,,989,3/12/2024,550,,80%,1840,1.86,1840,1.86,2024-03-09,2024-03-30,22,19
Point of View Apartments,Panorama,Tower 3-655,,2,2,,989,10/14/2024,550,,80%,1860,1.88,1860,1.88,2024-10-03,2024-11-18,47,36
Point of View Apartments,Panorama,Tower 3-655,,2,2,,989,12/4/2025,550,,80%,1700,1.72,1700,1.72,2025-11-08,2025-12-09,32,6
Point of View Apartments,Panorama,Tower 2-425,,2,2,,989,6/29/2025,550,,80%,1715,1.73,1715,1.73,2025-06-24,2025-07-08,15,10
Point of View Apartments,Panorama,Tower 4-581,,2,2,,989,5/14/2024,550,,80%,1740,1.76,1690,1.71,2024-04-25,2024-04-26,2,0
Point of View Apartments,Panorama,Tower 4-581,,2,2,,989,8/9/2025,550,,80%,1735,1.75,1735,1.75,2025-06-11,2025-07-09,29,0
Point of View Apartments,Panorama,Tower 2-438,,2,2,,989,8/3/2025,550,,80%,1740,1.76,1740,1.76,2025-06-05,2025-07-16,42,0
Point of View Apartments,Panorama,Tower 3-343,,2,2,,989,1/12/2025,550,,80%,1760,1.78,1760,1.78,2025-01-08,2025-01-31,24,20
Point of View Apartments,Panorama,Tower 3-455,,2,2,,989,2/24/2024,550,,80%,1740,1.76,1740,1.76,2024-02-17,2024-02-27,11,4
Point of View Apartments,Panorama,Tower 3-455,,2,2,,989,4/16/2025,550,,80%,1765,1.78,1765,1.78,2025-02-15,2025-05-28,103,43
Point of View Apartments,Panorama,Tower 2-324,,2,2,,989,7/11/2025,550,,80%,1770,1.79,1770,1.79,2025-05-13,2025-05-14,2,0
Point of View Apartments,Panorama,Tower 2-524,,2,2,,989,4/1/2024,550,,80%,1790,1.81,1790,1.81,2024-03-21,2024-03-31,11,0
Point of View Apartments,Panorama,Tower 4-681,,2,2,,989,8/13/2024,550,,80%,2020,2.04,2020,2.04,2024-07-06,2024-10-02,89,51
Point of View Apartments,Panorama,Tower 4-681,,2,2,,989,10/14/2025,550,,80%,1795,1.81,1795,1.81,2025-08-16,2025-11-22,99,40
Point of View Apartments,Panorama,Tower 2-525,,2,2,,989,9/14/2023,550,,80%,1775,1.79,1775,1.79,2023-07-17,2023-11-30,137,78
Point of View Apartments,Panorama,Tower 2-525,,2,2,,989,6/3/2025,550,,80%,1795,1.81,1795,1.81,2025-04-30,2025-05-09,10,0
Point of View Apartments,Panorama,Tower 4-567,,2,2,,989,6/2/2024,550,,80%,1805,1.83,1805,1.83,2024-06-02,2024-07-01,30,30
Point of View Apartments,Panorama,Tower 2-325,,2,2,,989,12/6/2023,550,,80%,1875,1.9,1875,1.9,2023-12-06,2024-02-03,60,60
Point of View Apartments,Panorama,Tower 2-325,,2,2,,989,4/25/2025,550,,80%,1820,1.84,1820,1.84,2025-03-02,2025-05-10,70,16
Point of View Apartments,Panorama,Tower 1-301,,2,2,,989,4/14/2024,550,,80%,1790,1.81,1740,1.76,2024-03-31,2024-04-25,26,12
Point of View Apartments,Panorama,Tower 1-301,,2,2,,989,2/27/2025,550,,80%,1820,1.84,1820,1.84,2025-02-25,2025-05-18,83,81
Point of View Apartments,Panorama,Tower 1-407,,2,2,,989,12/18/2023,550,,80%,1820,1.84,1820,1.84,2023-12-17,2024-03-09,84,83
Point of View Apartments,Panorama,Tower 1-501,,2,2,,989,3/6/2025,550,,80%,1840,1.86,1840,1.86,2025-03-06,2025-04-16,42,42
Point of View Apartments,Panorama,Tower 3-452,,2,2,,989,9/26/2024,550,,80%,1845,1.87,1845,1.87,2024-09-26,2024-10-10,15,15
Point of View Apartments,Panorama,Tower 2-326,,2,2,,989,5/15/2024,550,,80%,1875,1.9,1825,1.85,2024-04-26,2024-05-14,19,0
Point of View Apartments,Panorama,Tower 2-326,,2,2,,989,9/12/2025,550,,80%,1860,1.88,1860,1.88,2025-07-18,2025-07-21,4,0
Point of View Apartments,Panorama,Tower 1-601,,2,2,,989,9/5/2024,550,,80%,1860,1.88,1860,1.88,2024-08-29,2025-02-01,157,150
Point of View Apartments,Panorama,Tower 2-521,,2,2,,989,12/7/2023,550,,80%,1830,1.85,1830,1.85,2023-12-07,2023-12-28,22,22
Point of View Apartments,Panorama,Tower 2-521,,2,2,,989,8/22/2024,550,,80%,1865,1.89,1865,1.89,2024-08-22,2024-08-29,8,8
Point of View Apartments,Panorama,Tower 3-554,,2,2,,989,4/18/2025,550,,80%,1895,1.92,1895,1.92,2025-03-09,2025-04-20,43,3
Point of View Apartments,Panorama,Tower 1-303,,2,2,,989,7/24/2023,550,,80%,1895,1.92,1895,1.92,2023-06-20,2023-06-30,11,0
Point of View Apartments,Panorama,Tower 3-443,,2,2,,989,10/13/2023,550,,80%,1745,1.76,1745,1.76,2023-08-15,2023-12-07,115,56
Point of View Apartments,Panorama,Tower 3-443,,2,2,,989,8/5/2025,550,,80%,1895,1.92,1895,1.92,2025-06-06,2025-06-09,4,0
Point of View Apartments,Panorama,Tower 3-352,,2,2,,989,7/20/2025,550,,80%,1915,1.94,1915,1.94,2025-06-24,2025-07-10,17,0
Point of View Apartments,Panorama,Tower 4-466,,2,2,,989,3/26/2025,550,,80%,1940,1.96,1940,1.96,2025-02-13,2025-04-08,55,14
Point of View Apartments,Panorama,Tower 1-604,,2,2,,989,12/15/2023,550,,80%,2045,2.07,2045,2.07,2023-12-15,2023-12-16,2,2
Point of View Apartments,Panorama,Tower 1-604,,2,2,,989,10/2/2024,550,,80%,1960,1.98,1960,1.98,2024-10-02,2024-11-13,43,43
Point of View Apartments,Panorama,Tower 3-659,,2,2,,989,4/25/2024,550,,80%,1960,1.98,1960,1.98,2024-04-10,2024-06-02,54,39
Point of View Apartments,Panorama,Tower 4-666,,2,2,,989,7/5/2025,550,,80%,2015,2.04,2015,2.04,2025-05-25,2025-05-29,5,0
Point of View Apartments,Panorama,Tower 3-652,,2,2,,989,9/7/2025,550,,80%,2020,2.04,2020,2.04,2025-07-16,2025-07-25,10,0
Point of View Apartments,Panorama,Tower 1-610,,2,2,,989,10/21/2025,550,,80%,2025,2.05,2025,2.05,2025-08-29,2025-09-30,33,0
Point of View Apartments,Panorama,Tower 2-621,,2,2,,989,9/15/2024,550,,80%,2060,2.08,2060,2.08,2024-09-15,2025-06-04,263,263
Point of View Apartments,Panorama,Tower 1-410,,2,2,,989,7/31/2023,550,,80%,2060,2.08,2060,2.08,2023-07-13,2023-07-20,8,0
Point of View Apartments,Summit,Tower 2-534,,2,2,,1078,3/21/2024,550,,80%,1810,1.68,1760,1.63,2024-02-29,2024-04-05,37,16
Point of View Apartments,Summit,Tower 2-534,,2,2,,1078,4/20/2026,550,,80%,1970,1.83,1970,1.83,2026-03-31,2026-04-25,26,6
Point of View Apartments,Summit,Tower 3-445,,2,2,,1078,7/29/2023,550,,80%,2030,1.88,2030,1.88,,2023-07-15,,
Point of View Apartments,Summit,Tower 3-445,,2,2,,1078,6/18/2026,550,,80%,2060,1.91,1977,1.83,2026-04-30,2026-05-28,29,0
Point of View Apartments,Summit,Tower 3-550,,2,2,,1078,3/13/2025,550,,80%,2125,1.97,2125,1.97,2025-03-02,2025-03-06,5,0
Point of View Apartments,Summit,Tower 3-550,,2,2,,1078,6/5/2026,550,,80%,2070,1.92,1987,1.84,2026-04-06,2026-04-30,25,0
Point of View Apartments,Summit,Tower 1-508,,2,2,,1078,10/13/2025,550,,80%,1785,1.66,1785,1.66,2025-09-25,2025-12-10,77,59
Point of View Apartments,Summit,Tower 2-529,,2,2,,1078,2/25/2025,550,,80%,1805,1.67,1805,1.67,2025-01-11,2025-01-14,4,0
Point of View Apartments,Summit,Tower 3-545,,2,2,,1078,11/11/2024,550,,80%,1830,1.7,1830,1.7,2024-09-30,2024-11-13,45,3
Point of View Apartments,Summit,Tower 2-434,,2,2,,1078,10/1/2024,550,,80%,1830,1.7,1830,1.7,2024-04-20,2024-11-09,204,40
Point of View Apartments,Summit,Tower 2-334,,2,2,,1078,2/27/2024,550,,80%,1915,1.78,1915,1.78,2023-12-30,2024-03-29,91,32
Point of View Apartments,Summit,Tower 2-334,,2,2,,1078,12/4/2024,550,,80%,1855,1.72,1855,1.72,2024-10-23,2025-01-08,78,36
Point of View Apartments,Summit,Tower 3-345,,2,2,,1078,12/14/2024,550,,80%,1885,1.75,1885,1.75,2024-10-31,2024-11-05,6,0
Point of View Apartments,Summit,Tower 3-350,,2,2,,1078,2/14/2024,550,,80%,2095,1.94,2095,1.94,2023-12-17,2023-12-27,11,0
Point of View Apartments,Summit,Tower 3-350,,2,2,,1078,12/21/2024,550,,80%,1905,1.77,1905,1.77,2024-11-09,2025-01-15,68,26
Point of View Apartments,Summit,Tower 3-450,,2,2,,1078,9/19/2023,550,,80%,2125,1.97,2125,1.97,2023-08-16,2023-08-20,5,0
Point of View Apartments,Summit,Tower 3-450,,2,2,,1078,11/2/2024,550,,80%,1965,1.82,1965,1.82,2024-09-03,2024-10-05,33,0
Point of View Apartments,Summit,Tower 2-329,,2,2,,1078,1/20/2024,550,,80%,1960,1.82,1960,1.82,2023-12-13,2024-03-07,86,48
Point of View Apartments,Summit,Tower 2-329,,2,2,,1078,5/14/2025,550,,80%,1990,1.85,1990,1.85,2025-04-26,2025-05-17,22,4
Point of View Apartments,Summit,Tower 3-645,,2,2,,1078,5/22/2025,550,,120%,2235,2.07,2235,2.07,2025-03-27,2025-06-24,90,34
Point of View Apartments,Summit,Tower 2-634,,2,2,,1078,9/14/2023,550,,120%,2305,2.14,2305,2.14,2023-07-17,2023-09-19,65,6
Point of View Apartments,Grandeur,Tower 2-427,,2,2,,1084,11/8/2023,550,,80%,1900,1.75,1900,1.75,2023-10-03,2023-11-04,33,0
Point of View Apartments,Grandeur,Tower 2-427,,2,2,,1084,5/9/2025,550,,80%,1830,1.69,1830,1.69,2025-03-15,2025-05-15,62,7
Point of View Apartments,Grandeur,Tower 2-427,,2,2,,1084,2/28/2026,550,,80%,1835,1.69,1835,1.69,2025-12-30,2026-01-12,14,0
Point of View Apartments,Grandeur,Tower 1-511,,2,2,,1084,3/25/2024,550,,80%,1805,1.67,1805,1.67,2024-01-25,2024-03-29,65,5
Point of View Apartments,Grandeur,Tower 1-511,,2,2,,1084,8/13/2026,550,,80%,1920,1.77,1920,1.77,2026-06-14,,30,0
Point of View Apartments,Grandeur,Tower 1-411,,2,2,,1084,7/29/2025,550,,80%,1950,1.8,1950,1.8,2025-05-30,2025-07-13,45,0
Point of View Apartments,Grandeur,Tower 1-411,,2,2,,1084,8/12/2026,550,,80%,1920,1.77,1920,1.77,2026-06-14,,30,0
Point of View Apartments,Grandeur,Tower 2-527,,2,2,,1084,11/26/2024,550,,80%,1745,1.61,1745,1.61,2024-10-19,2024-12-31,74,36
Point of View Apartments,Grandeur,Tower 2-527,,2,2,,1084,3/3/2026,550,,80%,1980,1.83,1980,1.83,2025-09-26,2026-04-06,193,35
Point of View Apartments,Grandeur,Tower 3-553,,2,2,,1084,4/28/2024,550,,80%,1835,1.69,1835,1.69,2024-03-31,2024-05-23,54,26
Point of View Apartments,Grandeur,Tower 3-553,,2,2,,1084,6/13/2026,550,,80%,2005,1.85,2005,1.85,2026-04-14,2026-04-17,4,0
Point of View Apartments,Grandeur,Tower 3-353,,2,2,,1084,4/11/2024,550,,80%,1865,1.72,1815,1.67,2024-02-12,2024-05-07,86,27
Point of View Apartments,Grandeur,Tower 3-353,,2,2,,1084,8/1/2026,550,,80%,2065,1.9,2065,1.9,2026-06-02,2026-06-08,7,0
Point of View Apartments,Grandeur,Tower 3-642,,2,2,,1084,7/22/2026,550,,80%,2175,2.01,2175,2.01,2026-05-23,,52,0
Point of View Apartments,Grandeur,Tower 3-653,,2,2,,1084,6/11/2026,550,,80%,2180,2.01,2180,2.01,2026-05-01,2026-06-19,50,9
Point of View Apartments,Grandeur,Tower 2-636,,2,2,,1084,8/12/2023,550,,120%,2355,2.17,2355,2.17,,2023-08-04,,
Point of View Apartments,Grandeur,Tower 2-636,,2,2,,1084,8/24/2024,550,,120%,2225,2.05,2225,2.05,2024-08-05,2024-09-19,46,27
Point of View Apartments,Grandeur,Tower 2-636,,2,2,,1084,5/27/2025,550,,120%,2080,1.92,2080,1.92,2025-03-29,2025-05-17,50,0
Point of View Apartments,Grandeur,Tower 2-636,,2,2,,1084,6/4/2026,550,,120%,2215,2.04,2132,1.97,2026-04-05,2026-05-13,39,0
Point of View Apartments,Grandeur,Tower 2-327,,2,2,,1084,1/14/2024,550,,80%,1855,1.71,1855,1.71,2023-11-15,2023-12-15,31,0
Point of View Apartments,Grandeur,Tower 2-327,,2,2,,1084,11/13/2025,550,,80%,1660,1.53,1660,1.53,2025-10-27,2025-10-28,2,0
Point of View Apartments,Grandeur,Tower 3-453,,2,2,,1084,8/23/2023,550,,80%,1955,1.8,1955,1.8,2023-08-13,2023-08-30,18,8
Point of View Apartments,Grandeur,Tower 3-453,,2,2,,1084,11/19/2024,550,,80%,1740,1.61,1740,1.61,2024-09-23,2024-12-17,86,29
Point of View Apartments,Grandeur,Tower 2-627,,2,2,,1084,8/2/2023,550,,80%,2065,1.9,2065,1.9,,2023-06-27,,
Point of View Apartments,Grandeur,Tower 2-627,,2,2,,1084,6/17/2024,550,,80%,1985,1.83,1985,1.83,2024-04-25,2024-05-30,36,0
Point of View Apartments,Grandeur,Tower 2-627,,2,2,,1084,9/14/2025,550,,80%,1760,1.62,1760,1.62,2025-08-28,2025-10-26,60,43
Point of View Apartments,Grandeur,Tower 3-342,,2,2,,1084,11/14/2024,550,,80%,1795,1.66,1795,1.66,2024-09-22,2024-10-29,38,0
Point of View Apartments,Grandeur,Tower 2-536,,2,2,,1084,5/24/2024,550,,80%,1800,1.66,1800,1.66,2024-03-29,2024-04-25,28,0
Point of View Apartments,Grandeur,Tower 2-436,,2,2,,1084,7/14/2024,550,,80%,1865,1.72,1865,1.72,2024-06-14,2024-06-22,9,0
Point of View Apartments,Grandeur,Tower 2-436,,2,2,,1084,4/10/2025,550,,80%,1900,1.75,1900,1.75,2025-02-10,2025-03-24,43,0
Point of View Apartments,Grandeur,Tower 1-311,,2,2,,1084,3/26/2025,550,,80%,1925,1.78,1925,1.78,2025-01-25,2025-02-25,32,0
Point of View Apartments,Grandeur,Tower 1-611,,2,2,,1084,8/10/2023,550,,80%,2095,1.93,2095,1.93,2023-08-10,2023-09-08,30,30
Point of View Apartments,Grandeur,Tower 1-611,,2,2,,1084,1/13/2025,550,,80%,1990,1.84,1990,1.84,2025-01-08,2025-02-21,45,40
Point of View Apartments,Grandeur,Tower 3-442,,2,2,,1084,10/6/2023,550,,80%,1995,1.84,1995,1.84,2023-08-07,2023-10-12,67,7
Triton Terrace,Trophy,424,2,1,1,,790,5/1/2024,550,14,60%,1340,1.7,1340,1.7,2024-04-05,2024-06-19,76,50
Triton Terrace,Trophy,424,2,1,1,,790,9/4/2025,550,11,60%,1270,1.61,1270,1.61,2025-06-27,2025-09-12,78,9
Triton Terrace,Triton,254,5,1,1,,790,11/26/2024,,14,60%,1270,1.61,1270,1.61,2024-10-12,2025-02-27,139,94
Triton Terrace,Trophy,172,,1,1,,790,10/11/2025,550,10,60%,1275,1.61,1275,1.61,2025-06-25,2025-09-13,81,0
Triton Terrace,Trophy,478,,1,1,,790,11/10/2025,550,8,60%,1275,1.61,1275,1.61,2025-08-26,2025-09-23,29,0
Triton Terrace,Trophy,357,5,1,1,,790,8/29/2025,550,9,60%,1280,1.62,1280,1.62,2025-06-04,2025-12-13,193,107
Triton Terrace,Trophy,377,,1,1,,790,9/19/2024,550,9,60%,1315,1.66,1315,1.66,2024-08-30,2024-10-13,45,25
Triton Terrace,Trophy,377,,1,1,,790,9/4/2025,550,9,60%,1285,1.63,1285,1.63,2025-06-21,2025-12-25,188,113
Triton Terrace,Trophy,456,5,1,1,,790,9/22/2025,550,10,60%,1290,1.63,1290,1.63,2025-07-13,2025-09-27,77,6
Triton Terrace,Triton,253,5,1,1,,790,6/28/2024,,9,60%,1295,1.64,1295,1.64,2024-05-16,2024-06-07,23,0
Triton Terrace,Trophy,425,2,1,1,,790,10/29/2024,550,8,60%,1300,1.65,1300,1.65,2024-09-25,2024-11-19,56,22
Triton Terrace,Trophy,252,5,1,1,,790,10/11/2024,550,7,60%,1300,1.65,1300,1.65,2024-08-01,2024-12-05,127,56
Triton Terrace,Trophy,252,5,1,1,,790,11/10/2025,550,8,60%,1300,1.65,1300,1.65,2025-08-28,2026-01-15,141,67
Triton Terrace,Trophy,224,2,1,1,,790,8/26/2025,550,11,60%,1305,1.65,1305,1.65,2025-08-16,2025-09-13,29,19
Triton Terrace,Trophy,228,2,1,1,,790,2/22/2024,550,14,60%,1295,1.64,1295,1.64,2023-11-09,2024-03-27,140,35
Triton Terrace,Trophy,228,2,1,1,,790,10/11/2024,550,12,60%,1305,1.65,1305,1.65,2024-09-04,2024-10-18,45,8
Triton Terrace,Trophy,428,2,1,1,,790,10/27/2024,550,9,60%,1355,1.72,1355,1.72,2024-08-09,2024-09-10,33,0
Triton Terrace,Trophy,428,2,1,1,,790,9/19/2025,550,10,60%,1310,1.66,1310,1.66,2025-07-15,2025-09-08,56,0
Triton Terrace,Trophy,453,5,1,1,,790,1/15/2025,550,8,60%,1305,1.65,1305,1.65,2024-11-14,2025-01-16,64,2
Triton Terrace,Trophy,453,5,1,1,,790,7/11/2026,550,12,60%,1315,1.66,1315,1.66,2026-05-01,2026-05-14,14,0
Triton Terrace,Trophy,354,5,1,1,,790,12/25/2025,550,8,60%,1320,1.67,1320,1.67,2025-10-25,2026-01-23,91,30
Triton Terrace,Trophy,371,,1,1,,790,7/8/2024,550,11,60%,1295,1.64,1295,1.64,2024-06-03,2024-08-27,86,51
Triton Terrace,Trophy,371,,1,1,,790,9/19/2025,550,10,60%,1275,1.61,1275,1.61,2025-07-17,2025-09-17,63,0
Triton Terrace,Trophy,371,,1,1,,790,4/22/2026,550,14,60%,1320,1.67,1320,1.67,2026-02-10,2026-02-14,5,0
Triton Terrace,Trophy,151,5,1,1,,790,9/11/2024,550,9,60%,1325,1.68,1325,1.68,2024-07-06,2024-09-01,58,0
Triton Terrace,Trophy,321,2,1,1,,790,10/26/2024,550,8,60%,1325,1.68,1325,1.68,2024-08-02,2024-09-17,47,0
Triton Terrace,Trophy,426,2,1,1,,790,3/15/2026,550,13,60%,1325,1.68,1325,1.68,2026-01-06,2026-02-13,39,0
Triton Terrace,Trophy,454,5,1,1,,790,,,,60%,1370,1.73,1370,1.73,2023-11-15,2023-12-13,29,29
Triton Terrace,Trophy,454,5,1,1,,790,11/5/2024,550,8,60%,1330,1.68,1330,1.68,2024-09-18,2024-11-08,52,4
Triton Terrace,Trophy,222,2,1,1,,790,5/20/2025,550,12,60%,1350,1.71,1350,1.71,2025-03-12,2025-06-26,107,38
Triton Terrace,Trophy,222,2,1,1,,790,4/29/2026,550,14,60%,1330,1.68,1330,1.68,2026-03-04,2026-04-16,44,0
Triton Terrace,Trophy,375,,1,1,,790,6/17/2023,550,,60%,,1.7,,1.7,,2023-11-09,,
Triton Terrace,Trophy,375,,1,1,,790,2/22/2024,550,14,60%,1405,1.78,1405,1.78,2024-02-07,2024-04-07,61,46
Triton Terrace,Trophy,375,,1,1,,790,11/19/2025,550,8,60%,1335,1.69,1335,1.69,2025-11-04,2026-01-29,87,72
Triton Terrace,Trophy,358,5,1,1,,790,4/21/2026,550,14,60%,1335,1.69,1335,1.69,2026-01-20,2026-03-10,50,0
Triton Terrace,Trophy,475,,1,1,,790,8/24/2025,550,9,60%,1340,1.7,1340,1.7,2025-08-15,2025-12-09,117,108
Triton Terrace,Trophy,477,,1,1,,790,3/17/2025,550,14,60%,1365,1.73,1365,1.73,2024-12-12,2025-03-02,81,0
Triton Terrace,Trophy,477,,1,1,,790,6/17/2026,550,13,60%,1340,1.7,1340,1.7,2026-02-03,2026-04-30,87,0
Triton Terrace,Trophy,328,2,1,1,,790,,,,60%,1340,1.7,1340,1.7,2023-11-09,2023-11-15,7,7
Triton Terrace,Trophy,328,2,1,1,,790,5/11/2024,550,9,60%,1340,1.7,1340,1.7,2024-04-07,2024-05-31,55,21
Triton Terrace,Trophy,378,,1,1,,790,7/20/2025,550,11,60%,1350,1.71,1350,1.71,2025-05-08,2025-06-25,49,0
Triton Terrace,Trophy,178,,1,1,,790,4/25/2026,550,12,60%,1350,1.71,1350,1.71,2026-02-06,2026-03-27,50,0
Triton Terrace,Trophy,472,,1,1,,790,5/10/2024,550,9,60%,1390,1.76,1390,1.76,2024-04-30,2024-05-01,2,0
Triton Terrace,Trophy,472,,1,1,,790,8/3/2025,550,11,60%,1355,1.72,1355,1.72,2025-05-20,2025-06-16,28,0
Triton Terrace,Trophy,327,2,1,1,,790,8/16/2024,550,9,60%,1355,1.72,1355,1.72,2024-08-01,2024-09-18,49,34
Triton Terrace,Trophy,122,2,1,1,,790,8/10/2025,550,11,60%,1370,1.73,1370,1.73,2025-07-02,2025-07-30,29,0
Triton Terrace,Trophy,122,2,1,1,,790,7/24/2026,550,12,60%,1355,1.72,1355,1.72,2026-05-14,2026-06-12,30,0
Triton Terrace,Trophy,257,5,1,1,,790,4/14/2026,550,13,60%,1355,1.72,1355,1.72,2026-02-21,2026-06-18,118,66
Triton Terrace,Trophy,356,5,1,1,,790,5/22/2024,550,14,60%,1425,1.8,1425,1.8,2024-04-11,2024-06-03,54,13
Triton Terrace,Trophy,356,5,1,1,,790,6/19/2026,550,13,60%,1355,1.72,1355,1.72,2026-05-28,2026-06-18,22,0
Triton Terrace,Trophy,423,2,1,1,,790,5/12/2026,550,13,60%,1360,1.72,1360,1.72,2026-04-01,2026-05-20,50,9
Triton Terrace,Trophy,352,5,1,1,,790,11/23/2024,550,14,60%,1360,1.72,1360,1.72,2024-11-02,2025-02-08,99,78
Triton Terrace,Trophy,372,,1,1,,790,4/15/2025,550,14,60%,1430,1.81,1430,1.81,2024-10-22,2025-03-26,156,0
Triton Terrace,Trophy,372,,1,1,,790,12/26/2025,550,13,60%,1290,1.63,1252,1.58,2025-10-12,2025-11-21,41,0
Triton Terrace,Trophy,372,,1,1,,790,7/30/2026,550,11,60%,1365,1.73,1365,1.73,2026-05-27,2026-07-02,37,0
Triton Terrace,Trophy,221,2,1,1,,790,3/1/2024,550,13,60%,1390,1.76,1390,1.76,2024-03-01,2024-03-02,2,2
Triton Terrace,Trophy,221,2,1,1,,790,6/8/2025,550,12,60%,1415,1.79,1415,1.79,2025-04-10,2025-07-03,85,26
Triton Terrace,Trophy,221,2,1,1,,790,2/10/2026,550,14,60%,1365,1.73,1365,1.73,2025-11-11,2026-01-31,82,0
Triton Terrace,Trophy,128,2,1,1,,790,7/19/2024,550,9,60%,1335,1.69,1335,1.69,2024-07-03,2024-10-09,99,83
Triton Terrace,Trophy,128,2,1,1,,790,3/10/2026,550,13,60%,1365,1.73,1365,1.73,2025-12-27,2026-03-28,92,19
Triton Terrace,Trophy,152,5,1,1,,790,3/28/2024,550,14,60%,1365,1.73,1365,1.73,2024-03-28,2024-04-06,10,10
Triton Terrace,Trophy,127,2,1,1,,790,,,,60%,1345,1.7,1345,1.7,2024-01-10,2024-01-30,21,21
Triton Terrace,Trophy,127,2,1,1,,790,4/17/2025,550,13,60%,1372,1.74,1372,1.74,2025-02-02,2025-03-06,33,0
Triton Terrace,Trophy,451,5,1,1,,790,7/11/2024,550,8,60%,1375,1.74,1375,1.74,2024-06-19,2024-07-03,15,0
Triton Terrace,Trophy,227,2,1,1,,790,11/5/2025,550,8,60%,1380,1.75,1380,1.75,2025-10-21,2025-10-26,6,0
Triton Terrace,Trophy,474,,1,1,,790,7/23/2024,550,11,60%,1385,1.75,1385,1.75,2024-07-01,2024-07-16,16,0
Triton Terrace,Trophy,171,,1,1,,790,6/2/2026,550,14,60%,1385,1.75,1385,1.75,2026-03-03,2026-03-19,17,0
Triton Terrace,Trophy,278,,1,1,,790,10/19/2025,550,9,60%,1290,1.63,1290,1.63,2025-08-09,2025-10-19,72,1
Triton Terrace,Trophy,278,,1,1,,790,8/8/2026,550,11,60%,1395,1.77,1395,1.77,2026-05-30,,45,0
Triton Terrace,Trophy,458,5,1,1,,790,7/6/2025,550,12,60%,1400,1.77,1400,1.77,2025-05-07,2025-05-12,6,0
Triton Terrace,Trophy,271,,1,1,,790,10/16/2024,550,9,60%,1375,1.74,1375,1.74,2024-08-09,2024-10-18,71,3
Triton Terrace,Trophy,271,,1,1,,790,9/19/2025,550,10,60%,1315,1.66,1315,1.66,2025-07-08,2025-09-19,74,1
Triton Terrace,Trophy,271,,1,1,,790,5/12/2026,550,13,60%,1405,1.78,1405,1.78,2026-01-17,2026-07-01,166,51
Triton Terrace,Trophy,325,2,1,1,,790,10/11/2024,550,9,60%,1375,1.74,1375,1.74,2024-07-09,2025-01-03,179,85
Triton Terrace,Trophy,325,2,1,1,,790,3/23/2026,550,13,60%,1405,1.78,1405,1.78,2026-01-07,2026-04-01,85,10
Triton Terrace,Trophy,353,5,1,1,,790,8/11/2024,550,9,60%,1360,1.72,1360,1.72,2024-06-29,2024-09-23,87,44
Triton Terrace,Trophy,353,5,1,1,,790,8/10/2025,550,10,60%,1380,1.75,1380,1.75,2025-05-31,2025-06-26,27,0
Triton Terrace,Trophy,353,5,1,1,,790,6/25/2026,550,12,60%,1423,1.8,1423,1.8,2026-04-07,2026-07-03,88,9
Triton Terrace,Trophy,326,2,1,1,,790,11/11/2024,550,7,60%,1330,1.68,1330,1.68,2024-08-31,2024-11-13,75,3
Triton Terrace,Trophy,326,2,1,1,,790,8/23/2026,550,11,60%,1425,1.8,1425,1.8,2026-07-09,,5,0
Triton Terrace,Trophy,273,,1,1,,790,6/5/2025,550,13,60%,1415,1.79,1415,1.79,2025-03-09,2025-06-05,89,1
Triton Terrace,Trophy,273,,1,1,,790,8/8/2026,550,11,60%,1425,1.8,1425,1.8,2026-06-07,,37,0
Triton Terrace,Trophy,324,2,1,1,,790,5/12/2026,550,12,60%,1425,1.8,1425,1.8,2026-02-22,2026-07-11,140,61
Triton Terrace,Trophy,121,2,1,1,,790,,,,60%,1310,1.66,1310,1.66,2023-12-13,2024-01-10,29,29
Triton Terrace,Trophy,121,2,1,1,,790,12/11/2024,550,6,60%,1300,1.65,1300,1.65,2024-09-28,2024-12-14,78,4
Triton Terrace,Trophy,121,2,1,1,,790,Now,550,12,60%,1425,1.8,1425,1.8,2026-03-27,,109,65
Triton Terrace,Trophy,226,2,1,1,,790,Now,550,12,60%,1425,1.8,1425,1.8,2026-03-25,,111,42
Triton Terrace,Trophy,258,5,1,1,,790,1/11/2025,550,14,60%,1385,1.75,1385,1.75,2024-11-07,2025-02-17,103,38
Triton Terrace,Trophy,258,5,1,1,,790,Now,550,12,60%,1425,1.8,1425,1.8,2026-03-27,,109,41
Triton Terrace,Trophy,476,,1,1,,790,3/20/2025,550,14,60%,1435,1.82,1435,1.82,2025-03-04,2025-03-26,23,7
Triton Terrace,Trophy,157,5,1,1,,790,7/20/2025,550,12,60%,1450,1.84,1450,1.84,2025-05-12,2025-05-29,18,0
Triton Terrace,Trophy,355,5,1,1,,790,4/22/2025,550,12,60%,1370,1.73,1370,1.73,2025-04-03,2025-08-18,138,119
Triton Terrace,Trophy,355,5,1,1,,790,4/14/2026,550,12,60%,1465,1.85,1465,1.85,2026-01-10,2026-07-12,184,90
Triton Terrace,Trophy,457,5,1,1,,790,4/7/2025,550,14,80%,1480,1.87,1480,1.87,2025-03-27,2025-04-01,6,0
Triton Terrace,Trophy,452,5,1,1,,790,3/24/2025,550,14,80%,1500,1.9,1500,1.9,2025-02-06,2025-04-16,70,24
Triton Terrace,Trophy,473,,1,1,,790,9/12/2024,550,9,80%,1325,1.68,1325,1.68,2024-06-29,2024-09-04,68,0
Triton Terrace,Trophy,473,,1,1,,790,4/10/2025,550,14,80%,1530,1.94,1530,1.94,2025-01-29,2025-04-16,78,7
Triton Terrace,Trophy,225,2,1,1,,790,,,,60%,1325,1.68,1325,1.68,2024-01-24,2024-02-07,15,15
Triton Terrace,Trophy,376,,1,1,,790,7/8/2024,550,12,80%,1395,1.77,1395,1.77,2024-06-24,2024-08-15,53,39
Triton Terrace,Trophy,376,,1,1,,790,6/29/2025,550,,80%,1485,1.88,1485,1.88,2025-03-22,2025-03-27,6,0
Triton Terrace,Treasure,137,3,2,2,,1010,12/28/2024,550,7,60%,1490,1.48,1490,1.48,2024-10-22,2024-11-17,27,0
Triton Terrace,Treasure,434,3,2,2,,1010,11/19/2024,550,9,60%,1520,1.5,1520,1.5,2024-09-21,2024-11-23,64,5
Triton Terrace,Treasure,447,4,2,2,,1010,10/12/2024,550,9,60%,1589,1.57,1589,1.57,2024-08-24,2024-10-18,56,7
Triton Terrace,Treasure,447,4,2,2,,1010,3/12/2026,550,13,60%,1565,1.55,1565,1.55,2026-01-04,2026-01-19,16,0
Triton Terrace,Terrace,233,3,2,2,,1010,5/21/2024,,13,60%,1625,1.61,1625,1.61,2024-04-13,2024-06-28,77,39
Triton Terrace,Terrace,233,3,2,2,,1010,1/25/2026,,13,60%,1580,1.56,1580,1.56,2025-12-11,2026-03-14,94,49
Triton Terrace,Treasure,132,3,2,2,,1010,4/20/2025,550,14,60%,1785,1.77,1785,1.77,2025-02-06,2025-04-16,70,0
Triton Terrace,Treasure,132,3,2,2,,1010,11/14/2025,550,12,60%,1600,1.58,1600,1.58,2025-09-10,2025-09-11,2,0
Triton Terrace,Treasure,463,,2,2,,1010,9/10/2025,550,10,60%,1600,1.58,1600,1.58,2025-06-12,2025-08-28,78,0
Triton Terrace,Treasure,167,,2,2,,1010,11/11/2024,550,14,60%,1600,1.58,1600,1.58,2024-09-04,2025-02-04,154,86
Triton Terrace,Treasure,334,3,2,2,,1010,3/10/2025,550,6,60%,1600,1.58,1600,1.58,2024-12-29,2025-02-05,39,0
Triton Terrace,Treasure,445,4,2,2,,1010,3/23/2025,550,12,60%,1600,1.58,1600,1.58,2025-01-14,2025-01-25,12,0
Triton Terrace,Treasure,336,3,2,2,,1010,6/22/2024,550,9,60%,1610,1.59,1610,1.59,2024-06-22,2025-01-07,200,200
Triton Terrace,Treasure,147,4,2,2,,1010,9/6/2025,550,12,60%,1615,1.6,1615,1.6,2025-07-17,2025-09-13,59,8
Triton Terrace,Treasure,264,,2,2,,1010,10/24/2025,550,11,60%,1615,1.6,1615,1.6,2025-08-12,2025-09-16,36,0
Triton Terrace,Treasure,341,4,2,2,,1010,4/4/2024,550,9,60%,1730,1.71,1730,1.71,2024-04-04,2024-04-09,6,6
Triton Terrace,Treasure,341,4,2,2,,1010,12/10/2025,550,14,60%,1615,1.6,1579,1.56,2025-11-16,2025-11-21,6,0
Triton Terrace,Treasure,237,3,2,2,,1010,2/10/2025,550,8,60%,1540,1.52,1540,1.52,2024-12-17,2025-01-03,18,0
Triton Terrace,Treasure,237,3,2,2,,1010,11/12/2025,550,14,60%,1615,1.6,1615,1.6,2025-10-28,2026-02-14,110,95
Triton Terrace,Treasure,367,,2,2,,1010,6/21/2025,550,14,60%,1620,1.6,1620,1.6,2025-05-07,2025-06-21,46,1
Triton Terrace,Treasure,338,3,2,2,,1010,3/3/2026,550,14,60%,1625,1.61,1625,1.61,2025-12-23,2026-03-05,73,3
Triton Terrace,Treasure,168,,2,2,,1010,10/1/2025,550,9,60%,1630,1.61,1630,1.61,2025-07-17,2025-08-03,18,0
Triton Terrace,Treasure,344,4,2,2,,1010,6/3/2024,550,12,60%,1695,1.68,1695,1.68,2024-05-21,2024-07-24,65,52
Triton Terrace,Treasure,344,4,2,2,,1010,3/31/2025,550,11,60%,1635,1.62,1635,1.62,2025-03-30,2025-09-08,163,162
Triton Terrace,Treasure,148,4,2,2,,1010,7/23/2025,550,12,60%,1639,1.62,1639,1.62,2025-07-08,2025-07-28,21,6
Triton Terrace,Treasure,365,,2,2,,1010,2/22/2024,550,14,60%,1705,1.69,1705,1.69,2023-11-09,2024-04-22,166,61
Triton Terrace,Treasure,365,,2,2,,1010,7/6/2025,550,12,60%,1640,1.62,1640,1.62,2025-05-07,2025-07-06,61,1
Triton Terrace,Treasure,261,,2,2,,1010,,,,60%,1615,1.6,1615,1.6,2023-11-11,2024-01-20,71,71
Triton Terrace,Treasure,261,,2,2,,1010,3/10/2025,550,14,60%,1645,1.63,1645,1.63,2025-01-30,2025-02-10,12,0
Triton Terrace,Treasure,241,4,2,2,,1010,4/16/2024,550,14,60%,1645,1.63,1645,1.63,2024-04-06,2024-05-31,56,46
Triton Terrace,Treasure,332,3,2,2,,1010,5/22/2025,550,14,60%,1785,1.77,1785,1.77,2025-03-14,2025-04-16,34,0
Triton Terrace,Treasure,332,3,2,2,,1010,8/2/2026,550,12,60%,1650,1.63,1650,1.63,2026-05-19,,56,0
Triton Terrace,Treasure,444,4,2,2,,1010,6/10/2025,550,14,60%,1595,1.58,1559,1.54,2025-04-01,2025-11-20,234,164
Triton Terrace,Treasure,444,4,2,2,,1010,Now,550,13,60%,1650,1.63,1650,1.63,2026-04-01,,104,4
Triton Terrace,Treasure,337,3,2,2,,1010,2/25/2026,550,14,60%,1640,1.62,1640,1.62,2026-01-03,2026-02-21,50,0
Triton Terrace,Treasure,337,3,2,2,,1010,Now,550,13,60%,1650,1.63,1650,1.63,2026-06-04,,40,40
Triton Terrace,Treasure,461,,2,2,,1010,9/10/2026,550,11,60%,1650,1.63,1650,1.63,2026-07-02,,12,0
Triton Terrace,Treasure,347,4,2,2,,1010,Now,550,13,60%,1650,1.63,1650,1.63,2026-04-30,,75,4
Triton Terrace,Treasure,431,3,2,2,,1010,9/20/2026,550,11,60%,1650,1.63,1650,1.63,2026-06-23,,21,0
Triton Terrace,Treasure,235,3,2,2,,1010,5/8/2026,550,14,60%,1655,1.64,1655,1.64,2026-02-17,2026-02-28,12,0
Triton Terrace,Treasure,432,3,2,2,,1010,4/10/2026,550,14,60%,1655,1.64,1655,1.64,2026-01-20,2026-03-01,41,0
Triton Terrace,Treasure,441,4,2,2,,1010,5/20/2024,550,9,60%,1655,1.64,1655,1.64,2024-04-27,2024-05-21,25,2
Triton Terrace,Treasure,247,4,2,2,,1010,5/10/2025,550,10,80%,1665,1.65,1665,1.65,2025-03-09,2025-09-06,182,120
Triton Terrace,Treasure,161,,2,2,,1010,9/7/2026,550,11,80%,1670,1.65,1670,1.65,2026-06-28,,16,0
Triton Terrace,Treasure,243,4,2,2,,1010,8/10/2026,550,12,80%,1680,1.66,1680,1.66,2026-06-04,,40,0
Triton Terrace,Treasure,236,3,2,2,,1010,11/16/2024,550,8,80%,1520,1.5,1520,1.5,2024-09-07,2024-11-16,71,1
Triton Terrace,Treasure,236,3,2,2,,1010,8/2/2026,550,12,80%,1680,1.66,1680,1.66,2026-06-24,,20,0
Triton Terrace,Treasure,361,,2,2,,1010,10/3/2024,550,10,80%,1560,1.54,1560,1.54,2024-09-13,2024-12-25,104,84
Triton Terrace,Treasure,361,,2,2,,1010,2/10/2026,550,14,80%,1575,1.56,1575,1.56,2025-12-27,2026-02-19,55,10
Triton Terrace,Treasure,361,,2,2,,1010,Now,550,13,80%,1680,1.66,1680,1.66,2026-05-21,,54,54
Triton Terrace,Treasure,331,3,2,2,,1010,5/9/2026,550,14,80%,1680,1.66,1680,1.66,2026-02-17,2026-03-26,38,0
Triton Terrace,Treasure,343,4,2,2,,1010,10/6/2025,550,14,80%,1685,1.67,1649,1.63,2025-07-31,2025-11-22,115,48
Triton Terrace,Treasure,248,4,2,2,,1010,6/10/2025,550,14,80%,1785,1.77,1785,1.77,2025-04-08,2025-04-16,9,0
Triton Terrace,Treasure,248,4,2,2,,1010,4/30/2026,550,13,80%,1690,1.67,1690,1.67,2026-02-11,2026-04-30,79,1
Triton Terrace,Treasure,443,4,2,2,,1010,4/5/2025,550,14,80%,1695,1.68,1695,1.68,2025-01-25,2025-03-11,46,0
Triton Terrace,Treasure,242,4,2,2,,1010,9/29/2025,550,10,80%,1705,1.69,1705,1.69,2025-08-17,2025-10-20,65,22
Triton Terrace,Treasure,231,3,2,2,,1010,4/28/2025,550,6,80%,1730,1.71,1730,1.71,2025-02-22,2025-03-14,21,0
Triton Terrace,Treasure,335,3,2,2,,1010,6/5/2024,550,12,80%,1730,1.71,1730,1.71,2024-04-22,2024-07-29,99,55
Triton Terrace,Treasure,446,4,2,2,,1010,7/30/2024,550,12,80%,1765,1.75,1765,1.75,2024-07-29,2024-08-14,17,16
Triton Terrace,Treasure,446,4,2,2,,1010,4/14/2026,550,12,80%,1740,1.72,1740,1.72,2025-07-09,2026-07-07,364,85
Triton Terrace,Treasure,244,4,2,2,,1010,12/11/2024,550,10,80%,1520,1.5,1520,1.5,2024-11-02,2024-12-13,42,3
Triton Terrace,Treasure,244,4,2,2,,1010,5/27/2026,550,14,80%,1740,1.72,1740,1.72,2026-04-18,2026-05-21,34,0
Triton Terrace,Treasure,437,3,2,2,,1010,10/11/2024,550,10,80%,1725,1.71,1725,1.71,2024-07-23,2024-09-25,65,0
Triton Terrace,Treasure,437,3,2,2,,1010,5/27/2026,550,14,80%,1741,1.72,1741,1.72,2026-03-17,2026-04-29,44,0
Triton Terrace,Treasure,131,3,2,2,,1010,9/5/2024,550,11,80%,1760,1.74,1760,1.74,2024-06-29,2024-08-19,52,0
Triton Terrace,Treasure,435,3,2,2,,1010,5/26/2026,550,14,80%,1765,1.75,1765,1.75,2026-04-10,2026-05-05,26,0
Triton Terrace,Treasure,362,,2,2,,1010,2/22/2024,550,9,80%,1730,1.71,1730,1.71,2023-11-09,2024-04-06,150,45
Triton Terrace,Treasure,362,,2,2,,1010,8/10/2025,550,9,80%,1635,1.62,1635,1.62,2025-07-01,2025-09-10,72,32
Triton Terrace,Treasure,362,,2,2,,1010,6/20/2026,550,13,80%,1780,1.76,1780,1.76,2026-04-11,2026-06-25,76,6
Triton Terrace,Treasure,345,4,2,2,,1010,8/8/2024,550,8,80%,1520,1.5,1520,1.5,2024-06-29,2024-11-15,140,100
Triton Terrace,Treasure,345,4,2,2,,1010,10/9/2025,550,14,80%,1750,1.73,1750,1.73,2025-07-30,2025-12-05,129,58
Triton Terrace,Treasure,345,4,2,2,,1010,6/12/2026,550,13,80%,1800,1.78,1800,1.78,2026-05-28,2026-06-15,19,4
Triton Terrace,Treasure,262,,2,2,,1010,4/14/2026,550,14,80%,1810,1.79,1810,1.79,2025-12-23,2026-05-21,150,38
Triton Terrace,Treasure,267,,2,2,,1010,8/3/2025,550,,80%,1745,1.73,1745,1.73,2025-05-10,2025-05-20,11,0
Triton Terrace,Triumph  Townhome,14499,4,2,2,,1180,3/10/2025,,6,80%,2035,1.72,2035,1.72,2024-12-27,2025-03-30,94,21
Triton Terrace,Triumph  Townhome,14499,4,2,2,,1180,6/10/2026,,12,80%,1930,1.64,1930,1.64,2026-04-19,2026-07-11,84,32
Triton Terrace,Triumph  Townhome,14491,4,2,2,,1180,9/23/2025,,11,80%,1910,1.62,1910,1.62,2025-08-30,2025-09-07,9,0
Triton Terrace,Triumph  Townhome,14491,4,2,2,,1180,9/7/2026,,11,80%,1970,1.67,1970,1.67,2026-06-23,,21,0
Triton Terrace,Triumph,14497,4,2,2,,1180,3/11/2024,,6,80%,1990,1.69,1990,1.69,2024-02-23,2024-03-05,12,0
Triton Terrace,Terrace,246,4,2,2,,,11/14/2023,,,60%,1515,,1515,,2023-11-15,2023-12-14,30,30
Triton Terrace,Tribune Townhome,14503,4,3,2,1,1965,12/29/2024,650,9,80%,2150,1.09,2150,1.09,2024-12-20,2025-01-07,19,10
Triton Terrace,Tribune Townhome,14503,4,3,2,1,1965,8/25/2025,650,11,80%,2200,1.12,2200,1.12,2025-08-02,2025-08-29,28,5
Triton Terrace,Tribune Townhome,14507,4,3,2,1,1965,11/4/2023,,,80%,2200,1.12,2200,1.12,2023-11-09,2023-12-09,31,31
Triton Terrace,Tribune Townhome,14507,4,3,2,1,1965,5/16/2025,650,14,80%,2355,1.2,2355,1.2,2025-05-10,2025-05-21,12,6
Seasons at Southpoint,1-1,N114,1,1,1,,699,2/29/2024,400,,60%,1551,2.22,1551,2.22,2023-12-28,2024-01-25,29,0
Seasons at Southpoint,1-1,N114,1,1,1,,699,2/4/2025,,,60%,1335,1.91,1335,1.91,2024-12-12,2025-01-15,35,0
Seasons at Southpoint,1-1,N114,1,1,1,,699,2/26/2026,550,18,60%,1285,1.84,1285,1.84,2025-12-11,2025-12-29,19,0
Seasons at Southpoint,1-1,N204,2,1,1,,699,10/13/2023,400,,60%,1490,2.13,1490,2.13,2023-08-16,2023-08-23,8,0
Seasons at Southpoint,1-1,N204,2,1,1,,699,1/16/2026,550,18,60%,1285,1.84,1285,1.84,2025-11-18,2026-01-17,61,2
Seasons at Southpoint,1-1,S128,1,1,1,,699,9/18/2024,500,,60%,1323,1.89,1323,1.89,2024-06-12,2024-06-27,16,0
Seasons at Southpoint,1-1,S128,1,1,1,,699,9/24/2025,550,18,60%,1300,1.86,1300,1.86,2025-07-16,2025-08-13,29,0
Seasons at Southpoint,1-1,N211,2,1,1,,699,2/19/2026,550,18,60%,1305,1.87,1305,1.87,2025-11-26,2026-01-26,62,0
Seasons at Southpoint,1-1,S337,3,1,1,,699,6/24/2024,500,,60%,1344,1.92,1344,1.92,2024-04-09,2024-05-04,26,0
Seasons at Southpoint,1-1,S337,3,1,1,,699,7/8/2025,550,18,60%,1311,1.88,1311,1.88,2025-05-20,2025-07-01,43,0
Seasons at Southpoint,1-1,S134,1,1,1,,699,11/5/2025,550,18,60%,1315,1.88,1315,1.88,2025-06-27,2025-12-14,171,40
Seasons at Southpoint,1-1,S139,1,1,1,,699,7/13/2024,500,,60%,1306,1.87,1306,1.87,2024-05-09,2024-05-18,10,0
Seasons at Southpoint,1-1,S139,1,1,1,,699,5/7/2026,550,18,60%,1316,1.88,1316,1.88,2026-02-26,2026-03-22,25,0
Seasons at Southpoint,1-1,N305,3,1,1,,699,5/13/2024,500,,60%,1263,1.81,1263,1.81,2024-01-25,2024-08-01,190,81
Seasons at Southpoint,1-1,N305,3,1,1,,699,5/25/2025,550,18,60%,1383,1.98,1383,1.98,2025-04-22,2025-06-24,64,31
Seasons at Southpoint,1-1,N305,3,1,1,,699,11/8/2025,550,18,60%,1325,1.9,1319,1.89,2025-10-01,2025-11-22,53,15
Seasons at Southpoint,1-1,N203,2,1,1,,699,6/4/2024,500,,60%,1317,1.88,1317,1.88,2024-05-09,2024-06-27,50,24
Seasons at Southpoint,1-1,N203,2,1,1,,699,4/15/2026,550,18,60%,1332,1.91,1332,1.91,2025-12-09,2026-04-18,131,4
Seasons at Southpoint,1-1,S334,3,1,1,,699,5/23/2024,500,,60%,1362,1.95,1362,1.95,2024-03-15,2024-06-26,104,35
Seasons at Southpoint,1-1,S334,3,1,1,,699,1/23/2025,,,60%,1286,1.84,1286,1.84,2024-11-20,2025-01-14,56,0
Seasons at Southpoint,1-1,S334,3,1,1,,699,1/30/2026,550,18,60%,1335,1.91,1335,1.91,2025-09-16,2025-11-14,60,0
Seasons at Southpoint,1-1,S239,2,1,1,,699,5/23/2026,550,18,60%,1345,1.92,1345,1.92,2026-03-24,2026-04-12,20,0
Seasons at Southpoint,1-1,N120,1,1,1,,699,4/12/2024,400,,60%,1409,2.02,1409,2.02,2024-01-30,2024-02-10,12,0
Seasons at Southpoint,1-1,N120,1,1,1,,699,4/12/2025,550,18,60%,1352,1.93,1352,1.93,2024-12-19,2025-06-28,192,78
Seasons at Southpoint,1-1,N112,1,1,1,,699,6/17/2023,400,,60%,1415,2.02,1415,2.02,,2023-09-02,,
Seasons at Southpoint,1-1,N112,1,1,1,,699,8/18/2024,500,,60%,1482,2.12,1482,2.12,2024-07-18,2024-08-20,34,3
Seasons at Southpoint,1-1,N112,1,1,1,,699,3/6/2026,550,18,60%,1360,1.95,1360,1.95,2025-12-23,2026-02-04,44,0
Seasons at Southpoint,1-1,S328,3,1,1,,699,10/8/2025,550,18,60%,1370,1.96,1370,1.96,2025-06-27,2025-11-30,157,54
Seasons at Southpoint,1-1,N212,2,1,1,,699,9/11/2023,400,,60%,1350,1.93,1350,1.93,,2023-10-28,,
Seasons at Southpoint,1-1,N212,2,1,1,,699,11/4/2024,500,,60%,1565,2.24,1565,2.24,2024-07-30,2024-09-18,51,0
Seasons at Southpoint,1-1,N212,2,1,1,,699,1/10/2026,550,18,60%,1372,1.96,1372,1.96,2025-11-11,2026-03-01,111,51
Seasons at Southpoint,1-1,N205,2,1,1,,699,7/25/2026,550,14,60%,1393,1.99,1393,1.99,2026-04-18,2026-05-20,33,0
Seasons at Southpoint,1-1,S327,3,1,1,,699,2/24/2025,,,60%,1323,1.89,1323,1.89,2025-02-06,2025-02-13,8,0
Seasons at Southpoint,1-1,S327,3,1,1,,699,5/5/2026,550,15,60%,1398,2,1398,2,2026-02-26,2026-05-21,85,17
Seasons at Southpoint,1-1,N104,1,1,1,,699,8/2/2025,550,18,60%,1430,2.05,1430,2.05,2025-06-20,2025-09-05,78,35
Seasons at Southpoint,1-1,S340,3,1,1,,699,10/1/2025,550,18,60%,1451,2.08,1451,2.08,2025-07-29,2025-07-31,3,0
Seasons at Southpoint,1-1,N219,2,1,1,,699,7/2/2026,550,14,60%,1459,2.09,1459,2.09,2026-04-30,2026-06-02,34,0
Seasons at Southpoint,1-1,N322,3,1,1,,699,6/8/2025,550,18,60%,1468,2.1,1468,2.1,2025-05-20,2025-07-11,53,34
Seasons at Southpoint,1-1,N222,2,1,1,,699,5/4/2024,500,,60%,1384,1.98,1384,1.98,2024-03-15,2024-04-24,41,0
Seasons at Southpoint,1-1,N222,2,1,1,,699,5/7/2026,550,13,60%,1468,2.1,1468,2.1,2026-02-28,2026-05-11,73,5
Seasons at Southpoint,1-1,S240,2,1,1,,699,4/21/2024,500,,80%,1296,1.85,1296,1.85,2024-04-18,2024-05-16,29,26
Seasons at Southpoint,1-1,S240,2,1,1,,699,Now,550,15,80%,1485,2.12,1485,2.12,2026-05-06,,69,6
Seasons at Southpoint,1-1,N213,2,1,1,,699,8/18/2023,400,,80%,1390,1.99,1390,1.99,2023-07-11,2023-08-05,26,0
Seasons at Southpoint,1-1,N213,2,1,1,,699,8/14/2025,550,18,80%,1346,1.93,1346,1.93,2025-01-16,2025-08-10,207,0
Seasons at Southpoint,1-1,N213,2,1,1,,699,8/19/2026,550,15,80%,1505,2.15,1505,2.15,2026-06-08,,36,0
Seasons at Southpoint,1-1,N113,1,1,1,,699,4/29/2024,500,,80%,1309,1.87,1309,1.87,2024-04-05,2024-04-23,19,0
Seasons at Southpoint,1-1,N113,1,1,1,,699,5/5/2025,,,80%,1340,1.92,1340,1.92,2025-02-16,2025-03-05,18,0
Seasons at Southpoint,1-1,N113,1,1,1,,699,1/9/2026,550,18,80%,1305,1.87,1305,1.87,2025-11-04,2025-12-12,39,0
Seasons at Southpoint,1-1,N113,1,1,1,,699,8/18/2026,550,15,80%,1525,2.18,1525,2.18,2026-06-09,,35,0
Seasons at Southpoint,1-1,N214,2,1,1,,699,8/26/2023,400,,80%,1400,2,1400,2,,2023-11-05,,
Seasons at Southpoint,1-1,N214,2,1,1,,699,8/12/2026,550,15,80%,1585,2.27,1585,2.27,2026-06-04,,40,0
Seasons at Southpoint,1-1,N314,3,1,1,,699,10/21/2023,400,,80%,1455,2.08,1455,2.08,2023-08-05,2023-09-13,40,0
Seasons at Southpoint,1-1,N314,3,1,1,,699,7/28/2024,500,,80%,1416,2.03,1416,2.03,2024-05-25,2024-06-01,8,0
Seasons at Southpoint,1-1,N314,3,1,1,,699,8/18/2026,550,15,80%,1635,2.34,1635,2.34,2026-06-15,,29,0
Seasons at Southpoint,Unit 1-1,S242,2,1,1,,699,12/26/2024,500,,60%,1261,1.8,1261,1.8,2024-08-21,2025-01-26,159,32
Seasons at Southpoint,Unit 1-1,S227,2,1,1,,699,9/29/2023,400,,60%,1265,1.81,1265,1.81,2023-07-28,2023-10-18,83,20
Seasons at Southpoint,Unit 1-1,S227,2,1,1,,699,3/9/2025,,,60%,1269,1.82,1269,1.82,2025-02-13,2025-02-26,14,0
Seasons at Southpoint,One Bedroom/One Bathroom,S132,1,1,1,,699,9/15/2023,400,,60%,1330,1.9,1330,1.9,2023-07-12,2023-09-01,52,0
Seasons at Southpoint,One Bedroom/One Bathroom,S132,1,1,1,,699,8/18/2024,500,,60%,1284,1.84,1284,1.84,2024-06-13,2024-08-13,62,0
Seasons at Southpoint,Unit 1-1,S234,2,1,1,,699,3/11/2025,,,60%,1311,1.88,1311,1.88,2025-01-28,2025-04-02,65,23
Seasons at Southpoint,One Bedroom/One Bathroom,S339,3,1,1,,699,7/13/2024,500,,60%,1344,1.92,1344,1.92,2024-05-09,2024-06-14,37,0
Seasons at Southpoint,One Bedroom/One Bathroom,S342,3,1,1,,699,12/13/2023,400,,60%,1360,1.95,1360,1.95,2023-10-18,2023-10-28,11,0
Seasons at Southpoint,Unit 1-1,N319,3,1,1,,699,11/4/2023,400,,60%,1380,1.97,1380,1.97,2023-09-02,2023-11-12,72,9
Seasons at Southpoint,Unit 1-1,N319,3,1,1,,699,3/4/2025,,,60%,1366,1.95,1366,1.95,2025-01-30,2025-02-11,13,0
Seasons at Southpoint,One Bedroom/One Bathroom,S137,1,1,1,,699,6/17/2023,400,,60%,1370,1.96,1370,1.96,,2023-06-23,,
Seasons at Southpoint,One Bedroom/One Bathroom,S331,3,1,1,,699,9/4/2024,500,,60%,1389,1.99,1389,1.99,2024-07-26,2024-08-30,36,0
Seasons at Southpoint,1-1,S231,2,1,1,,699,3/2/2024,500,,60%,1290,1.85,1290,1.85,2024-01-17,2024-03-23,67,22
Seasons at Southpoint,1-1,S231,2,1,1,,699,4/3/2025,550,2,60%,1390,1.99,1390,1.99,2025-01-22,2025-05-21,120,49
Seasons at Southpoint,One Bedroom/One Bathroom,N304,3,1,1,,699,8/28/2024,500,,60%,1394,1.99,1394,1.99,2024-06-27,2024-08-16,51,0
Seasons at Southpoint,One Bedroom/One Bathroom,N312,3,1,1,,699,1/8/2024,400,,60%,1355,1.94,1355,1.94,2023-10-15,2023-10-19,5,0
Seasons at Southpoint,One Bedroom/One Bathroom,N312,3,1,1,,699,6/28/2024,500,,60%,1429,2.04,1429,2.04,2024-03-29,2024-05-17,50,0
Seasons at Southpoint,One Bedroom/One Bathroom,S140,1,1,1,,699,11/4/2024,500,,60%,1440,2.06,1440,2.06,2024-08-21,2024-09-11,22,0
Seasons at Southpoint,One Bedroom/One Bathroom,N206,2,1,1,,699,10/24/2023,400,,60%,1445,2.07,1445,2.07,2023-08-22,2023-08-30,9,0
Seasons at Southpoint,One Bedroom/One Bathroom,S237,2,1,1,,699,11/17/2024,500,,60%,1451,2.08,1451,2.08,2024-08-01,2024-09-14,45,0
Seasons at Southpoint,One Bedroom/One Bathroom,N122,1,1,1,,699,9/2/2023,400,,120%,2730,3.91,2730,3.91,2023-07-19,2023-10-21,95,50
Seasons at Southpoint,1-2,S138,1,1,1,,755,12/5/2024,,,60%,1509,2,1509,2,2024-10-01,2024-11-14,45,0
Seasons at Southpoint,1-2,S138,1,1,1,,755,1/13/2026,550,18,60%,1455,1.93,1455,1.93,2025-11-14,2025-11-19,6,0
Seasons at Southpoint,1-2,S238,2,1,1,,755,1/13/2024,500,,60%,1329,1.76,1329,1.76,2023-10-28,2024-04-07,163,86
Seasons at Southpoint,1-2,S238,2,1,1,,755,4/29/2025,550,2,60%,1390,1.84,1390,1.84,2025-02-25,2025-05-29,94,31
Seasons at Southpoint,1-3,S230,2,1,1,,821,2/7/2026,550,18,60%,1305,1.59,1305,1.59,2025-11-18,2026-01-20,64,0
Seasons at Southpoint,1-3,N116,1,1,1,,821,4/19/2024,500,,60%,1474,1.8,1474,1.8,2024-02-03,2024-04-09,67,0
Seasons at Southpoint,1-3,N116,1,1,1,,821,12/20/2025,550,18,60%,1325,1.61,1325,1.61,2025-10-21,2026-01-18,90,30
Seasons at Southpoint,1-3,N216,2,1,1,,821,11/21/2025,550,18,80%,1498,1.82,1492,1.82,2025-09-22,2025-11-18,58,0
Seasons at Southpoint,1-3,N316,3,1,1,,821,6/15/2024,500,,80%,1588,1.93,1588,1.93,2024-04-10,2024-07-02,84,18
Seasons at Southpoint,1-3,N316,3,1,1,,821,8/6/2026,550,15,80%,1695,2.06,1695,2.06,2026-06-09,,35,0
Seasons at Southpoint,One Bedroom/One Bathroom,S130,1,1,1,,821,5/17/2024,500,,60%,1390,1.69,1390,1.69,2024-04-10,2024-05-31,52,15
Seasons at Southpoint,1-4,S235,2,1,1,,827,2/13/2024,400,,60%,1443,1.74,1443,1.74,2023-11-23,2024-02-23,93,11
Seasons at Southpoint,1-4,S235,2,1,1,,827,3/3/2025,,,60%,1393,1.68,1393,1.68,2024-12-24,2025-01-23,31,0
Seasons at Southpoint,1-4,S235,2,1,1,,827,12/6/2025,550,18,60%,1360,1.64,1360,1.64,2025-11-25,2025-12-09,15,4
Seasons at Southpoint,1-4,S235,2,1,1,,827,4/16/2026,550,18,60%,1375,1.66,1375,1.66,2026-03-10,2026-04-05,27,0
Seasons at Southpoint,1-5 ADA,S136,1,1,1,,895,8/4/2023,400,,80%,1505,1.68,1505,1.68,,2023-06-20,,
Seasons at Southpoint,1-5 ADA,S136,1,1,1,,895,Now,550,15,80%,1615,1.8,1615,1.8,2026-04-05,,100,40
Seasons at Southpoint,One Bedroom/One Bathroom,S236,2,1,1,,895,9/8/2023,400,,60%,1370,1.53,1370,1.53,2023-08-09,2023-10-13,66,36
Seasons at Southpoint,One Bedroom/One Bathroom,S236,2,1,1,,895,9/26/2024,500,,60%,1463,1.63,1463,1.63,2024-06-25,2024-09-05,73,0
Seasons at Southpoint,2-1,N321,3,2,2,,1065,7/15/2024,500,,60%,1469,1.38,1469,1.38,2024-04-04,2024-06-28,86,0
Seasons at Southpoint,2-1,N321,3,2,2,,1065,1/22/2026,550,18,60%,1560,1.46,1560,1.46,2025-11-26,2026-01-14,50,0
Seasons at Southpoint,2-1,N121,1,2,2,,1065,2/4/2025,,,80%,1665,1.56,1665,1.56,2024-11-21,2025-02-25,97,22
Seasons at Southpoint,2-1,N121,1,2,2,,1065,1/10/2026,550,18,80%,1670,1.57,1670,1.57,2025-11-11,2026-02-05,87,27
Seasons at Southpoint,2-2,N101,1,2,2,,1113,10/18/2023,400,,60%,1650,1.48,1650,1.48,2023-07-23,2023-09-06,46,0
Seasons at Southpoint,2-2,N101,1,2,2,,1113,4/21/2024,500,,60%,1612,1.45,1612,1.45,2024-01-26,2024-04-26,92,6
Seasons at Southpoint,2-2,N101,1,2,2,,1113,9/19/2025,550,18,60%,1522,1.37,1522,1.37,2025-07-29,2025-08-13,16,0
Seasons at Southpoint,2-2,N202,2,2,2,,1113,2/6/2026,550,18,80%,1670,1.5,1670,1.5,2025-12-11,2025-12-17,7,0
Seasons at Southpoint,2-2,N224,2,2,2,,1113,4/15/2025,550,2,80%,1960,1.76,1960,1.76,2025-02-12,2025-05-25,103,41
Seasons at Southpoint,2-2,N224,2,2,2,,1113,6/4/2026,550,15,80%,1737,1.56,1737,1.56,2026-04-05,2026-05-28,54,0
Seasons at Southpoint,2-2,S144,1,2,2,,1113,7/4/2024,500,,80%,1649,1.48,1649,1.48,2024-01-26,2024-07-10,167,7
Seasons at Southpoint,2-2,S144,1,2,2,,1113,9/26/2025,550,18,80%,1803,1.62,1797,1.61,2025-07-28,2025-11-11,107,47
Seasons at Southpoint,Two Bedroom/Two Bathroom,N124,1,2,2,,1113,9/8/2023,400,,60%,1785,1.6,1785,1.6,2023-07-06,2023-10-17,104,40
Seasons at Southpoint,Two Bedroom/Two Bathroom,N124,1,2,2,,1113,7/16/2024,500,,60%,1559,1.4,1559,1.4,2024-05-14,2024-06-25,43,0
Seasons at Southpoint,Two Bedroom/Two Bathroom,N201,2,2,2,,1113,6/23/2024,500,,60%,1588,1.43,1588,1.43,2024-03-20,2024-07-02,105,10
Seasons at Southpoint,Two Bedroom/Two Bathroom,N301,3,2,2,,1113,8/11/2024,500,,60%,1599,1.44,1599,1.44,2024-06-27,2024-07-03,7,0
Seasons at Southpoint,Two Bedroom/Two Bathroom,S241,2,2,2,,1113,6/10/2024,500,,60%,1652,1.48,1652,1.48,2024-03-26,2024-05-10,46,0
Seasons at Southpoint,Unit 2-2,S126,1,2,2,,1113,8/28/2024,500,,80%,1574,1.41,1574,1.41,2024-06-19,2024-07-09,21,0
Seasons at Southpoint,Unit 2-2,S126,1,2,2,,1113,7/2/2025,,,80%,1680,1.51,1680,1.51,2025-03-18,2025-05-13,57,0
Seasons at Southpoint,Unit 2-2,S141,1,2,2,,1113,4/5/2025,,,80%,1698,1.53,1698,1.53,2025-02-15,2025-02-19,5,0
Seasons at Southpoint,Two Bedroom/Two Bathroom,N324,3,2,2,,1113,7/7/2024,500,,80%,1722,1.55,1722,1.55,2024-04-13,2024-04-24,12,0
Seasons at Southpoint,Two Bedroom/Two Bathroom,S344,3,2,2,,1113,3/20/2024,500,,80%,1727,1.55,1727,1.55,2024-01-19,2024-05-09,112,51
Seasons at Southpoint,Two Bedroom/Two Bathroom,N302,3,2,2,,1113,3/13/2024,500,,80%,1746,1.57,1746,1.57,2024-01-04,2024-05-03,121,52
Seasons at Southpoint,2-2,S225,2,2,2,,1113,6/8/2024,500,,80%,1652,1.48,1652,1.48,2024-04-03,2024-05-11,39,0
Seasons at Southpoint,2-2,S225,2,2,2,,1113,6/7/2025,550,2,80%,1840,1.65,1840,1.65,2025-03-15,2025-05-22,69,0
Seasons at Southpoint,2-2,S226,2,2,2,,1113,6/2/2025,550,2,80%,1875,1.68,1875,1.68,2025-03-20,2025-05-31,73,0
Seasons at Southpoint,Unit 2-2,N102,1,2,2,,1113,12/19/2024,,,80%,1900,1.71,1900,1.71,2024-11-19,2025-03-10,112,82
Seasons at Southpoint,2-3,S333,3,2,2,,1138,8/18/2024,500,,60%,1464,1.29,1464,1.29,2024-06-13,2024-06-27,15,0
Seasons at Southpoint,2-3,S333,3,2,2,,1138,8/26/2025,550,18,60%,1572,1.38,1572,1.38,2025-06-27,2025-08-19,54,0
Seasons at Southpoint,2-3,N307,3,2,2,,1138,8/30/2023,400,,60%,1620,1.42,1620,1.42,,2023-08-30,,
Seasons at Southpoint,2-3,N307,3,2,2,,1138,10/5/2024,500,,60%,1564,1.37,1564,1.37,2024-07-18,2024-07-25,8,0
Seasons at Southpoint,2-3,N307,3,2,2,,1138,10/9/2025,550,18,60%,1595,1.4,1595,1.4,2025-08-07,2025-08-16,10,0
Seasons at Southpoint,2-3,S233,2,2,2,,1138,6/4/2024,500,,60%,1567,1.38,1567,1.38,2023-09-14,2024-04-07,207,0
Seasons at Southpoint,2-3,S233,2,2,2,,1138,1/29/2026,550,18,60%,1625,1.43,1625,1.43,2025-11-25,2026-03-08,104,39
Seasons at Southpoint,2-3 ADA,N117,1,2,2,,1138,8/7/2025,550,18,60%,1650,1.45,1650,1.45,2025-06-08,2025-10-02,117,57
Seasons at Southpoint,2-3,N310,3,2,2,,1138,10/9/2025,550,18,80%,1680,1.48,1680,1.48,2025-07-29,2025-08-08,11,0
Seasons at Southpoint,2-3,N308,3,2,2,,1138,5/27/2024,500,,80%,1731,1.52,1731,1.52,2024-03-01,2024-05-09,70,0
Seasons at Southpoint,2-3,N308,3,2,2,,1138,12/6/2025,550,18,80%,1735,1.52,1735,1.52,2025-10-01,2025-10-15,15,0
Seasons at Southpoint,2-3,N317,3,2,2,,1138,8/31/2023,400,,80%,1680,1.48,1680,1.48,,2023-07-14,,
Seasons at Southpoint,2-3,N317,3,2,2,,1138,6/4/2025,,,80%,1670,1.47,1670,1.47,2025-03-08,2025-05-13,67,0
Seasons at Southpoint,2-3,N317,3,2,2,,1138,8/13/2026,550,15,80%,1935,1.7,1935,1.7,2026-06-04,,40,0
Seasons at Southpoint,2-3,N218,2,2,2,,1138,9/27/2023,400,,80%,1705,1.5,1705,1.5,2023-08-11,2023-09-13,34,0
Seasons at Southpoint,2-3,N218,2,2,2,,1138,9/8/2024,500,,80%,1614,1.42,1614,1.42,2024-06-25,2024-07-09,15,0
Seasons at Southpoint,2-3,N218,2,2,2,,1138,9/12/2025,550,18,80%,1690,1.49,1690,1.49,2025-06-27,2025-12-27,184,107
Seasons at Southpoint,2-3,N218,2,2,2,,1138,7/21/2026,550,15,80%,2015,1.77,2015,1.77,2026-05-21,2026-07-11,52,0
Seasons at Southpoint,2-3,N207,2,2,2,,1138,6/18/2025,550,2,60%,1494,1.31,1494,1.31,2025-05-10,2025-05-28,19,0
Seasons at Southpoint,2-3,N210,2,2,2,,1138,7/9/2025,550,2,60%,1549,1.36,1549,1.36,2025-05-13,2025-05-25,13,0
Seasons at Southpoint,Two Bedroom/Two Bathroom,N217,2,2,2,,1138,5/17/2024,500,,60%,1567,1.38,1567,1.38,2024-03-15,2024-04-09,26,0
Seasons at Southpoint,Two Bedroom/Two Bathroom,N118,1,2,2,,1138,7/24/2024,500,,60%,1630,1.43,1630,1.43,2024-05-09,2024-06-30,53,0
Seasons at Southpoint,Two Bedroom/Two Bathroom,N108,1,2,2,,1138,1/31/2024,400,,80%,1946,1.71,1946,1.71,2023-11-29,2024-01-04,37,0
Seasons at Southpoint,Two Bedroom/Two Bathroom,N108,1,2,2,,1138,8/30/2024,500,,80%,1669,1.47,1669,1.47,2024-07-02,2024-08-01,31,0
Seasons at Southpoint,Two Bedroom/Two Bathroom,N318,3,2,2,,1138,3/4/2024,400,,80%,1991,1.75,1991,1.75,2024-01-05,2024-01-17,13,0
Seasons at Southpoint,2-4,N315,3,2,2,,1181,8/20/2023,400,,80%,1700,1.44,1700,1.44,2023-08-09,2023-08-16,8,0
Seasons at Southpoint,2-4,N315,3,2,2,,1181,7/5/2024,500,,80%,1677,1.42,1677,1.42,2024-04-23,2024-04-27,5,0
Seasons at Southpoint,2-4,N315,3,2,2,,1181,1/15/2026,550,18,80%,1670,1.41,1670,1.41,2025-11-17,2026-01-24,69,10
Seasons at Southpoint,Two Bedroom/Two Bathroom,S229,2,2,2,,1181,12/9/2023,400,,60%,1640,1.39,1640,1.39,2023-08-05,2024-01-24,173,47
Seasons at Southpoint,Unit 2-4,S329,3,2,2,,1181,2/4/2025,,,80%,1716,1.45,1716,1.45,2024-11-27,2025-02-06,72,3
Seasons at Southpoint,2-5,N109,1,2,2,,1373,3/6/2026,550,18,80%,1700,1.24,1700,1.24,2026-01-07,2026-02-21,46,0
Seasons at Southpoint,2-5,N309,3,2,2,,1373,7/23/2024,500,,80%,1863,1.36,1863,1.36,2024-05-09,2024-08-09,93,18
Seasons at Southpoint,2-5,N309,3,2,2,,1373,10/7/2025,550,18,80%,2004,1.46,1998,1.46,2025-08-08,2025-11-05,90,30
Seasons at Southpoint,2-5,N309,3,2,2,,1373,3/13/2026,550,18,80%,1760,1.28,1760,1.28,2026-02-10,2026-03-17,36,5
Seasons at Southpoint,Unit 2-5,N209,2,2,2,,1373,10/3/2023,400,,80%,1800,1.31,1800,1.31,2023-08-01,2023-12-09,131,68
Seasons at Southpoint,Unit 2-5,N209,2,2,2,,1373,12/16/2024,,,80%,1909,1.39,1909,1.39,2024-10-13,2025-02-25,136,72
Rockpoint Apartments,Atlas,B203,2,0,1,,548,6/17/2023,,,60%,1250,2.28,1208,2.2,,2023-06-18,,
Rockpoint Apartments,Atlas,B203,2,0,1,,548,11/6/2024,,9,60%,1099,2.01,1099,2.01,2024-09-01,2024-11-27,88,22
Rockpoint Apartments,Atlas,B303,3,0,1,,548,3/27/2024,,,60%,1175,2.14,1175,2.14,2024-01-25,2024-04-23,90,28
Rockpoint Apartments,Atlas,B403,4,0,1,,548,6/7/2024,,9,60%,1260,2.3,1260,2.3,2024-05-15,2024-07-03,50,27
Rockpoint Apartments,Atlas,B403,4,0,1,,548,4/19/2025,,12,60%,1199,2.19,1116,2.04,2025-03-29,2025-06-04,68,47
Rockpoint Apartments,Atlas,E403,4,0,1,,548,4/8/2024,,9,60%,1240,2.26,1240,2.26,2024-02-03,2024-05-07,95,30
Rockpoint Apartments,Atlas,E403,4,0,1,,548,11/8/2025,,12,60%,1199,2.19,1099,2.01,2025-09-08,2026-02-13,159,98
Rockpoint Apartments,Atlas,E303,3,0,1,,548,8/6/2023,,,60%,1199,2.19,1099,2.01,,2023-11-22,,
Rockpoint Apartments,Atlas,E303,3,0,1,,548,9/5/2024,,12,60%,1199,2.19,1061,1.94,2024-06-29,2024-10-14,108,40
Rockpoint Apartments,Atlas,E303,3,0,1,,548,10/25/2025,,9,60%,1199,2.19,1199,2.19,2025-08-20,2026-01-08,142,76
Rockpoint Apartments,Atlas,C303,3,0,1,,548,7/13/2024,,9,60%,1275,2.33,1275,2.33,2024-05-06,2024-05-15,10,0
Rockpoint Apartments,Atlas,C303,3,0,1,,548,5/19/2026,,12,60%,1199,2.19,1057,1.93,2026-03-16,2026-06-09,86,22
Rockpoint Apartments,Atlas,D406,4,0,1,,548,11/7/2025,,9,60%,1220,2.23,1220,2.23,2025-10-17,2026-01-09,85,64
Rockpoint Apartments,Atlas,C203,2,0,1,,548,5/27/2024,,9,60%,1199,2.19,1199,2.19,2024-03-22,2024-07-14,115,49
Rockpoint Apartments,Atlas,C203,2,0,1,,548,1/24/2025,,,60%,1199,2.19,1157,2.11,2024-12-18,2025-04-02,106,69
Rockpoint Apartments,Atlas,C203,2,0,1,,548,4/8/2026,,12,60%,1230,2.24,1128,2.06,2026-02-03,2026-04-13,70,6
Rockpoint Apartments,Atlas,D306,3,0,1,,548,9/21/2023,,,60%,1199,2.19,1099,2.01,2023-07-20,2023-12-03,137,74
Rockpoint Apartments,Atlas,D306,3,0,1,,548,5/9/2025,,12,60%,1250,2.28,1208,2.2,2025-03-04,2025-03-20,17,0
Rockpoint Apartments,Atlas,D206,2,0,1,,548,6/17/2023,,,60%,1250,2.28,1208,2.2,,2023-08-06,,
Rockpoint Apartments,Atlas,D206,2,0,1,,548,9/8/2024,,12,60%,1199,2.19,1061,1.94,2024-07-10,2024-09-29,82,22
Rockpoint Apartments,Atlas,D206,2,0,1,,548,3/17/2025,,12,60%,1190,2.17,1148,2.09,2025-02-24,2025-05-05,71,50
Rockpoint Apartments,Atlas,D206,2,0,1,,548,8/20/2026,,12,60%,1250,2.28,1208,2.2,2026-03-09,2026-07-11,125,0
Rockpoint Apartments,Atlas,A203,2,0,1,,548,8/27/2023,,,60%,1260,2.3,1218,2.22,2023-06-28,2023-07-31,34,0
Rockpoint Apartments,Atlas,A303,3,0,1,,548,8/7/2023,,,60%,1195,2.18,1153,2.1,2023-07-28,2023-07-29,2,0
Rockpoint Apartments,Atlas,A303,3,0,1,,548,8/27/2024,,9,60%,1275,2.33,1275,2.33,2024-06-20,2024-07-20,31,0
Rockpoint Apartments,Atlas,E203,2,0,1,,548,3/31/2024,,,60%,1199,2.19,1199,2.19,2024-01-25,2024-05-01,98,32
Rockpoint Apartments,Atlas,E203,2,0,1,,548,5/17/2025,,12,60%,1275,2.33,1233,2.25,2025-03-12,2025-03-22,11,0
Rockpoint Apartments,Atlas,E203,2,0,1,,548,7/28/2026,,12,60%,1275,2.33,1169,2.13,2026-05-27,2026-05-28,2,0
Rockpoint Apartments,Atlas,A403,4,0,1,,548,8/8/2023,,,60%,1280,2.34,1238,2.26,,2023-07-29,,
Rockpoint Apartments,Matterhorn,A205,2,1,1,,677,8/24/2023,,,50%,1299,1.92,1191,1.76,2023-06-23,2023-11-23,154,92
Rockpoint Apartments,Matterhorn,A205,2,1,1,,677,9/7/2025,,9,50%,1199,1.77,1199,1.77,2025-08-26,2025-12-16,113,101
Rockpoint Apartments,Matterhorn,E208,2,1,1,,677,6/17/2023,,,60%,1380,2.04,1338,1.98,,2023-07-29,,
Rockpoint Apartments,Matterhorn,E208,2,1,1,,677,8/17/2024,,12,60%,1380,2.04,1265,1.87,2024-06-11,2024-08-11,62,0
Rockpoint Apartments,Matterhorn,E208,2,1,1,,677,8/23/2025,,9,60%,1275,1.88,1275,1.88,2025-07-04,2025-10-27,116,66
Rockpoint Apartments,Matterhorn,C206,2,1,1,,677,12/7/2024,,12,60%,1320,1.95,1278,1.89,2024-11-21,2025-03-26,126,110
Rockpoint Apartments,Matterhorn,C206,2,1,1,,677,1/8/2026,,12,60%,1275,1.88,1169,1.73,2025-12-10,2026-02-03,56,27
Rockpoint Apartments,Matterhorn,B108,1,1,1,,677,12/29/2024,,12,60%,1299,1.92,1191,1.76,2024-10-24,2024-11-11,19,0
Rockpoint Apartments,Matterhorn,B108,1,1,1,,677,1/2/2026,,9,60%,1275,1.88,1275,1.88,2025-10-28,2025-12-28,62,0
Rockpoint Apartments,Matterhorn,B115,1,1,1,,677,10/12/2023,,,60%,1400,2.07,1400,2.07,2023-08-22,2023-09-27,37,0
Rockpoint Apartments,Matterhorn,B115,1,1,1,,677,10/27/2024,,12,60%,1275,1.88,1169,1.73,2024-08-20,2024-11-14,87,19
Rockpoint Apartments,Matterhorn,B115,1,1,1,,677,11/10/2025,,9,60%,1275,1.88,1275,1.88,2025-10-14,2025-12-24,72,45
Rockpoint Apartments,Matterhorn,B307,3,1,1,,677,9/26/2023,,,60%,1299,1.92,1191,1.76,2023-09-20,2023-12-17,89,83
Rockpoint Apartments,Matterhorn,B307,3,1,1,,677,10/6/2024,,12,60%,1360,2.01,1205,1.78,2024-08-06,2024-09-02,28,0
Rockpoint Apartments,Matterhorn,B307,3,1,1,,677,8/9/2025,,9,60%,1275,1.88,1275,1.88,2025-06-04,2025-12-12,192,126
Rockpoint Apartments,Matterhorn,A305,3,1,1,,677,2/10/2024,,,60%,1410,2.08,1327,1.96,2023-12-12,2024-01-26,46,0
Rockpoint Apartments,Matterhorn,A305,3,1,1,,677,10/7/2025,,12,60%,1275,1.88,1169,1.73,2025-08-05,2025-11-30,118,55
Rockpoint Apartments,Matterhorn,B407,4,1,1,,677,10/7/2024,,12,60%,1350,1.99,1308,1.93,2024-09-24,2025-04-01,190,177
Rockpoint Apartments,Matterhorn,B407,4,1,1,,677,9/7/2025,,9,60%,1280,1.89,1280,1.89,2025-07-09,2025-12-18,163,103
Rockpoint Apartments,Matterhorn,C207,2,1,1,,677,11/22/2023,,,60%,1299,1.92,1191,1.76,2023-09-20,2023-12-21,93,30
Rockpoint Apartments,Matterhorn,E108,1,1,1,,677,3/3/2026,,9,60%,1299,1.92,1299,1.92,2025-12-28,2026-03-28,91,26
Rockpoint Apartments,Matterhorn,E107,1,1,1,,677,7/26/2023,,,60%,1399,2.07,1357,2,,2023-07-23,,
Rockpoint Apartments,Matterhorn,E107,1,1,1,,677,9/21/2024,,9,60%,1399,2.07,1399,2.07,2024-07-18,2024-08-02,16,0
Rockpoint Apartments,Matterhorn,E107,1,1,1,,677,10/4/2025,,9,60%,1299,1.92,1299,1.92,2025-09-27,2025-10-25,29,22
Rockpoint Apartments,Matterhorn,B008,,1,1,,677,10/24/2023,,,60%,1330,1.96,1219,1.8,2023-08-22,2023-12-20,121,58
Rockpoint Apartments,Matterhorn,B008,,1,1,,677,7/22/2025,,9,60%,1460,2.16,1460,2.16,2025-05-16,2025-07-31,77,10
Rockpoint Apartments,Matterhorn,B008,,1,1,,677,2/7/2026,,9,60%,1325,1.96,1325,1.96,2025-12-04,2026-03-24,111,46
Rockpoint Apartments,Matterhorn,E116,1,1,1,,677,2/25/2025,,9,60%,1320,1.95,1320,1.95,2025-01-10,2025-02-24,46,0
Rockpoint Apartments,Matterhorn,E116,1,1,1,,677,3/6/2026,,9,60%,1325,1.96,1325,1.96,2026-01-06,2026-03-17,71,12
Rockpoint Apartments,Matterhorn,E408,4,1,1,,677,10/8/2023,,,60%,1450,2.14,1450,2.14,2023-08-04,2023-09-17,45,0
Rockpoint Apartments,Matterhorn,E408,4,1,1,,677,4/7/2024,,9,60%,1425,2.1,1425,2.1,2024-04-02,2024-06-11,71,66
Rockpoint Apartments,Matterhorn,E408,4,1,1,,677,6/21/2025,,12,60%,1325,1.96,1215,1.79,2025-06-04,2025-10-17,136,119
Rockpoint Apartments,Matterhorn,A306,3,1,1,,677,2/16/2024,,,60%,1390,2.05,1307,1.93,2023-12-13,2024-03-30,109,44
Rockpoint Apartments,Matterhorn,A306,3,1,1,,677,7/24/2025,,9,60%,1325,1.96,1325,1.96,2025-06-19,2025-10-23,127,92
Rockpoint Apartments,Matterhorn,A106,1,1,1,,677,11/28/2023,,,60%,1310,1.94,1201,1.77,2023-09-28,2023-12-24,88,27
Rockpoint Apartments,Matterhorn,A106,1,1,1,,677,10/4/2024,,12,60%,1390,2.05,1229,1.82,2024-07-30,2024-10-06,69,3
Rockpoint Apartments,Matterhorn,A106,1,1,1,,677,11/6/2025,,9,60%,1280,1.89,1280,1.89,2025-10-14,2025-12-24,72,49
Rockpoint Apartments,Matterhorn,A106,1,1,1,,677,5/7/2026,,12,60%,1325,1.96,1215,1.79,2026-05-02,2026-05-22,21,16
Rockpoint Apartments,Matterhorn,B208,2,1,1,,677,3/14/2024,,,60%,1340,1.98,1340,1.98,2024-01-07,2024-04-23,108,41
Rockpoint Apartments,Matterhorn,C114,1,1,1,,677,4/15/2026,,12,60%,1350,1.99,1238,1.83,2026-02-02,2026-04-25,83,11
Rockpoint Apartments,Matterhorn,C306,3,1,1,,677,11/6/2024,,9,60%,1320,1.95,1320,1.95,2024-09-26,2025-02-28,156,115
Rockpoint Apartments,Matterhorn,C306,3,1,1,,677,3/4/2026,,9,60%,1350,1.99,1350,1.99,2026-01-29,2026-04-01,63,29
Rockpoint Apartments,Matterhorn,E207,2,1,1,,677,10/7/2024,,9,60%,1290,1.91,1290,1.91,2024-08-06,2024-12-31,148,86
Rockpoint Apartments,Matterhorn,E207,2,1,1,,677,9/5/2025,,12,60%,1275,1.88,1169,1.73,2025-08-30,2025-11-26,89,83
Rockpoint Apartments,Matterhorn,E207,2,1,1,,677,7/5/2026,,12,60%,1350,1.99,1238,1.83,2026-04-30,2026-05-16,17,0
Rockpoint Apartments,Matterhorn,C106,1,1,1,,677,2/7/2024,,,60%,1350,1.99,1350,1.99,2024-01-19,2024-04-18,91,72
Rockpoint Apartments,Matterhorn,B315,3,1,1,,677,4/17/2025,,9,60%,1350,1.99,1350,1.99,2025-02-05,2025-02-20,16,0
Rockpoint Apartments,Matterhorn,C307,3,1,1,,677,7/7/2024,,12,60%,1325,1.96,1173,1.73,2024-05-04,2024-08-15,104,40
Rockpoint Apartments,Matterhorn,C307,3,1,1,,677,4/27/2026,,12,60%,1350,1.99,1238,1.83,2026-02-19,2026-04-25,66,0
Rockpoint Apartments,Matterhorn,E407,4,1,1,,677,6/23/2025,,12,60%,1399,2.07,1357,2,2025-04-19,2025-04-26,8,0
Rockpoint Apartments,Matterhorn,E407,4,1,1,,677,4/17/2026,,12,60%,1365,2.02,1251,1.85,2026-04-11,2026-05-06,26,20
Rockpoint Apartments,Matterhorn,E316,3,1,1,,677,9/18/2023,,,60%,1450,2.14,1450,2.14,2023-07-13,2023-08-14,33,0
Rockpoint Apartments,Matterhorn,E316,3,1,1,,677,5/29/2024,,9,60%,1375,2.03,1375,2.03,2024-03-24,2024-06-28,97,31
Rockpoint Apartments,Matterhorn,E316,3,1,1,,677,4/8/2025,,9,60%,1375,2.03,1375,2.03,2025-02-08,2025-03-02,23,0
Rockpoint Apartments,Matterhorn,A405,4,1,1,,677,10/20/2024,,9,60%,1325,1.96,1325,1.96,2024-08-28,2024-11-28,93,40
Rockpoint Apartments,Matterhorn,A405,4,1,1,,677,7/5/2026,,12,60%,1375,2.03,1219,1.8,2026-01-13,2026-06-03,142,0
Rockpoint Apartments,Matterhorn,B107,1,1,1,,677,3/15/2025,,12,60%,1375,2.03,1333,1.97,2025-01-14,2025-04-10,87,27
Rockpoint Apartments,Matterhorn,B107,1,1,1,,677,7/2/2026,,12,60%,1380,2.04,1338,1.98,2026-03-31,2026-07-11,103,10
Rockpoint Apartments,Matterhorn,E216,2,1,1,,677,7/8/2023,,,60%,1380,2.04,1380,2.04,2023-07-08,2023-08-16,40,40
Rockpoint Apartments,Matterhorn,C214,2,1,1,,677,7/9/2025,,12,60%,1275,1.88,1169,1.73,2025-06-24,2025-11-21,151,136
Rockpoint Apartments,Matterhorn,C214,2,1,1,,677,8/8/2026,,12,60%,1380,2.04,1338,1.98,2026-06-04,2026-06-24,21,0
Rockpoint Apartments,Matterhorn,C006,,1,1,,677,12/8/2023,,,60%,1390,2.05,1307,1.93,2023-12-03,2024-01-12,41,36
Rockpoint Apartments,Matterhorn,C006,,1,1,,677,12/30/2024,,12,60%,1390,2.05,1274,1.88,2024-12-18,2025-01-05,19,7
Rockpoint Apartments,Matterhorn,C014,,1,1,,677,7/15/2024,,9,60%,1390,2.05,1390,2.05,2024-07-09,2024-07-30,22,16
Rockpoint Apartments,Matterhorn,C014,,1,1,,677,7/16/2026,,12,60%,1390,2.05,1348,1.99,2026-07-12,,2,0
Rockpoint Apartments,Matterhorn,C107,1,1,1,,677,5/21/2024,,,60%,1350,1.99,1267,1.87,2024-03-17,2024-03-23,7,0
Rockpoint Apartments,Matterhorn,C107,1,1,1,,677,7/8/2025,,9,60%,1299,1.92,1299,1.92,2025-05-03,2025-10-24,175,109
Rockpoint Apartments,Matterhorn,C107,1,1,1,,677,Now,,12,60%,1390,2.05,1348,1.99,2026-03-13,,123,58
Rockpoint Apartments,Matterhorn,C407,4,1,1,,677,3/11/2024,,,60%,1375,2.03,1375,2.03,2024-01-26,2024-04-18,84,39
Rockpoint Apartments,Matterhorn,C407,4,1,1,,677,7/12/2025,,12,60%,1470,2.17,1428,2.11,2025-05-07,2025-05-23,17,0
Rockpoint Apartments,Matterhorn,C407,4,1,1,,677,5/15/2026,,9,60%,1390,2.05,1390,2.05,2026-03-10,2026-04-10,32,0
Rockpoint Apartments,Matterhorn,B415,4,1,1,,677,9/4/2024,,12,60%,1395,2.06,1234,1.82,2024-06-29,2024-09-20,84,17
Rockpoint Apartments,Matterhorn,C314,3,1,1,,677,8/16/2024,,9,60%,1399,2.07,1399,2.07,2024-06-11,2024-07-26,46,0
Rockpoint Apartments,Matterhorn,E416,4,1,1,,677,11/25/2024,,12,60%,1325,1.96,1242,1.83,2024-10-19,2024-11-23,36,0
Rockpoint Apartments,Matterhorn,E416,4,1,1,,677,9/12/2025,,12,60%,1420,2.1,1302,1.92,2025-07-09,2025-09-16,70,5
Rockpoint Apartments,Matterhorn,B215,2,1,1,,677,9/19/2023,,,60%,1325,1.96,1215,1.79,2023-08-22,2023-12-05,106,78
Rockpoint Apartments,Matterhorn,B215,2,1,1,,677,6/23/2025,,12,60%,1425,2.1,1383,2.04,2025-06-13,2025-06-24,12,2
Rockpoint Apartments,Matterhorn,E308,3,1,1,,677,7/27/2024,,9,60%,1435,2.12,1435,2.12,2024-06-28,2024-07-06,9,0
Rockpoint Apartments,Matterhorn,A105,1,1,1,,677,6/29/2024,,,60%,1395,2.06,1395,2.06,2024-04-25,2024-05-06,12,0
Rockpoint Apartments,Matterhorn,A105,1,1,1,,677,7/5/2025,,12,60%,1450,2.14,1408,2.08,2025-04-30,2025-06-10,42,0
Rockpoint Apartments,Matterhorn,A006,,1,1,,677,8/29/2023,,,60%,1425,2.1,1383,2.04,2023-07-08,2023-07-27,20,0
Rockpoint Apartments,Matterhorn,A006,,1,1,,677,2/11/2024,,,60%,1450,2.14,1367,2.02,2023-12-20,2024-03-02,74,21
Rockpoint Apartments,Cascade,D205,2,1,1,,785,11/1/2023,,,60%,1350,1.72,1238,1.58,2023-10-21,2023-12-06,47,36
Rockpoint Apartments,Cascade,D205,2,1,1,,785,1/5/2025,,9,60%,1299,1.65,1299,1.65,2024-10-31,2025-01-19,81,15
Rockpoint Apartments,Cascade,D110,1,1,1,,785,6/8/2024,,,60%,1499,1.91,1499,1.91,2024-04-06,2024-04-17,12,0
Rockpoint Apartments,Cascade,D110,1,1,1,,785,3/7/2025,,9,60%,1400,1.78,1400,1.78,2025-01-31,2025-02-10,11,0
Rockpoint Apartments,Cascade,D110,1,1,1,,785,7/22/2025,,9,60%,1325,1.69,1325,1.69,2025-06-06,2025-12-30,208,162
Rockpoint Apartments,Cascade,B202,2,1,1,,785,6/20/2023,,,60%,1425,1.82,1383,1.76,,2023-06-26,,
Rockpoint Apartments,Cascade,B202,2,1,1,,785,1/7/2024,,,60%,1450,1.85,1367,1.74,2023-11-17,2024-02-14,90,39
Rockpoint Apartments,Cascade,B202,2,1,1,,785,10/6/2025,,12,60%,1325,1.69,1215,1.55,2025-09-24,2025-11-29,67,55
Rockpoint Apartments,Cascade,B204,2,1,1,,785,2/7/2024,,,60%,1360,1.73,1360,1.73,2024-01-19,2024-04-14,87,68
Rockpoint Apartments,Cascade,B204,2,1,1,,785,2/26/2026,,12,60%,1325,1.69,1194,1.52,2025-12-20,2026-02-28,71,3
Rockpoint Apartments,Cascade,E204,2,1,1,,785,8/18/2023,,,60%,1325,1.69,1215,1.55,2023-08-18,2023-11-16,91,91
Rockpoint Apartments,Cascade,E204,2,1,1,,785,12/8/2024,,9,60%,1340,1.71,1340,1.71,2024-10-03,2024-12-04,63,0
Rockpoint Apartments,Cascade,B102,1,1,1,,785,2/7/2024,,,60%,1475,1.88,1392,1.77,2024-02-03,2024-02-27,25,21
Rockpoint Apartments,Cascade,B102,1,1,1,,785,10/3/2024,,12,60%,1350,1.72,1238,1.58,2024-09-26,2024-11-08,44,37
Rockpoint Apartments,Cascade,B102,1,1,1,,785,11/17/2025,,9,60%,1340,1.71,1340,1.71,2025-09-13,2026-01-08,118,53
Rockpoint Apartments,Cascade,D107,1,1,1,,785,4/15/2024,,,60%,1430,1.82,1347,1.72,2024-02-11,2024-03-23,42,0
Rockpoint Apartments,Cascade,D107,1,1,1,,785,11/11/2024,,12,60%,1350,1.72,1308,1.67,2024-10-31,2025-03-21,142,131
Rockpoint Apartments,Cascade,E104,1,1,1,,785,8/11/2023,,,60%,1440,1.83,1398,1.78,,2023-08-09,,
Rockpoint Apartments,Cascade,E104,1,1,1,,785,11/7/2024,,12,60%,1370,1.75,1287,1.64,2024-10-22,2024-11-26,36,20
Rockpoint Apartments,Cascade,E104,1,1,1,,785,8/7/2025,,12,60%,1350,1.72,1238,1.58,2025-06-25,2025-10-16,114,71
Rockpoint Apartments,Cascade,E104,1,1,1,,785,2/9/2026,,12,60%,1350,1.72,1238,1.58,2026-02-02,2026-02-16,15,8
Rockpoint Apartments,Cascade,C315,3,1,1,,785,11/10/2025,,12,60%,1350,1.72,1238,1.58,2025-10-14,2026-02-01,111,84
Rockpoint Apartments,Cascade,A104,1,1,1,,785,9/7/2025,,12,60%,1350,1.72,1238,1.58,2025-07-09,2026-01-29,205,145
Rockpoint Apartments,Cascade,D105,1,1,1,,785,1/17/2024,,,60%,1375,1.75,1260,1.61,2023-11-12,2023-12-21,40,0
Rockpoint Apartments,Cascade,D105,1,1,1,,785,1/25/2025,,12,60%,1375,1.75,1292,1.65,2024-11-14,2024-11-24,11,0
Rockpoint Apartments,Cascade,D105,1,1,1,,785,11/2/2025,,9,60%,1350,1.72,1350,1.72,2025-08-28,2026-01-19,145,79
Rockpoint Apartments,Cascade,A204,2,1,1,,785,8/28/2023,,,60%,1350,1.72,1238,1.58,2023-07-14,2023-11-09,119,74
Rockpoint Apartments,Cascade,A204,2,1,1,,785,9/10/2024,,12,60%,1360,1.73,1247,1.59,2024-09-04,2024-10-29,56,50
Rockpoint Apartments,Cascade,A204,2,1,1,,785,12/9/2025,,12,60%,1350,1.72,1308,1.67,2025-10-04,2025-12-03,61,0
Rockpoint Apartments,Cascade,D305,3,1,1,,785,9/7/2023,,,60%,1350,1.72,1238,1.58,2023-08-26,2023-12-10,107,95
Rockpoint Apartments,Cascade,E202,2,1,1,,785,2/23/2025,,9,60%,1350,1.72,1350,1.72,2025-01-18,2025-03-02,44,8
Rockpoint Apartments,Cascade,B002,,1,1,,785,10/30/2023,,,60%,1380,1.76,1265,1.61,2023-08-26,2023-12-10,107,42
Rockpoint Apartments,Cascade,B002,,1,1,,785,12/22/2024,,9,60%,1350,1.72,1350,1.72,2024-10-16,2025-01-22,99,32
Rockpoint Apartments,Cascade,D304,3,1,1,,785,6/21/2023,,,60%,1450,1.85,1408,1.79,,2023-07-08,,
Rockpoint Apartments,Cascade,D304,3,1,1,,785,3/17/2026,,12,60%,1360,1.73,1226,1.56,2026-01-12,2026-03-05,53,0
Rockpoint Apartments,Cascade,E302,3,1,1,,785,2/18/2025,,9,60%,1370,1.75,1370,1.75,2024-12-17,2025-02-28,74,11
Rockpoint Apartments,Cascade,A304,3,1,1,,785,8/8/2023,,,60%,1495,1.9,1495,1.9,,2023-09-13,,
Rockpoint Apartments,Cascade,A304,3,1,1,,785,11/30/2024,,9,60%,1370,1.75,1370,1.75,2024-11-16,2025-01-18,64,50
Rockpoint Apartments,Cascade,E304,3,1,1,,785,1/15/2025,,9,60%,1370,1.75,1370,1.75,2024-12-10,2024-12-27,18,0
Rockpoint Apartments,Cascade,D104,1,1,1,,785,10/28/2023,,,60%,1370,1.75,1256,1.6,2023-10-26,2023-11-23,29,27
Rockpoint Apartments,Cascade,D104,1,1,1,,785,10/7/2024,,9,60%,1370,1.75,1370,1.75,2024-09-25,2024-11-16,53,41
Rockpoint Apartments,Cascade,D407,4,1,1,,785,3/13/2024,,,60%,1410,1.8,1327,1.69,2024-01-19,2024-03-27,69,15
Rockpoint Apartments,Cascade,D407,4,1,1,,785,1/11/2025,,9,60%,1370,1.75,1370,1.75,2024-11-05,2025-02-23,111,44
Rockpoint Apartments,Cascade,D408,4,1,1,,785,2/3/2024,,,60%,1390,1.77,1274,1.62,2023-12-03,2023-12-10,8,0
Rockpoint Apartments,Cascade,D408,4,1,1,,785,2/12/2025,,9,60%,1399,1.78,1399,1.78,2024-12-17,2025-02-16,62,5
Rockpoint Apartments,Cascade,D408,4,1,1,,785,2/27/2026,,12,60%,1375,1.75,1240,1.58,2025-12-28,2026-03-04,67,6
Rockpoint Apartments,Cascade,D208,2,1,1,,785,3/21/2025,,9,60%,1380,1.76,1380,1.76,2025-01-14,2025-01-29,16,0
Rockpoint Apartments,Cascade,B304,3,1,1,,785,8/6/2024,,9,60%,1525,1.94,1525,1.94,2024-06-01,2024-06-19,19,0
Rockpoint Apartments,Cascade,B304,3,1,1,,785,3/3/2025,,9,60%,1390,1.77,1390,1.77,2024-12-25,2025-01-21,28,0
Rockpoint Apartments,Cascade,D204,2,1,1,,785,3/24/2024,,,60%,1380,1.76,1297,1.65,2024-01-19,2024-03-31,73,8
Rockpoint Apartments,Cascade,D204,2,1,1,,785,8/26/2024,,12,60%,1399,1.78,1237,1.58,2024-08-20,2024-10-10,52,46
Rockpoint Apartments,Cascade,D310,3,1,1,,785,4/28/2024,,9,60%,1440,1.83,1440,1.83,2024-02-23,2024-06-23,122,57
Rockpoint Apartments,Cascade,D310,3,1,1,,785,7/5/2026,,12,60%,1399,1.78,1357,1.73,2026-04-28,2026-06-30,64,0
Rockpoint Apartments,Cascade,E402,4,1,1,,785,6/17/2023,,,60%,1470,1.87,1428,1.82,,2023-06-21,,
Rockpoint Apartments,Cascade,E402,4,1,1,,785,4/25/2024,,9,60%,1399,1.78,1399,1.78,2024-02-23,2024-05-24,92,30
Rockpoint Apartments,Cascade,D210,2,1,1,,785,6/23/2025,,12,60%,1450,1.85,1408,1.79,2025-04-19,2025-04-29,11,0
Rockpoint Apartments,Cascade,D210,2,1,1,,785,6/29/2026,,12,60%,1399,1.78,1241,1.58,2026-04-28,2026-06-08,42,0
Rockpoint Apartments,Cascade,D308,3,1,1,,785,6/16/2026,,12,60%,1400,1.78,1283,1.63,2026-04-11,2026-04-17,7,0
Rockpoint Apartments,Cascade,C115,1,1,1,,785,6/22/2023,,,60%,1450,1.85,1408,1.79,,2023-08-03,,
Rockpoint Apartments,Cascade,C115,1,1,1,,785,4/15/2026,,12,60%,1425,1.82,1306,1.66,2026-02-04,2026-04-25,81,11
Rockpoint Apartments,Cascade,C415,4,1,1,,785,4/7/2024,,9,60%,1425,1.82,1425,1.82,2024-01-31,2024-05-13,104,37
Rockpoint Apartments,Cascade,C415,4,1,1,,785,3/10/2025,,12,60%,1380,1.76,1338,1.7,2025-03-05,2025-04-01,28,23
Rockpoint Apartments,Cascade,C415,4,1,1,,785,4/27/2026,,12,60%,1425,1.82,1306,1.66,2026-02-21,2026-04-15,54,0
Rockpoint Apartments,Cascade,C302,3,1,1,,785,4/26/2026,,9,60%,1425,1.82,1425,1.82,2026-02-19,2026-03-17,27,0
Rockpoint Apartments,Cascade,A004,,1,1,,785,10/9/2024,,12,60%,1425,1.82,1306,1.66,2024-08-03,2024-11-01,91,24
Rockpoint Apartments,Cascade,C215,2,1,1,,785,7/7/2025,,12,60%,1425,1.82,1383,1.76,2025-05-02,2025-05-06,5,0
Rockpoint Apartments,Cascade,D207,2,1,1,,785,8/19/2023,,,60%,1475,1.88,1475,1.88,,2023-09-07,,
Rockpoint Apartments,Cascade,D207,2,1,1,,785,5/26/2024,,9,60%,1399,1.78,1399,1.78,2024-05-10,2024-06-22,44,28
Rockpoint Apartments,Cascade,D207,2,1,1,,785,4/8/2026,,12,60%,1380,1.76,1244,1.58,2026-02-02,2026-02-28,27,0
Rockpoint Apartments,Cascade,D207,2,1,1,,785,8/5/2026,,12,60%,1435,1.83,1393,1.77,2026-06-23,2026-06-25,3,0
Rockpoint Apartments,Cascade,D405,4,1,1,,785,6/22/2024,,9,60%,1450,1.85,1450,1.85,2024-04-18,2024-05-23,36,0
Rockpoint Apartments,Cascade,D108,1,1,1,,785,9/22/2024,,9,60%,1450,1.85,1450,1.85,2024-07-16,2024-08-06,22,0
Rockpoint Apartments,Cascade,E404,4,1,1,,785,10/7/2023,,,60%,1495,1.9,1495,1.9,2023-07-30,2023-09-26,59,0
Rockpoint Apartments,Cascade,E404,4,1,1,,785,10/18/2024,,12,60%,1450,1.85,1329,1.69,2024-08-21,2024-10-22,63,5
Rockpoint Apartments,Cascade,E102,1,1,1,,785,7/7/2025,,12,80%,1480,1.89,1438,1.83,2025-06-12,2025-08-06,56,31
Rockpoint Apartments,Cascade,C002,,1,1,,785,8/1/2025,,9,80%,1495,1.9,1495,1.9,2025-07-16,2025-09-03,50,34
Rockpoint Apartments,Cascade,D307,3,1,1,,785,7/25/2024,,9,80%,1450,1.85,1450,1.85,2024-05-21,2024-07-23,64,0
Rockpoint Apartments,Cascade,D307,3,1,1,,785,9/14/2025,,9,80%,1495,1.9,1495,1.9,2025-07-16,2025-07-22,7,0
Rockpoint Apartments,Cascade,D410,4,1,1,,785,8/8/2023,,,80%,1450,1.85,1408,1.79,,2023-08-01,,
Rockpoint Apartments,Cascade,D410,4,1,1,,785,5/22/2024,,9,80%,1450,1.85,1450,1.85,2024-03-20,2024-05-26,68,5
Rockpoint Apartments,Cascade,D410,4,1,1,,785,7/12/2025,,12,80%,1495,1.9,1453,1.85,2025-05-07,2025-05-23,17,0
Rockpoint Apartments,Denali,E306,3,2,1,,895,5/22/2024,,,60%,1650,1.84,1567,1.75,2024-03-17,2024-04-09,24,0
Rockpoint Apartments,Denali,E306,3,2,1,,895,10/22/2024,,9,60%,1450,1.62,1450,1.62,2024-08-29,2024-11-17,81,27
Rockpoint Apartments,Denali,E306,3,2,1,,895,3/21/2026,,9,60%,1450,1.62,1450,1.62,2026-01-14,2026-01-21,8,0
Rockpoint Apartments,Denali,B105,1,2,1,,895,8/7/2023,,,60%,1525,1.7,1525,1.7,2023-08-04,2023-09-11,39,36
Rockpoint Apartments,Denali,B105,1,2,1,,895,8/2/2024,,9,60%,1450,1.62,1450,1.62,2024-05-30,2024-12-14,199,135
Rockpoint Apartments,Denali,B006,,2,1,,895,8/21/2023,,,60%,1499,1.67,1499,1.67,2023-08-09,2023-09-10,33,21
Rockpoint Apartments,Denali,E305,3,2,1,,895,8/28/2023,,,60%,1550,1.73,1508,1.68,2023-06-28,2023-08-10,44,0
Rockpoint Apartments,Denali,E305,3,2,1,,895,1/14/2025,,9,60%,1499,1.67,1499,1.67,2024-11-08,2024-12-04,27,0
Rockpoint Apartments,Denali,C105,1,2,1,,895,8/21/2024,,9,60%,1499,1.67,1499,1.67,2024-08-15,2024-12-15,123,117
Rockpoint Apartments,Denali,C204,2,2,1,,895,6/17/2023,,,60%,1550,1.73,1508,1.68,,2023-07-21,,
Rockpoint Apartments,Denali,C204,2,2,1,,895,9/7/2024,,9,60%,1480,1.65,1480,1.65,2024-09-04,2024-12-05,93,90
Rockpoint Apartments,Denali,C204,2,2,1,,895,5/18/2025,,12,60%,1480,1.65,1438,1.61,2025-03-13,2025-03-16,4,0
Rockpoint Apartments,Denali,C204,2,2,1,,895,2/9/2026,,9,60%,1499,1.67,1499,1.67,2026-01-30,2026-04-02,63,53
Rockpoint Apartments,Denali,E405,4,2,1,,895,7/2/2024,,12,60%,1525,1.7,1442,1.61,2024-04-28,2024-11-26,213,148
Rockpoint Apartments,Denali,B205,2,2,1,,895,6/17/2023,,,60%,1525,1.7,1525,1.7,,2023-09-03,,
Rockpoint Apartments,Denali,B305,3,2,1,,895,12/7/2025,,12,60%,1550,1.73,1421,1.59,2025-10-10,2026-02-06,120,62
Rockpoint Apartments,Denali,B405,4,2,1,,895,6/8/2024,,9,60%,1490,1.66,1490,1.66,2024-04-04,2024-12-17,258,193
Rockpoint Apartments,Denali,B405,4,2,1,,895,5/7/2025,,12,60%,1580,1.77,1497,1.67,2025-04-01,2025-05-30,60,24
Rockpoint Apartments,Denali,B405,4,2,1,,895,5/27/2026,,12,60%,1550,1.73,1421,1.59,2026-04-22,2026-05-14,23,0
Rockpoint Apartments,Denali,C205,2,2,1,,895,1/28/2024,,,60%,1550,1.73,1550,1.73,,2024-04-15,,
Rockpoint Apartments,Denali,C205,2,2,1,,895,4/25/2025,,9,60%,1550,1.73,1550,1.73,2025-02-15,2025-02-16,2,0
Rockpoint Apartments,Denali,E205,2,2,1,,895,8/26/2023,,,60%,1525,1.7,1525,1.7,2023-06-23,2023-10-07,107,43
Rockpoint Apartments,Denali,E205,2,2,1,,895,6/3/2024,,,60%,1560,1.74,1560,1.74,2024-03-31,2024-05-01,32,0
Rockpoint Apartments,Denali,E205,2,2,1,,895,7/9/2026,,12,60%,1560,1.74,1388,1.55,2026-05-04,2026-06-09,37,0
Rockpoint Apartments,Denali,C405,4,2,1,,895,8/6/2023,,,60%,1575,1.76,1575,1.76,,2023-08-13,,
Rockpoint Apartments,Denali,C405,4,2,1,,895,12/15/2023,,,60%,1575,1.76,1492,1.67,2023-12-05,2024-01-31,58,48
Rockpoint Apartments,Denali,C405,4,2,1,,895,12/11/2025,,12,60%,1570,1.75,1439,1.61,2025-11-04,2026-02-17,106,69
Rockpoint Apartments,Denali,C304,3,2,1,,895,2/20/2026,,12,60%,1590,1.78,1437,1.61,2026-02-19,2026-03-05,15,14
Rockpoint Apartments,Denali,C305,3,2,1,,895,7/6/2024,,9,60%,1560,1.74,1560,1.74,2024-06-21,2024-07-20,30,15
Rockpoint Apartments,Denali,C305,3,2,1,,895,7/11/2025,,9,60%,1590,1.78,1590,1.78,2025-06-04,2025-06-28,25,0
Rockpoint Apartments,Denali,B206,2,2,1,,895,6/17/2023,,,60%,1525,1.7,1525,1.7,,2023-08-27,,
Rockpoint Apartments,Denali,B206,2,2,1,,895,12/8/2025,,9,60%,1590,1.78,1590,1.78,2025-10-04,2025-12-23,81,16
Rockpoint Apartments,Denali,E105,1,2,1,,895,3/31/2024,,,60%,1575,1.76,1492,1.67,2024-01-31,2024-03-06,36,0
Rockpoint Apartments,Denali,E105,1,2,1,,895,10/7/2025,,9,60%,1595,1.78,1595,1.78,2025-08-01,2025-08-30,30,0
Rockpoint Apartments,Denali,B306,3,2,1,,895,6/17/2023,,,60%,1550,1.73,1550,1.73,,2023-09-09,,
Rockpoint Apartments,Denali,B306,3,2,1,,895,9/7/2024,,12,60%,1590,1.78,1406,1.57,2024-08-15,2024-09-22,39,16
Rockpoint Apartments,Denali,B306,3,2,1,,895,Now,,12,60%,1599,1.79,1557,1.74,2026-05-13,,62,11
Rockpoint Apartments,Denali,E106,1,2,1,,895,6/17/2023,,,60%,1525,1.7,1483,1.66,,2023-08-03,,
Rockpoint Apartments,Denali,E106,1,2,1,,895,6/8/2024,,9,60%,1595,1.78,1595,1.78,2024-04-03,2024-07-10,99,33
Rockpoint Apartments,Denali,E106,1,2,1,,895,1/19/2026,,9,60%,1600,1.79,1600,1.79,2025-11-13,2026-01-21,70,3
Rockpoint Apartments,Denali,E206,2,2,1,,895,7/6/2024,,9,60%,1599,1.79,1599,1.79,2024-05-01,2024-05-26,26,0
Rockpoint Apartments,Denali,E206,2,2,1,,895,8/12/2026,,12,60%,1610,1.8,1568,1.75,2026-06-08,2026-07-11,34,0
Rockpoint Apartments,Denali,C004,,2,1,,895,6/10/2024,,9,60%,1599,1.79,1599,1.79,2024-04-06,2024-05-20,45,0
Rockpoint Apartments,Denali,C004,,2,1,,895,Now,,12,60%,1620,1.81,1578,1.76,2026-04-17,,88,23
Rockpoint Apartments,Denali,E406,4,2,1,,895,6/28/2023,,,60%,1550,1.73,1508,1.68,2023-06-28,2023-07-19,22,22
Rockpoint Apartments,Denali,E406,4,2,1,,895,7/27/2025,,12,60%,1625,1.82,1583,1.77,2025-05-22,2025-06-13,23,0
Rockpoint Apartments,Rushmore,C113,1,2,2,,939,4/30/2024,,9,60%,1625,1.73,1625,1.73,2024-03-09,2024-07-07,121,69
Rockpoint Apartments,Rushmore,C113,1,2,2,,939,8/4/2025,,12,60%,1625,1.73,1542,1.64,2025-06-06,2025-06-07,2,0
Rockpoint Apartments,Rushmore,C212,2,2,2,,939,3/31/2024,,,60%,1625,1.73,1625,1.73,2024-01-26,2024-04-23,89,24
Rockpoint Apartments,Rushmore,B314,3,2,2,,939,7/18/2023,,,60%,1625,1.73,1625,1.73,,2023-08-31,,
Rockpoint Apartments,Rushmore,B314,3,2,2,,939,9/5/2024,,12,60%,1675,1.78,1494,1.59,2024-07-10,2024-08-29,51,0
Rockpoint Apartments,Rushmore,B314,3,2,2,,939,8/16/2025,,9,60%,1650,1.76,1650,1.76,2025-07-12,2025-08-29,49,14
Rockpoint Apartments,Rushmore,B313,3,2,2,,939,1/18/2024,,,60%,1625,1.73,1542,1.64,2024-01-12,2024-03-09,58,52
Rockpoint Apartments,Rushmore,B313,3,2,2,,939,4/7/2025,,9,60%,1725,1.84,1725,1.84,2025-01-29,2025-02-10,13,0
Rockpoint Apartments,Rushmore,B313,3,2,2,,939,4/17/2026,,12,60%,1650,1.76,1471,1.57,2026-02-10,2026-06-08,119,53
Rockpoint Apartments,Rushmore,B113,1,2,2,,939,2/7/2024,,,60%,1625,1.73,1625,1.73,2024-01-19,2024-05-02,105,86
Rockpoint Apartments,Rushmore,B113,1,2,2,,939,4/28/2025,,12,60%,1599,1.7,1516,1.61,2025-04-22,2025-05-28,37,31
Rockpoint Apartments,Rushmore,B113,1,2,2,,939,Now,,12,60%,1650,1.76,1608,1.71,2026-04-06,,99,32
Rockpoint Apartments,Rushmore,B214,2,2,2,,939,2/7/2024,,,60%,1675,1.78,1592,1.7,2024-02-07,2024-03-10,33,33
Rockpoint Apartments,Rushmore,B214,2,2,2,,939,3/24/2025,,12,60%,1650,1.76,1608,1.71,2025-01-09,2025-03-09,60,0
Rockpoint Apartments,Rushmore,B213,2,2,2,,939,8/20/2024,,12,60%,1650,1.76,1459,1.55,2024-06-17,2024-09-22,98,34
Rockpoint Apartments,Rushmore,E214,2,2,2,,939,7/8/2024,,12,60%,1650,1.76,1459,1.55,2024-05-02,2024-09-25,147,80
Rockpoint Apartments,Rushmore,E213,2,2,2,,939,12/2/2023,,,80%,1625,1.73,1542,1.64,2023-09-28,2024-03-09,164,99
Rockpoint Apartments,Rushmore,E213,2,2,2,,939,3/31/2025,,9,80%,1599,1.7,1599,1.7,2025-03-26,2025-05-09,45,40
Rockpoint Apartments,Rushmore,E213,2,2,2,,939,6/2/2026,,12,80%,1660,1.77,1618,1.72,2026-03-27,2026-07-11,107,40
Rockpoint Apartments,Rushmore,E313,3,2,2,,939,10/14/2023,,,80%,1625,1.73,1490,1.59,2023-09-20,2024-01-05,108,84
Rockpoint Apartments,Rushmore,E313,3,2,2,,939,9/24/2024,,12,80%,1625,1.73,1448,1.54,2024-09-10,2024-09-13,4,0
Rockpoint Apartments,Rushmore,E313,3,2,2,,939,7/25/2026,,12,80%,1670,1.78,1628,1.73,2026-05-23,2026-06-16,25,0
Rockpoint Apartments,Rushmore,C112,1,2,2,,939,2/15/2024,,,80%,1675,1.78,1592,1.7,2023-12-12,2024-03-12,92,27
Rockpoint Apartments,Rushmore,C213,2,2,2,,939,8/4/2024,,9,80%,1750,1.86,1750,1.86,2024-05-29,2024-06-09,12,0
Rockpoint Apartments,Rushmore,C213,2,2,2,,939,11/11/2025,,12,80%,1680,1.79,1540,1.64,2025-09-08,2026-01-31,146,82
Rockpoint Apartments,Rushmore,C312,3,2,2,,939,6/28/2024,,,80%,1650,1.76,1650,1.76,2024-04-24,2024-05-06,13,0
Rockpoint Apartments,Rushmore,C312,3,2,2,,939,7/6/2025,,9,80%,1730,1.84,1730,1.84,2025-04-30,2025-05-09,10,0
Rockpoint Apartments,Rushmore,C312,3,2,2,,939,7/9/2026,,12,80%,1680,1.79,1638,1.74,2026-05-04,2026-07-01,59,0
Rockpoint Apartments,Rushmore,B413,4,2,2,,939,11/25/2023,,,80%,1650,1.76,1512,1.61,2023-09-20,2024-01-01,104,38
Rockpoint Apartments,Rushmore,B413,4,2,2,,939,10/19/2024,,12,80%,1680,1.79,1486,1.58,2024-08-21,2024-09-19,30,0
Rockpoint Apartments,Rushmore,B413,4,2,2,,939,8/7/2025,,12,80%,1699,1.81,1657,1.76,2025-07-08,2025-08-11,35,5
Rockpoint Apartments,Rushmore,B413,4,2,2,,939,1/7/2026,,9,80%,1680,1.79,1680,1.79,2025-11-13,2026-03-21,129,74
Rockpoint Apartments,Rushmore,B114,1,2,2,,939,10/6/2023,,,80%,1599,1.7,1516,1.61,2023-09-01,2024-01-15,137,102
Rockpoint Apartments,Rushmore,B114,1,2,2,,939,4/11/2025,,9,80%,1599,1.7,1599,1.7,2025-02-07,2025-02-09,3,0
Rockpoint Apartments,Rushmore,B114,1,2,2,,939,1/17/2026,,12,80%,1680,1.79,1519,1.62,2025-11-13,2026-03-09,117,52
Rockpoint Apartments,Rushmore,E314,3,2,2,,939,6/20/2024,,,80%,1650,1.76,1650,1.76,2024-04-18,2024-05-06,19,0
Rockpoint Apartments,Rushmore,E314,3,2,2,,939,4/26/2026,,9,80%,1690,1.8,1690,1.8,2026-02-19,2026-03-14,24,0
Rockpoint Apartments,Rushmore,C313,3,2,2,,939,7/2/2023,,,80%,1799,1.92,1757,1.87,,2023-07-08,,
Rockpoint Apartments,Rushmore,C313,3,2,2,,939,11/7/2023,,,80%,1650,1.76,1512,1.61,2023-10-20,2023-11-26,38,20
Rockpoint Apartments,Rushmore,C313,3,2,2,,939,9/7/2025,,9,80%,1690,1.8,1690,1.8,2025-04-22,2025-08-30,131,0
Rockpoint Apartments,Rushmore,C012,,2,2,,939,7/7/2024,,9,80%,1675,1.78,1675,1.78,2024-05-04,2024-07-02,60,0
Rockpoint Apartments,Rushmore,C012,,2,2,,939,7/17/2026,,12,80%,1690,1.8,1648,1.76,2026-05-13,,62,0
Rockpoint Apartments,Rushmore,B014,,2,2,,939,1/7/2024,,9,80%,1675,1.78,1675,1.78,2023-12-22,2024-06-06,168,152
Rockpoint Apartments,Rushmore,B014,,2,2,,939,8/15/2026,,12,80%,1699,1.81,1657,1.76,2026-06-10,2026-07-11,32,0
Rockpoint Apartments,Rushmore,E114,1,2,2,,939,4/25/2024,,,80%,1625,1.73,1625,1.73,2024-04-14,2024-05-06,23,12
Rockpoint Apartments,Rushmore,E114,1,2,2,,939,8/6/2025,,9,80%,1699,1.81,1699,1.81,2025-07-16,2025-10-30,107,86
Rockpoint Apartments,Rushmore,C413,4,2,2,,939,8/19/2023,,,80%,1650,1.76,1650,1.76,,2023-08-25,,
Rockpoint Apartments,Rushmore,C413,4,2,2,,939,9/15/2024,,12,80%,1699,1.81,1516,1.61,2024-07-11,2024-08-16,37,0
Rockpoint Apartments,Rushmore,E413,4,2,2,,939,5/22/2024,,9,80%,1640,1.75,1640,1.75,2024-03-17,2024-06-12,88,22
Rockpoint Apartments,Rushmore,E413,4,2,2,,939,9/7/2025,,12,80%,1710,1.82,1668,1.78,2025-07-03,2025-08-15,44,0
Rockpoint Apartments,Rushmore,E113,1,2,2,,939,6/19/2023,,,80%,1599,1.7,1557,1.66,,2023-08-03,,
Rockpoint Apartments,Rushmore,E113,1,2,2,,939,7/7/2025,,12,80%,1710,1.82,1668,1.78,2025-05-02,2025-05-18,17,0
Rockpoint Apartments,Olympus,B309,3,2,2,,1063,6/17/2023,,,60%,1675,1.58,1633,1.54,,2023-07-23,,
Rockpoint Apartments,Olympus,B309,3,2,2,,1063,8/3/2024,,9,60%,1499,1.41,1499,1.41,2024-05-29,2024-12-04,190,124
Rockpoint Apartments,Olympus,B110,1,2,2,,1063,8/7/2023,,,60%,1699,1.6,1699,1.6,2023-07-28,2023-10-20,85,75
Rockpoint Apartments,Olympus,B110,1,2,2,,1063,11/1/2024,,12,60%,1550,1.46,1467,1.38,2024-08-28,2024-11-26,91,26
Rockpoint Apartments,Olympus,C208,2,2,2,,1063,12/14/2024,,12,60%,1560,1.47,1477,1.39,2024-11-02,2024-11-24,23,0
Rockpoint Apartments,Olympus,E109,1,2,2,,1063,12/30/2024,,9,60%,1580,1.49,1580,1.49,2024-10-31,2024-12-01,32,0
Rockpoint Apartments,Olympus,D301,3,2,2,,1063,7/10/2023,,,60%,1699,1.6,1657,1.56,,2023-07-21,,
Rockpoint Apartments,Olympus,D301,3,2,2,,1063,11/7/2024,,9,60%,1580,1.49,1580,1.49,2024-10-19,2024-11-18,31,12
Rockpoint Apartments,Olympus,C111,1,2,2,,1063,5/14/2024,,9,60%,1675,1.58,1675,1.58,2024-03-12,2024-05-07,57,0
Rockpoint Apartments,Olympus,C111,1,2,2,,1063,2/8/2025,,9,60%,1625,1.53,1625,1.53,2024-12-18,2024-12-27,10,0
Rockpoint Apartments,Olympus,C008,,2,2,,1063,10/7/2023,,,60%,1775,1.67,1775,1.67,2023-08-26,2023-09-27,33,0
Rockpoint Apartments,Olympus,C008,,2,2,,1063,10/21/2024,,9,60%,1625,1.53,1625,1.53,2024-08-17,2024-12-31,137,72
Rockpoint Apartments,Olympus,B311,3,2,2,,1063,10/7/2023,,,60%,1750,1.65,1750,1.65,2023-09-20,2023-10-06,17,0
Rockpoint Apartments,Olympus,B311,3,2,2,,1063,5/13/2024,,9,60%,1640,1.54,1640,1.54,2024-05-06,2024-06-25,51,44
Rockpoint Apartments,Olympus,C209,2,2,2,,1063,11/22/2024,,12,60%,1650,1.55,1512,1.42,2024-09-18,2024-10-25,38,0
Rockpoint Apartments,Olympus,E309,3,2,2,,1063,2/14/2024,,,60%,1650,1.55,1650,1.55,2023-12-07,2024-04-12,128,59
Rockpoint Apartments,Olympus,E311,3,2,2,,1063,2/4/2024,,,60%,1650,1.55,1650,1.55,2023-12-01,2024-04-14,136,71
Rockpoint Apartments,Olympus,B211,2,2,2,,1063,10/5/2024,,9,60%,1525,1.43,1525,1.43,2024-08-02,2024-12-02,123,59
Rockpoint Apartments,Olympus,B211,2,2,2,,1063,4/15/2026,,12,60%,1650,1.55,1471,1.38,2026-01-08,2026-06-09,153,56
Rockpoint Apartments,Olympus,B109,1,2,2,,1063,7/2/2024,,12,80%,1660,1.56,1468,1.38,2024-05-04,2024-10-13,163,104
Rockpoint Apartments,Olympus,C109,1,2,2,,1063,10/3/2023,,,80%,1650,1.55,1512,1.42,2023-07-29,2023-12-30,155,89
Rockpoint Apartments,Olympus,C109,1,2,2,,1063,3/18/2025,,12,80%,1670,1.57,1587,1.49,2025-03-03,2025-06-05,95,80
Rockpoint Apartments,Olympus,B210,2,2,2,,1063,3/12/2025,,9,80%,1725,1.62,1725,1.62,2025-01-08,2025-02-03,27,0
Rockpoint Apartments,Olympus,B210,2,2,2,,1063,4/28/2026,,12,80%,1680,1.58,1540,1.45,2026-02-21,2026-05-28,97,31
Rockpoint Apartments,Olympus,B209,2,2,2,,1063,11/8/2023,,,80%,1650,1.55,1567,1.47,2023-10-27,2024-01-11,77,65
Rockpoint Apartments,Olympus,B209,2,2,2,,1063,4/26/2026,,12,80%,1680,1.58,1638,1.54,2026-02-19,2026-06-20,122,56
Rockpoint Apartments,Olympus,B111,1,2,2,,1063,6/17/2023,,,80%,1675,1.58,1633,1.54,,2023-08-05,,
Rockpoint Apartments,Olympus,B111,1,2,2,,1063,3/29/2025,,12,80%,1680,1.58,1638,1.54,2025-01-22,2025-04-03,72,6
Rockpoint Apartments,Olympus,B111,1,2,2,,1063,2/6/2026,,9,80%,1690,1.59,1690,1.59,2025-08-05,2026-04-03,242,57
Rockpoint Apartments,Olympus,B012,,2,2,,1063,3/7/2025,,9,80%,1725,1.62,1725,1.62,2024-12-28,2025-01-22,26,0
Rockpoint Apartments,Olympus,B012,,2,2,,1063,3/16/2026,,9,80%,1695,1.59,1695,1.59,2026-01-15,2026-03-25,70,10
Rockpoint Apartments,Olympus,D312,3,2,2,,1063,7/26/2024,,12,80%,1650,1.55,1512,1.42,2024-05-21,2024-10-17,150,84
Rockpoint Apartments,Olympus,D312,3,2,2,,1063,10/28/2025,,12,80%,1699,1.6,1557,1.46,2025-08-26,2025-10-11,47,0
Rockpoint Apartments,Olympus,E209,2,2,2,,1063,6/17/2023,,,80%,1699,1.6,1657,1.56,,2023-06-21,,
Rockpoint Apartments,Olympus,E209,2,2,2,,1063,3/29/2024,,,80%,1699,1.6,1616,1.52,2024-01-26,2024-01-28,3,0
Rockpoint Apartments,Olympus,A302,3,2,2,,1063,7/1/2024,,9,80%,1699,1.6,1699,1.6,2024-05-10,2024-06-21,43,0
Rockpoint Apartments,Olympus,D309,3,2,2,,1063,6/17/2023,,,80%,1699,1.6,1657,1.56,,2023-06-22,,
Rockpoint Apartments,Olympus,D309,3,2,2,,1063,8/11/2024,,12,80%,1699,1.6,1503,1.41,2024-07-23,2024-09-25,65,46
Rockpoint Apartments,Olympus,C010,,2,2,,1063,7/19/2023,,,80%,1825,1.72,1783,1.68,,2023-07-07,,
Rockpoint Apartments,Olympus,C010,,2,2,,1063,4/25/2025,,12,80%,1699,1.6,1657,1.56,2025-02-11,2025-06-24,134,61
Rockpoint Apartments,Olympus,A208,2,2,2,,1063,7/11/2025,,12,80%,1699,1.6,1657,1.56,2025-05-07,2025-08-22,108,43
Rockpoint Apartments,Olympus,C210,2,2,2,,1063,8/23/2024,,12,80%,1699,1.6,1516,1.43,2024-06-18,2024-09-01,76,10
Rockpoint Apartments,Olympus,C210,2,2,2,,1063,9/7/2025,,12,80%,1699,1.6,1557,1.46,2025-07-03,2025-09-18,78,12
Rockpoint Apartments,Olympus,A207,2,2,2,,1063,10/15/2023,,,80%,1675,1.58,1535,1.44,2023-08-22,2023-11-08,79,25
Rockpoint Apartments,Olympus,A207,2,2,2,,1063,7/18/2024,,12,80%,1699,1.6,1516,1.43,2024-07-11,2024-08-31,52,45
Rockpoint Apartments,Olympus,A207,2,2,2,,1063,3/23/2025,,9,80%,1740,1.64,1740,1.64,2025-01-16,2025-02-01,17,0
Rockpoint Apartments,Olympus,A207,2,2,2,,1063,9/7/2025,,12,80%,1699,1.6,1557,1.46,2025-07-03,2025-09-20,80,14
Rockpoint Apartments,Olympus,C309,3,2,2,,1063,11/7/2023,,,80%,1699,1.6,1616,1.52,2023-10-19,2024-01-26,100,81
Rockpoint Apartments,Olympus,C309,3,2,2,,1063,4/15/2026,,12,80%,1699,1.6,1557,1.46,2026-01-17,2026-04-16,90,2
Rockpoint Apartments,Olympus,C110,1,2,2,,1063,6/2/2024,,,80%,1750,1.65,1750,1.65,2024-03-31,2024-04-12,13,0
Rockpoint Apartments,Olympus,C110,1,2,2,,1063,5/23/2025,,12,80%,1680,1.58,1638,1.54,2025-04-09,2025-06-13,66,22
Rockpoint Apartments,Olympus,C110,1,2,2,,1063,4/15/2026,,12,80%,1699,1.6,1557,1.46,2025-11-26,2026-04-29,155,15
Rockpoint Apartments,Olympus,A107,1,2,2,,1063,6/17/2023,,,80%,1699,1.6,1657,1.56,,2023-06-22,,
Rockpoint Apartments,Olympus,A107,1,2,2,,1063,7/6/2024,,,80%,1699,1.6,1699,1.6,2024-05-05,2024-05-06,2,0
Rockpoint Apartments,Olympus,A107,1,2,2,,1063,7/12/2025,,9,80%,1750,1.65,1750,1.65,2025-05-07,2025-06-28,53,0
Rockpoint Apartments,Olympus,A107,1,2,2,,1063,7/17/2026,,12,80%,1699,1.6,1657,1.56,2026-05-13,2026-06-17,36,0
Rockpoint Apartments,Olympus,C411,4,2,2,,1063,6/1/2026,,12,80%,1699,1.6,1657,1.56,2026-03-26,2026-06-20,87,20
Rockpoint Apartments,Olympus,C211,2,2,2,,1063,Now,,12,80%,1710,1.61,1668,1.57,2026-05-02,,73,8
Rockpoint Apartments,Olympus,E409,4,2,2,,1063,5/2/2025,,12,80%,1795,1.69,1753,1.65,2025-02-28,2025-04-24,56,0
Rockpoint Apartments,Olympus,E409,4,2,2,,1063,5/13/2026,,12,80%,1710,1.61,1526,1.44,2026-03-11,2026-06-08,90,27
Rockpoint Apartments,Olympus,B411,4,2,2,,1063,6/17/2023,,,80%,1720,1.62,1678,1.58,,2023-06-26,,
Rockpoint Apartments,Olympus,B310,3,2,2,,1063,7/18/2026,,12,80%,1720,1.62,1678,1.58,2026-05-13,,62,0
Rockpoint Apartments,Olympus,D203,2,2,2,,1063,8/9/2025,,12,80%,1720,1.62,1678,1.58,2025-06-04,2025-08-12,70,4
Rockpoint Apartments,Olympus,A202,2,2,2,,1063,7/26/2024,,9,80%,1720,1.62,1720,1.62,2024-05-17,2024-06-28,43,0
Rockpoint Apartments,Olympus,B409,4,2,2,,1063,8/13/2023,,,80%,1750,1.65,1708,1.61,2023-06-28,2023-08-01,35,0
Rockpoint Apartments,Olympus,B409,4,2,2,,1063,5/24/2024,,,80%,1725,1.62,1725,1.62,2024-03-20,2024-05-05,47,0
Rockpoint Apartments,Olympus,E412,4,2,2,,1063,7/31/2024,,12,80%,1725,1.62,1540,1.45,2024-07-24,2024-08-25,33,26
Rockpoint Apartments,Olympus,D103,1,2,2,,1063,10/25/2023,,,80%,1795,1.69,1795,1.69,2023-08-22,2023-09-07,17,0
Rockpoint Apartments,Olympus,D103,1,2,2,,1063,9/3/2024,,9,80%,1725,1.62,1725,1.62,2024-06-29,2024-09-17,81,15
Rockpoint Apartments,Olympus,E211,2,2,2,,1063,4/26/2024,,9,80%,1699,1.6,1699,1.6,2024-04-17,2024-05-29,43,34
Rockpoint Apartments,Olympus,E211,2,2,2,,1063,6/13/2025,,12,80%,1730,1.63,1647,1.55,2025-04-09,2025-05-29,51,0
Rockpoint Apartments,Olympus,B212,2,2,2,,1063,3/30/2024,,,80%,1720,1.62,1637,1.54,2024-01-25,2024-03-29,65,0
Rockpoint Apartments,Olympus,B212,2,2,2,,1063,1/26/2025,,9,80%,1720,1.62,1720,1.62,2024-11-19,2025-02-23,97,29
Rockpoint Apartments,Olympus,B212,2,2,2,,1063,1/7/2026,,12,80%,1740,1.64,1595,1.5,2025-12-29,2026-01-30,33,24
Rockpoint Apartments,Olympus,D209,2,2,2,,1063,2/26/2024,,,80%,1740,1.64,1657,1.56,2023-12-23,2024-02-22,62,0
Rockpoint Apartments,Olympus,D209,2,2,2,,1063,6/29/2026,,12,80%,1740,1.64,1595,1.5,2026-04-24,2026-04-29,6,0
Rockpoint Apartments,Olympus,D409,4,2,2,,1063,1/17/2024,,,80%,1750,1.65,1667,1.57,2023-11-25,2024-02-11,79,26
Rockpoint Apartments,Olympus,E111,1,2,2,,1063,7/29/2023,,,80%,1750,1.65,1708,1.61,2023-07-06,2023-07-14,9,0
Rockpoint Apartments,Olympus,E111,1,2,2,,1063,1/2/2024,,,80%,1720,1.62,1637,1.54,2023-10-29,2024-02-11,106,41
Rockpoint Apartments,Olympus,E111,1,2,2,,1063,3/19/2025,,9,80%,1750,1.65,1750,1.65,2025-02-08,2025-02-28,21,0
Rockpoint Apartments,Olympus,C311,3,2,2,,1063,5/25/2024,,,80%,1675,1.58,1675,1.58,2024-03-20,2024-05-06,48,0
Rockpoint Apartments,Olympus,C311,3,2,2,,1063,4/9/2025,,12,80%,1750,1.65,1708,1.61,2025-01-29,2025-03-09,40,0
Rockpoint Apartments,Olympus,D212,2,2,2,,1063,6/17/2023,,,80%,1699,1.6,1657,1.56,,2023-06-26,,
Rockpoint Apartments,Olympus,D212,2,2,2,,1063,6/30/2024,,,80%,1699,1.6,1699,1.6,2024-04-25,2024-05-02,8,0
Rockpoint Apartments,Olympus,D212,2,2,2,,1063,7/5/2025,,9,80%,1750,1.65,1750,1.65,2025-04-30,2025-05-14,15,0
Rockpoint Apartments,Olympus,E110,1,2,2,,1063,7/22/2024,,9,80%,1775,1.67,1775,1.67,2024-05-21,2024-07-04,45,0
Rockpoint Apartments,Olympus,E110,1,2,2,,1063,7/23/2025,,9,80%,1750,1.65,1750,1.65,2025-06-06,2025-07-04,29,0
Rockpoint Apartments,Olympus,D412,4,2,2,,1063,7/7/2023,,,80%,1699,1.6,1657,1.56,,2023-06-20,,
Rockpoint Apartments,Olympus,D412,4,2,2,,1063,7/7/2024,,12,80%,1775,1.67,1585,1.49,2024-06-25,2024-08-22,59,47
Rockpoint Apartments,Olympus,D412,4,2,2,,1063,8/30/2025,,12,80%,1750,1.65,1604,1.51,2025-06-25,2025-09-16,84,18
Rockpoint Apartments,Olympus,A102,1,2,2,,1063,9/7/2023,,,80%,1699,1.6,1557,1.46,2023-08-18,2023-11-17,92,72
Rockpoint Apartments,Olympus,A102,1,2,2,,1063,9/26/2025,,12,80%,1750,1.65,1604,1.51,2025-08-27,2025-10-07,42,12
Rockpoint Apartments,Olympus,E112,1,2,2,,1063,11/13/2024,,12,80%,1599,1.5,1516,1.43,2024-09-07,2024-11-23,78,11
Rockpoint Apartments,Olympus,E112,1,2,2,,1063,12/5/2025,,9,80%,1750,1.65,1750,1.65,2025-09-30,2025-10-23,24,0
Rockpoint Apartments,Olympus,A108,1,2,2,,1063,12/6/2024,,12,80%,1699,1.6,1557,1.46,2024-10-02,2024-10-25,24,0
Rockpoint Apartments,Olympus,A108,1,2,2,,1063,10/12/2025,,9,80%,1750,1.65,1750,1.65,2025-08-06,2025-10-24,80,13
Rockpoint Apartments,Olympus,E310,3,2,2,,1063,8/28/2023,,,80%,1699,1.6,1699,1.6,2023-06-28,2023-10-03,98,37
Rockpoint Apartments,Olympus,E310,3,2,2,,1063,9/10/2024,,9,80%,1575,1.48,1575,1.48,2024-07-12,2024-11-22,134,74
Rockpoint Apartments,Olympus,E310,3,2,2,,1063,11/10/2025,,9,80%,1750,1.65,1750,1.65,2025-10-17,2025-12-10,55,31
Rockpoint Apartments,Olympus,E410,4,2,2,,1063,12/7/2023,,,80%,1725,1.62,1642,1.54,2023-11-28,2024-01-24,58,49
Rockpoint Apartments,Olympus,E410,4,2,2,,1063,4/15/2026,,12,80%,1750,1.65,1604,1.51,2026-01-30,2026-04-30,91,16
Rockpoint Apartments,Olympus,D201,2,2,2,,1063,4/14/2024,,,80%,1660,1.56,1660,1.56,2024-03-09,2024-04-23,46,10
Rockpoint Apartments,Olympus,D201,2,2,2,,1063,4/18/2025,,9,80%,1690,1.59,1690,1.59,2025-04-11,2025-07-22,103,96
Rockpoint Apartments,Olympus,D201,2,2,2,,1063,8/7/2026,,12,80%,1750,1.65,1562,1.47,2026-06-02,2026-06-09,8,0
Rockpoint Apartments,Olympus,A308,3,2,2,,1063,2/7/2024,,,80%,1850,1.74,1767,1.66,2024-01-19,2024-03-28,70,51
Rockpoint Apartments,Olympus,A308,3,2,2,,1063,5/13/2025,,12,80%,1825,1.72,1783,1.68,2025-03-06,2025-03-21,16,0
Rockpoint Apartments,Olympus,A308,3,2,2,,1063,8/26/2025,,9,80%,1760,1.66,1760,1.66,2025-06-25,2025-07-09,15,0
Rockpoint Apartments,Olympus,D109,1,2,2,,1063,4/7/2024,,,80%,1820,1.71,1737,1.63,2024-01-31,2024-03-01,31,0
Rockpoint Apartments,Olympus,D109,1,2,2,,1063,8/7/2026,,12,80%,1760,1.66,1718,1.62,2026-06-03,2026-06-26,24,0
Rockpoint Apartments,Olympus,E212,2,2,2,,1063,5/6/2026,,9,80%,1760,1.66,1760,1.66,2026-03-02,2026-03-21,20,0
Rockpoint Apartments,Olympus,A307,3,2,2,,1063,11/4/2023,,,80%,1699,1.6,1557,1.46,2023-09-01,2023-11-22,83,19
Rockpoint Apartments,Olympus,A307,3,2,2,,1063,8/7/2026,,12,80%,1760,1.66,1718,1.62,2026-06-03,2026-07-11,39,0
Rockpoint Apartments,Olympus,D112,1,2,2,,1063,6/24/2025,,12,80%,1760,1.66,1718,1.62,2025-04-19,2025-05-23,35,0
Rockpoint Apartments,Olympus,B112,1,2,2,,1063,11/25/2025,,12,80%,1730,1.63,1586,1.49,2025-09-24,2025-10-04,11,0
Rockpoint Apartments,Olympus,B112,1,2,2,,1063,9/3/2026,,12,80%,1770,1.67,1728,1.63,2026-06-30,,14,0
Rockpoint Apartments,Olympus,E210,2,2,2,,1063,4/14/2024,,,80%,1775,1.67,1692,1.59,2024-02-09,2024-03-07,28,0
Rockpoint Apartments,Olympus,E210,2,2,2,,1063,4/7/2025,,12,80%,1775,1.67,1733,1.63,2025-03-18,2025-03-20,3,0
Rockpoint Apartments,Olympus,A407,4,2,2,,1063,12/2/2025,,12,80%,1775,1.67,1733,1.63,2025-09-27,2025-12-04,69,3
Rockpoint Apartments,Olympus,C308,3,2,2,,1063,8/1/2023,,,80%,1775,1.67,1733,1.63,,2023-07-20,,
Rockpoint Apartments,Olympus,E411,4,2,2,,1063,5/1/2025,,12,80%,1795,1.69,1753,1.65,2025-02-26,2025-04-26,60,0
Rockpoint Apartments,Olympus,E411,4,2,2,,1063,12/7/2025,,12,80%,1775,1.67,1733,1.63,2025-10-21,2025-12-02,43,0
Rockpoint Apartments,Olympus,B010,,2,2,,1063,5/1/2024,,9,80%,1750,1.65,1750,1.65,2024-02-29,2024-07-18,141,79
Rockpoint Apartments,Olympus,B010,,2,2,,1063,7/7/2025,,12,80%,1750,1.65,1708,1.61,2025-04-30,2025-06-09,41,0
Rockpoint Apartments,Olympus,B010,,2,2,,1063,8/14/2026,,12,80%,1780,1.67,1738,1.63,2026-06-08,2026-07-07,30,0
Rockpoint Apartments,Olympus,A002,,2,2,,1063,1/24/2025,,12,80%,1725,1.62,1642,1.54,2024-11-15,2024-11-26,12,0
Rockpoint Apartments,Olympus,A002,,2,2,,1063,10/30/2025,,12,80%,1780,1.67,1632,1.54,2025-08-26,2025-10-11,47,0
Rockpoint Apartments,Olympus,C108,1,2,2,,1063,8/30/2025,,12,80%,1780,1.67,1738,1.63,2025-06-25,2025-08-13,50,0
Rockpoint Apartments,Olympus,C108,1,2,2,,1063,9/7/2026,,12,80%,1790,1.68,1748,1.64,2026-06-30,,14,0
Rockpoint Apartments,Olympus,D403,4,2,2,,1063,7/7/2024,,9,80%,1800,1.69,1800,1.69,2024-05-04,2024-06-18,46,0
Rockpoint Apartments,Everest,D102,1,3,2,,1259,12/22/2023,,,80%,1975,1.57,1810,1.44,2023-11-12,2023-12-16,35,0
Rockpoint Apartments,Everest,D102,1,3,2,,1259,12/29/2024,,9,80%,1890,1.5,1890,1.5,2024-10-31,2025-01-30,92,33
Rockpoint Apartments,Everest,B301,3,3,2,,1259,9/8/2024,,12,80%,1925,1.53,1765,1.4,2024-07-02,2024-10-25,116,48
Rockpoint Apartments,Everest,E301,3,3,2,,1259,4/1/2024,,,80%,1999,1.59,1999,1.59,2024-03-27,2024-04-14,19,14
Rockpoint Apartments,Everest,E301,3,3,2,,1259,4/26/2025,,12,80%,1925,1.53,1883,1.5,2025-02-04,2025-06-13,130,49
Rockpoint Apartments,Everest,D302,3,3,2,,1259,1/19/2024,,9,80%,1925,1.53,1925,1.53,2023-11-12,2024-05-07,178,110
Rockpoint Apartments,Everest,D302,3,3,2,,1259,5/23/2025,,12,80%,1950,1.55,1908,1.52,2025-03-17,2025-05-20,65,0
Rockpoint Apartments,Everest,A301,3,3,2,,1259,6/22/2023,,,80%,2025,1.61,1983,1.58,2023-06-22,2023-06-28,7,7
Rockpoint Apartments,Everest,A301,3,3,2,,1259,7/6/2024,,12,80%,1925,1.53,1723,1.37,2024-05-04,2024-09-01,121,58
Rockpoint Apartments,Everest,A301,3,3,2,,1259,9/7/2025,,9,80%,1950,1.55,1950,1.55,2025-07-08,2025-08-02,26,0
Rockpoint Apartments,Everest,D202,2,3,2,,1259,1/14/2024,,,80%,1995,1.58,1912,1.52,2023-11-09,2024-02-16,100,34
Rockpoint Apartments,Everest,A101,1,3,2,,1259,3/8/2025,,9,80%,1999,1.59,1999,1.59,2025-01-01,2025-01-31,31,0
Rockpoint Apartments,Everest,C201,2,3,2,,1259,3/7/2024,,9,80%,1925,1.53,1925,1.53,2024-01-25,2024-05-29,126,84
Rockpoint Apartments,Everest,C201,2,3,2,,1259,6/12/2025,,12,80%,1995,1.58,1953,1.55,2025-04-07,2025-05-05,29,0
Rockpoint Apartments,Everest,C201,2,3,2,,1259,3/6/2026,,9,80%,1999,1.59,1999,1.59,2026-01-06,2026-03-22,76,17
Rockpoint Apartments,Everest,A201,2,3,2,,1259,10/7/2023,,,80%,1975,1.57,1892,1.5,2023-08-26,2024-01-11,139,97
Rockpoint Apartments,Everest,A201,2,3,2,,1259,4/15/2026,,12,80%,1999,1.59,1832,1.46,2025-12-11,2026-04-21,132,7
Rockpoint Apartments,Everest,C101,1,3,2,,1259,7/15/2025,,12,80%,1950,1.55,1908,1.52,2025-05-13,2025-06-15,34,0
Rockpoint Apartments,Everest,C101,1,3,2,,1259,7/7/2026,,12,80%,2050,1.63,2008,1.59,2026-06-16,2026-07-01,16,0
Rockpoint Apartments,Everest,D402,4,3,2,,1259,11/4/2025,,12,80%,2125,1.69,1948,1.55,2025-08-30,2025-09-13,15,0
Rockpoint Apartments,Everest,E101,1,3,2,,1259,1/10/2025,,9,80%,1950,1.55,1950,1.55,2024-10-22,2024-12-28,68,0
Rockpoint Apartments,Everest,E101,1,3,2,,1259,2/21/2026,,12,80%,2150,1.71,1950,1.55,2025-12-19,2026-02-21,65,1
Rockpoint Apartments,Everest,B401,4,3,2,,1259,2/7/2024,,,80%,1999,1.59,1999,1.59,2024-02-04,2024-04-12,69,66
Rockpoint Apartments,Everest,B401,4,3,2,,1259,7/27/2026,,12,80%,2150,1.71,1929,1.53,2026-05-27,2026-06-08,13,0
Rockpoint Apartments,Everest,C401,4,3,2,,1259,8/2/2023,,,80%,1999,1.59,1999,1.59,,2023-10-26,,
Rockpoint Apartments,Everest,C401,4,3,2,,1259,11/4/2024,,9,80%,1899,1.51,1899,1.51,2024-08-28,2025-02-08,165,97
Rockpoint Apartments,Everest,C401,4,3,2,,1259,11/30/2025,,9,80%,2150,1.71,2150,1.71,2025-09-25,2025-10-28,34,0
Rockpoint Apartments,Everest,A401,4,3,2,,1259,1/11/2024,,,80%,2125,1.69,2042,1.62,2023-11-12,2024-03-15,125,65
Rockpoint Apartments,Everest,A401,4,3,2,,1259,4/15/2026,,12,80%,2150,1.71,1971,1.57,2026-02-25,2026-04-17,52,3
Rockpoint Apartments,Everest,E401,4,3,2,,1259,8/7/2026,,12,80%,2175,1.73,1952,1.55,2026-06-02,2026-06-08,7,0
Rockpoint Apartments,Everest,B201,2,3,2,,1259,6/17/2023,,,80%,1995,1.58,1912,1.52,,2024-02-06,,
Rockpoint Apartments,Everest,B201,2,3,2,,1259,3/8/2025,,9,80%,1980,1.57,1980,1.57,2025-01-01,2025-01-21,21,0
Rockpoint Apartments,Everest,B201,2,3,2,,1259,5/16/2026,,12,80%,2175,1.73,1994,1.58,2026-03-12,2026-04-29,49,0
Rockpoint Apartments,Everest,B101,1,3,2,,1259,3/30/2026,,12,80%,2190,1.74,2008,1.59,2026-01-23,2026-01-30,8,0
Millpond,1.1.2,G207,2,1,1,,795,1/18/2024,,,50%,1253,1.58,1149,1.45,2023-11-02,2023-12-03,32,0
Millpond,1.1.2,G207,2,1,1,,795,1/25/2025,500,14,50%,1129,1.42,1076,1.35,2024-10-18,2025-02-09,115,16
Millpond,1.1.2,G207,2,1,1,,795,4/22/2026,500,12,50%,1126,1.42,909,1.14,2026-04-04,2026-04-05,2,0
Millpond,1.1.2,B207,2,1,1,,795,6/18/2024,500,12,50%,1225,1.54,1084,1.36,2024-07-09,2024-07-17,9,9
Millpond,1.1.2,B207,2,1,1,,795,3/30/2025,500,13,50%,1159,1.46,1100,1.38,2025-01-22,2025-02-09,19,0
Millpond,1.1.2,B207,2,1,1,,795,5/9/2026,500,14,50%,1156,1.45,1156,1.45,2026-03-07,2026-04-15,40,0
Millpond,1.1.2,F301,3,1,1,,795,9/8/2023,,,50%,1270,1.6,1054,1.33,2023-08-12,2023-10-31,81,54
Millpond,1.1.2,F301,3,1,1,,795,1/8/2025,500,13,50%,1179,1.48,1060,1.33,2024-11-21,2025-01-20,61,13
Millpond,1.1.2,B307,3,1,1,,795,4/21/2025,500,13,60%,1244,1.56,1244,1.56,2025-01-27,2025-04-25,89,5
Millpond,1.1.2,B307,3,1,1,,795,7/31/2026,500,10,60%,1195,1.5,1195,1.5,2026-05-30,2026-06-16,18,0
Millpond,1.1.2,G201,2,1,1,,795,8/22/2023,,,60%,1370,1.72,1370,1.72,,2023-06-28,,
Millpond,1.1.2,G201,2,1,1,,795,1/19/2024,500,12,60%,1353,1.7,1353,1.7,2023-12-06,2024-03-08,94,50
Millpond,1.1.2,G201,2,1,1,,795,4/7/2025,500,13,60%,1197,1.51,1052,1.32,2025-01-30,2025-04-13,74,7
Millpond,1.1.2,H301,3,1,1,,795,10/12/2024,500,12,60%,1199,1.51,1120,1.41,2024-08-12,2025-03-08,209,148
Millpond,1.1.2,B201,2,1,1,,795,8/3/2023,,,60%,1370,1.72,1370,1.72,2023-06-28,2023-07-08,11,0
Millpond,1.1.2,B201,2,1,1,,795,10/17/2024,500,12,60%,1280,1.61,1280,1.61,2024-08-14,2024-09-17,35,0
Millpond,1.1.2,B201,2,1,1,,795,10/25/2025,500,12,60%,1199,1.51,940,1.18,2025-08-07,2025-12-12,128,49
Millpond,1.1.2,B301,3,1,1,,795,3/8/2024,,,60%,1333,1.68,1222,1.54,2023-11-23,2023-12-06,14,0
Millpond,1.1.2,B301,3,1,1,,795,3/8/2024,500,13,60%,1346,1.69,1203,1.51,2024-03-08,2024-06-14,99,99
Millpond,1.1.2,B301,3,1,1,,795,11/14/2024,500,12,60%,1199,1.51,1156,1.45,2024-11-11,2025-02-16,98,95
Millpond,1.1.2,B301,3,1,1,,795,3/30/2026,500,14,60%,1215,1.53,1015,1.28,2025-12-12,2026-04-16,126,18
Millpond,1.1.2,E307,3,1,1,,795,8/19/2024,500,12,60%,1290,1.62,1182,1.49,2024-08-02,2024-10-23,83,66
Millpond,1.1.2,E307,3,1,1,,795,11/13/2025,500,12,60%,1209,1.52,971,1.22,2025-08-16,2025-12-19,126,37
Millpond,1.1.2,K307,3,1,1,,795,6/10/2024,500,12,60%,1461,1.84,1461,1.84,2024-02-29,2024-03-29,30,0
Millpond,1.1.2,K307,3,1,1,,795,6/17/2025,500,13,60%,1207,1.52,1195,1.5,2025-03-03,2025-03-28,26,0
Millpond,1.1.2,K307,3,1,1,,795,5/23/2026,500,12,60%,1246,1.57,1246,1.57,2025-10-10,2026-04-21,194,0
Millpond,1.1.2,E207,2,1,1,,795,10/22/2024,500,12,60%,1260,1.58,1050,1.32,2024-10-03,2024-11-10,39,20
Millpond,1.1.2,H307,3,1,1,,795,8/5/2024,500,12,60%,1264,1.59,1118,1.41,2024-07-18,2024-07-23,6,0
Millpond,1.1.2,D307,3,1,1,,795,11/4/2024,500,12,60%,1199,1.51,1120,1.41,2024-11-02,2025-03-08,127,125
Millpond,1.1.2,D307,3,1,1,,795,3/26/2026,500,12,60%,1266,1.59,1022,1.29,2026-02-25,2026-04-21,56,27
Millpond,1.1.2,E201,2,1,1,,795,10/7/2023,,,60%,1270,1.6,1062,1.34,2023-08-20,2023-10-21,63,15
Millpond,1.1.2,E201,2,1,1,,795,11/11/2024,500,12,60%,1179,1.48,1056,1.33,2024-04-26,2025-01-22,272,73
Millpond,1.1.2,E201,2,1,1,,795,11/1/2025,500,12,60%,1199,1.51,963,1.21,2025-08-28,2025-12-19,114,49
Millpond,1.1.2,E201,2,1,1,,795,9/6/2026,500,12,60%,1267,1.59,1169,1.47,2026-07-01,,13,0
Millpond,1.1.2,C201,2,1,1,,795,2/2/2024,500,12,60%,1395,1.75,1279,1.61,2023-11-28,2024-02-27,92,26
Millpond,1.1.2,C201,2,1,1,,795,4/22/2025,500,13,60%,1237,1.56,1237,1.56,2025-02-04,2025-04-01,57,0
Millpond,1.1.2,C201,2,1,1,,795,6/3/2026,500,15,60%,1289,1.62,1130,1.42,2026-03-20,2026-06-04,77,2
Millpond,1.1.2,D207,2,1,1,,795,12/30/2023,,,60%,1360,1.71,1247,1.57,2023-11-23,2024-02-02,72,35
Millpond,1.1.2,D207,2,1,1,,795,5/17/2026,500,12,60%,1270,1.6,1270,1.6,2026-03-05,2026-03-07,3,0
Millpond,1.1.2,H207,2,1,1,,795,8/8/2023,,,60%,1350,1.7,1350,1.7,,2023-07-01,,
Millpond,1.1.2,H207,2,1,1,,795,7/17/2024,500,12,60%,1271,1.6,1165,1.47,2024-05-10,2024-05-11,2,0
Millpond,1.1.2,F307,3,1,1,,795,9/30/2023,,,60%,1350,1.7,1350,1.7,2023-07-28,2023-08-10,14,0
Millpond,1.1.2,F307,3,1,1,,795,9/6/2025,500,12,60%,1277,1.61,1130,1.42,2025-06-18,2025-09-09,84,4
Millpond,1.1.2,L201,2,1,1,,795,6/24/2024,500,12,60%,1206,1.52,1106,1.39,2024-03-21,2024-05-22,63,0
Millpond,1.1.2,L201,2,1,1,,795,7/16/2025,500,12,60%,1284,1.62,1177,1.48,2025-05-10,2025-05-22,13,0
Millpond,1.1.2,G307,3,1,1,,795,6/26/2024,500,13,60%,1368,1.72,1368,1.72,2024-04-06,2024-04-16,11,0
Millpond,1.1.2,G307,3,1,1,,795,Now,500,14,60%,1303,1.64,1217,1.53,2026-05-30,,45,6
Millpond,1.1.2,K207,2,1,1,,795,11/18/2023,,,60%,1250,1.57,1082,1.36,2023-10-31,2023-11-12,13,0
Millpond,1.1.2,K207,2,1,1,,795,6/22/2024,500,14,60%,1294,1.63,1166,1.47,2024-06-16,2024-06-17,2,0
Millpond,1.1.2,D201,2,1,1,,795,6/18/2024,500,12,60%,1296,1.63,1188,1.49,2024-04-18,2024-05-26,39,0
Millpond,1.1.2,C307,3,1,1,,795,9/4/2025,500,12,60%,1303,1.64,1102,1.39,2025-06-20,2025-10-01,104,28
Millpond,1.1.2,G301,3,1,1,,795,8/29/2024,500,12,60%,1280,1.61,1280,1.61,2024-06-24,2024-10-04,103,37
Millpond,1.1.2,G301,3,1,1,,795,4/10/2025,500,13,60%,1175,1.48,1119,1.41,2025-02-04,2025-03-13,38,0
Millpond,1.1.2,G301,3,1,1,,795,7/19/2026,500,14,60%,1324,1.67,1237,1.56,2026-05-13,,62,0
Millpond,1.1.2,H201,2,1,1,,795,9/30/2023,,,60%,1270,1.6,1061,1.33,2023-09-15,2023-11-02,49,34
Millpond,1.1.2,H201,2,1,1,,795,8/17/2026,500,12,60%,1314,1.65,1314,1.65,2026-05-30,2026-06-30,32,0
Millpond,1.1.2,K301,3,1,1,,795,11/3/2023,,,60%,1333,1.68,1222,1.54,2023-10-21,2023-11-29,40,27
Millpond,1.1.2,K301,3,1,1,,795,6/24/2024,500,12,60%,1275,1.6,1128,1.42,2024-06-03,2024-07-18,46,25
Millpond,1.1.2,K301,3,1,1,,795,8/12/2026,500,15,60%,1320,1.66,1239,1.56,2026-06-04,,40,0
Millpond,1.1.2,F201,2,1,1,,795,6/1/2024,500,12,60%,1290,1.62,1182,1.49,2024-03-27,2024-05-04,39,0
Millpond,1.1.2,F201,2,1,1,,795,2/1/2025,500,,60%,1154,1.45,1103,1.39,2025-02-12,2025-02-13,2,2
Millpond,1.1.2,F201,2,1,1,,795,6/20/2025,500,13,60%,1325,1.67,1184,1.49,2025-06-16,2025-07-16,31,27
Millpond,1.1.2,D301,3,1,1,,795,8/18/2024,500,12,60%,1235,1.55,1092,1.37,2024-06-12,2024-07-21,40,0
Millpond,1.1.2,D301,3,1,1,,795,Now,500,14,60%,1356,1.71,1267,1.59,2026-04-07,,98,31
Millpond,1.1.2,C301,3,1,1,,795,6/17/2023,,,60%,1420,1.79,1420,1.79,,2023-07-01,,
Millpond,1.1.2,C301,3,1,1,,795,5/17/2024,500,12,60%,1370,1.72,1256,1.58,2024-03-14,2024-05-07,55,0
Millpond,1.1.2,L301,3,1,1,,795,11/30/2024,500,12,60%,1219,1.53,1209,1.52,2024-11-02,2025-02-26,117,89
Millpond,1.1.2,L301,3,1,1,,795,6/28/2025,500,13,60%,1406,1.77,1298,1.63,2025-06-23,2025-07-08,16,11
Millpond,,1.1.2,1,1,1,,795,1/26/2024,,,60%,1384,1.74,1269,1.6,2024-01-26,2024-01-27,2,2
Millpond,1.1.4,G107,1,1,1,,830,4/16/2024,500,12,60%,1453,1.75,1332,1.6,2024-02-15,2024-05-24,100,39
Millpond,1.1.4,G107,1,1,1,,830,6/8/2026,500,12,60%,1319,1.59,1319,1.59,2026-03-29,2026-04-18,21,0
Millpond,1.1.4,G101,1,1,1,,830,4/1/2025,500,13,60%,1375,1.66,1253,1.51,2024-08-08,2025-01-25,171,0
Millpond,1.1.4,G101,1,1,1,,830,3/23/2026,500,13,60%,1326,1.6,1090,1.31,2026-01-15,2026-03-28,73,6
Millpond,1.1.1,E107,1,1,1,,830,4/13/2024,500,12,60%,1346,1.62,1346,1.62,2024-03-14,2024-03-31,18,0
Millpond,1.1.1,K101,1,1,1,,830,8/26/2023,,,60%,1520,1.83,1520,1.83,2023-07-07,2023-07-09,3,0
Millpond,1.1.1,K101,1,1,1,,830,11/13/2025,500,12,60%,1406,1.69,1135,1.37,2025-09-11,2026-04-05,207,144
Millpond,1.1.1,B101,1,1,1,,830,4/20/2024,500,12,60%,1603,1.93,1520,1.83,2024-04-05,2024-04-19,15,0
Millpond,1.1.1,B101,1,1,1,,830,12/10/2024,500,13,60%,1455,1.75,1404,1.69,2024-10-15,2024-12-18,65,9
Millpond,1.1.1,B101,1,1,1,,830,4/8/2026,500,12,60%,1419,1.71,1201,1.45,2026-04-10,2026-05-07,28,28
Millpond,1.1.1,D101,1,1,1,,830,7/18/2023,,,60%,1520,1.83,1520,1.83,,2023-07-06,,
Millpond,1.1.1,D101,1,1,1,,830,9/25/2024,500,12,60%,1515,1.83,1389,1.67,2024-07-14,2024-10-18,97,24
Millpond,1.1.1,D101,1,1,1,,830,3/26/2026,500,12,60%,1419,1.71,1146,1.38,2025-12-12,2026-04-21,131,27
Millpond,1.1.1,E101,1,1,1,,830,3/12/2025,500,13,80%,1455,1.75,1359,1.64,2025-01-10,2025-02-03,25,0
Millpond,1.1.1,E101,1,1,1,,830,7/9/2025,500,12,80%,1468,1.77,1468,1.77,2025-07-12,2025-10-29,110,110
Millpond,1.1.1,E101,1,1,1,,830,5/25/2026,500,12,80%,1444,1.74,1222,1.47,2026-04-14,2026-05-13,30,0
Millpond,1.1.1,F101,1,1,1,,830,2/13/2024,500,14,80%,1426,1.72,1426,1.72,2023-12-14,2024-03-17,95,34
Millpond,1.1.1,F101,1,1,1,,830,8/27/2025,500,13,80%,1449,1.75,1295,1.56,2025-06-21,2025-08-13,54,0
Millpond,1.1.1,C107,1,1,1,,830,1/8/2025,500,13,80%,1455,1.75,1455,1.75,2024-11-15,2025-01-05,52,0
Millpond,1.1.1,D107,1,1,1,,830,11/5/2025,500,14,80%,1465,1.77,1272,1.53,2025-09-03,2025-11-14,73,10
Millpond,1.1.1,K107,1,1,1,,830,3/10/2024,500,12,80%,1492,1.8,1492,1.8,2024-03-01,2024-03-21,21,12
Millpond,1.1.1,K107,1,1,1,,830,7/2/2024,500,12,80%,1495,1.8,1380,1.66,2024-07-02,2024-09-11,72,72
Millpond,1.1.1,H107,1,1,1,,830,1/24/2024,500,12,80%,1543,1.86,1543,1.86,2023-11-23,2024-04-12,142,80
Millpond,1.1.1,B107,1,1,1,,830,9/9/2023,,,80%,1500,1.81,1500,1.81,2023-06-29,2023-07-16,18,0
Millpond,1.1.1,B107,1,1,1,,830,10/1/2025,500,12,80%,1556,1.87,1257,1.51,2024-08-30,2026-02-11,531,134
Millpond,1.1.1,C101,1,1,1,,830,5/25/2024,500,12,80%,1386,1.67,1386,1.67,2024-03-21,2024-03-27,7,0
Millpond,1.1.1,C101,1,1,1,,830,7/2/2026,500,13,80%,1627,1.96,1511,1.82,2026-04-28,2026-07-06,70,5
Millpond,1.1.4,L101,1,1,1,,830,10/1/2025,500,12,80%,1488,1.79,1259,1.52,2025-04-26,2025-10-14,172,14
Millpond,1.1.4,L101,1,1,1,,830,Now,500,14,80%,1695,2.04,1583,1.91,2026-01-30,,165,92
Millpond,1.1.3,C305,3,1,1,,848,6/10/2024,500,12,50%,1249,1.47,1041,1.23,2024-03-31,2024-11-14,229,158
Millpond,1.1.3,C305,3,1,1,,848,10/28/2025,500,13,50%,1183,1.4,926,1.09,2025-10-21,2025-12-05,46,39
Millpond,1.1.3,G203,2,1,1,,848,10/14/2023,,,60%,1220,1.44,1012,1.19,2023-08-20,2023-10-15,57,2
Millpond,1.1.3,G203,2,1,1,,848,10/24/2024,500,12,60%,1184,1.4,1090,1.29,2024-10-18,2025-01-31,106,100
Millpond,1.1.3,G203,2,1,1,,848,1/8/2026,500,12,60%,1204,1.42,973,1.15,2025-10-22,2025-12-21,61,0
Millpond,1.1.3,K205,2,1,1,,848,12/18/2024,500,12,60%,1214,1.43,1088,1.28,2024-10-24,2025-01-22,91,36
Millpond,1.1.3,G303,3,1,1,,848,10/7/2023,,,60%,1250,1.47,1042,1.23,2023-09-23,2023-10-19,27,13
Millpond,1.1.3,G303,3,1,1,,848,12/19/2024,500,12,60%,1214,1.43,1104,1.3,2024-11-24,2025-01-27,65,40
Millpond,1.1.3,D305,3,1,1,,848,11/11/2024,500,12,60%,1224,1.44,1164,1.37,2024-09-21,2025-03-14,175,124
Millpond,1.1.3,E203,2,1,1,,848,2/11/2025,500,12,60%,1234,1.46,1122,1.32,2024-12-10,2025-01-27,49,0
Millpond,1.1.3,E203,2,1,1,,848,3/15/2026,500,13,60%,1231,1.45,1012,1.19,2026-01-22,2026-03-28,66,14
Millpond,1.1.3,L203,2,1,1,,848,2/10/2024,,,60%,1340,1.58,1228,1.45,2023-12-03,2023-12-22,20,0
Millpond,1.1.3,L203,2,1,1,,848,3/31/2026,500,14,60%,1240,1.46,1035,1.22,2026-03-24,2026-04-16,24,17
Millpond,1.1.3,F203,2,1,1,,848,9/2/2023,,,60%,1250,1.47,1042,1.23,2023-07-30,2023-10-21,84,50
Millpond,1.1.3,F203,2,1,1,,848,6/14/2025,500,13,60%,1232,1.45,1232,1.45,2025-04-08,2025-04-09,2,0
Millpond,1.1.3,H203,2,1,1,,848,6/17/2023,,,60%,1375,1.62,1375,1.62,,2023-06-29,,
Millpond,1.1.3,H203,2,1,1,,848,7/10/2024,500,13,60%,1240,1.46,1108,1.31,2024-04-18,2024-07-21,95,12
Millpond,1.1.3,H305,3,1,1,,848,8/25/2024,500,12,60%,1270,1.5,1123,1.32,2024-06-11,2024-07-20,40,0
Millpond,1.1.3,H305,3,1,1,,848,2/9/2026,500,12,60%,1241,1.46,1002,1.18,2025-12-04,2026-04-17,135,68
Millpond,1.1.3,E305,3,1,1,,848,8/24/2023,,,60%,1425,1.68,1425,1.68,2023-06-22,2023-07-09,18,0
Millpond,1.1.3,E305,3,1,1,,848,10/4/2024,500,12,60%,1254,1.48,1216,1.43,2024-07-30,2025-03-21,235,169
Millpond,1.1.3,D205,2,1,1,,848,8/14/2024,500,12,60%,1335,1.57,1232,1.45,2024-06-10,2024-09-24,107,42
Millpond,1.1.3,D205,2,1,1,,848,11/6/2025,500,12,60%,1254,1.48,1014,1.2,2025-09-04,2025-12-21,109,46
Millpond,1.1.3,L303,3,1,1,,848,11/14/2023,,,60%,1320,1.56,1210,1.43,2023-10-15,2023-11-22,39,9
Millpond,1.1.3,L303,3,1,1,,848,8/8/2025,500,13,60%,1261,1.49,1037,1.22,2025-06-03,2026-03-31,302,236
Millpond,1.1.3,D203,2,1,1,,848,7/13/2024,500,13,60%,1260,1.49,1126,1.33,2024-04-11,2024-07-20,101,8
Millpond,1.1.3,D203,2,1,1,,848,7/23/2025,500,12,60%,1348,1.59,1192,1.41,2025-07-18,2025-09-09,54,49
Millpond,1.1.3,D203,2,1,1,,848,4/28/2026,500,15,60%,1296,1.53,1136,1.34,2026-04-28,2026-06-20,54,54
Millpond,1.1.3,C303,3,1,1,,848,12/30/2023,,,60%,1370,1.62,1370,1.62,2023-10-26,2024-01-08,75,10
Millpond,1.1.3,C303,3,1,1,,848,6/1/2024,500,14,60%,1304,1.54,1218,1.44,2024-05-23,2024-06-22,31,22
Millpond,1.1.3,C303,3,1,1,,848,12/14/2024,500,13,60%,1365,1.61,1272,1.5,2024-11-20,2024-12-05,16,0
Millpond,1.1.3,C303,3,1,1,,848,9/5/2025,500,12,60%,1284,1.51,1038,1.22,2025-07-04,2025-12-21,171,108
Millpond,1.1.3,H205,2,1,1,,848,4/15/2025,500,12,60%,1299,1.53,1299,1.53,2025-01-30,2025-05-05,96,21
Millpond,1.1.3,H205,2,1,1,,848,5/12/2026,500,14,60%,1290,1.52,1120,1.32,2026-04-07,2026-06-27,82,47
Millpond,1.1.3,L205,2,1,1,,848,8/18/2023,,,60%,1495,1.76,1495,1.76,2023-08-13,2023-09-01,20,15
Millpond,1.1.3,L205,2,1,1,,848,2/13/2026,500,13,60%,1299,1.53,1068,1.26,2025-12-17,2026-03-23,97,39
Millpond,1.1.3,K305,3,1,1,,848,1/6/2025,500,15,60%,1299,1.53,1299,1.53,2024-11-02,2025-04-24,174,109
Millpond,1.1.3,H303,3,1,1,,848,1/5/2025,500,15,60%,1299,1.53,1299,1.53,2024-10-29,2025-04-27,181,113
Millpond,1.1.3,K203,2,1,1,,848,4/16/2024,500,12,60%,1214,1.43,1113,1.31,2024-02-06,2024-05-21,106,36
Millpond,1.1.3,K203,2,1,1,,848,7/2/2025,500,12,60%,1304,1.54,1153,1.36,2025-05-09,2025-09-20,135,81
Millpond,1.1.3,E303,3,1,1,,848,9/10/2024,500,14,60%,1254,1.48,1248,1.47,2024-07-02,2025-02-27,241,171
Millpond,1.1.3,E303,3,1,1,,848,4/21/2026,500,12,60%,1321,1.56,1067,1.26,2026-02-12,2026-04-21,69,1
Millpond,1.1.3,C203,2,1,1,,848,6/16/2024,500,12,60%,1480,1.75,1397,1.65,2024-04-10,2024-04-20,11,0
Millpond,1.1.3,C203,2,1,1,,848,5/18/2025,500,12,60%,1323,1.56,1213,1.43,2025-03-03,2025-05-31,90,14
Millpond,1.1.3,C203,2,1,1,,848,9/7/2026,500,12,60%,1322,1.56,1220,1.44,2026-07-01,,13,0
Millpond,1.1.3,B205,2,1,1,,848,6/17/2023,,,60%,1375,1.62,1375,1.62,,2023-06-26,,
Millpond,1.1.3,B205,2,1,1,,848,9/2/2025,500,12,60%,1303,1.54,1303,1.54,2025-05-23,2025-06-14,23,0
Millpond,1.1.3,B205,2,1,1,,848,5/8/2026,500,12,60%,1322,1.56,1118,1.32,2026-03-06,2026-05-11,67,4
Millpond,1.1.3,C205,2,1,1,,848,8/9/2025,500,12,60%,1323,1.56,1323,1.56,2025-05-28,2025-06-17,21,0
Millpond,1.1.3,D303,3,1,1,,848,8/30/2023,,,60%,1395,1.65,1395,1.65,2023-07-09,2023-07-18,10,0
Millpond,1.1.3,D303,3,1,1,,848,7/8/2025,500,12,60%,1324,1.56,1171,1.38,2025-06-16,2025-09-17,94,72
Millpond,1.1.3,G205,2,1,1,,848,4/7/2024,500,12,60%,1214,1.43,1113,1.31,2024-02-01,2024-05-21,111,45
Millpond,1.1.3,G205,2,1,1,,848,12/9/2025,500,13,60%,1304,1.54,1304,1.54,2025-06-21,2025-10-15,117,0
Millpond,1.1.3,G205,2,1,1,,848,8/6/2026,500,15,60%,1325,1.56,1243,1.47,2026-05-30,,45,0
Millpond,1.1.3,F303,3,1,1,,848,6/18/2024,500,12,60%,1355,1.6,1242,1.46,2024-04-18,2024-05-07,20,0
Millpond,1.1.3,F303,3,1,1,,848,Now,500,15,60%,1325,1.56,1243,1.47,2026-05-30,,45,2
Millpond,1.1.3,F205,2,1,1,,848,Now,500,14,60%,1361,1.6,1271,1.5,2026-01-22,,173,80
Millpond,1.1.3,E205,2,1,1,,848,3/15/2025,500,13,60%,1258,1.48,1175,1.39,2025-01-07,2025-04-05,89,22
Millpond,1.1.3,E205,2,1,1,,848,8/4/2026,500,15,60%,1346,1.59,1263,1.49,2026-05-30,,45,0
Millpond,1.1.3,G305,3,1,1,,848,8/10/2024,500,12,60%,1408,1.66,1300,1.53,2024-06-03,2024-07-03,31,0
Millpond,1.1.3,B303,3,1,1,,848,3/8/2024,,,60%,1280,1.51,1101,1.3,2023-09-01,2023-11-10,71,0
Millpond,1.1.3,F305,3,1,1,,848,1/9/2024,,,60%,1320,1.56,1210,1.43,2023-11-22,2023-12-03,12,0
Millpond,1.1.3,L305,3,1,1,,848,11/11/2023,,,60%,1345,1.59,1233,1.45,2023-10-10,2023-11-24,46,14
Millpond,,1.1.1,1,1,1,,1126,1/26/2024,,,80%,1443,1.28,1323,1.17,2024-01-26,2024-01-27,2,2
Millpond,1.1.1,F107,1,1,1,,1126,12/14/2023,,,80%,1443,1.28,1323,1.17,2023-10-07,2024-02-01,118,50
Millpond,2.2.3,K308,3,2,2,,1012,4/18/2026,500,12,50%,1312,1.3,1059,1.05,2026-02-09,2026-04-13,64,0
Millpond,2.2.3,L308,3,2,2,,1012,11/9/2023,,,50%,1575,1.56,1575,1.56,2023-08-10,2024-01-11,155,64
Millpond,2.2.3,L308,3,2,2,,1012,12/5/2024,500,12,50%,1403,1.39,1295,1.28,2024-10-04,2024-12-04,62,0
Millpond,2.2.3,L308,3,2,2,,1012,4/26/2026,500,12,50%,1332,1.32,1076,1.06,2026-02-21,2026-04-14,53,0
Millpond,2.2.3,C302,3,2,2,,1012,12/27/2023,,,50%,1298,1.28,1190,1.18,2023-10-31,2024-02-01,94,37
Millpond,2.2.3,C302,3,2,2,,1012,3/4/2026,500,12,50%,1332,1.32,1076,1.06,2025-11-17,2026-04-14,149,42
Millpond,2.2.3,E308,3,2,2,,1012,11/16/2024,500,12,60%,1379,1.36,1264,1.25,2024-11-11,2025-01-12,63,58
Millpond,2.2.3,E308,3,2,2,,1012,4/22/2026,500,12,60%,1340,1.32,1082,1.07,2026-02-21,2026-04-11,50,0
Millpond,2.2.3,F308,3,2,2,,1012,10/28/2024,500,12,60%,1383,1.37,1300,1.28,2024-08-22,2024-12-10,111,44
Millpond,2.2.3,F308,3,2,2,,1012,12/28/2025,500,12,60%,1340,1.32,1082,1.07,2025-11-09,2026-04-07,150,101
Millpond,2.2.3,J302,3,2,2,,1012,2/15/2024,,,60%,1299,1.28,1191,1.18,2023-12-21,2024-02-04,46,0
Millpond,2.2.3,J302,3,2,2,,1012,2/22/2025,500,12,60%,1354,1.34,1241,1.23,2024-12-13,2025-01-11,30,0
Millpond,2.2.3,D308,3,2,2,,1012,6/17/2023,,,60%,1529,1.51,1529,1.51,,2023-06-26,,
Millpond,2.2.3,D308,3,2,2,,1012,2/1/2025,500,13,60%,1373,1.36,1300,1.28,2024-06-25,2025-03-11,260,39
Millpond,2.2.3,D302,3,2,2,,1012,9/4/2024,500,12,60%,1383,1.37,1268,1.25,2024-07-08,2024-11-05,121,63
Millpond,2.2.3,L302,3,2,2,,1012,11/4/2024,500,12,60%,1373,1.36,1238,1.22,2024-09-01,2024-11-26,87,23
Millpond,2.2.3,L302,3,2,2,,1012,6/8/2026,500,15,60%,1405,1.39,1405,1.39,2026-05-13,2026-07-01,50,24
Millpond,2.2.3,A310,3,2,2,,1012,8/22/2024,500,12,60%,1480,1.46,1366,1.35,2024-06-18,2024-08-24,68,3
Millpond,2.2.3,A310,3,2,2,,1012,3/18/2025,500,13,60%,1393,1.38,1323,1.31,2025-03-04,2025-03-12,9,0
Millpond,2.2.3,A310,3,2,2,,1012,4/25/2026,500,12,60%,1445,1.43,1223,1.21,2026-01-09,2026-05-11,123,17
Millpond,2.2.3,K302,3,2,2,,1012,6/4/2025,500,12,60%,1459,1.44,1459,1.44,2025-03-29,2025-04-06,9,0
Millpond,2.2.3,G308,3,2,2,,1012,6/1/2024,500,12,60%,1418,1.4,1254,1.24,2024-03-26,2024-07-15,112,45
Millpond,2.2.3,G308,3,2,2,,1012,8/10/2026,500,12,60%,1468,1.45,1355,1.34,2026-06-03,,41,0
Millpond,2.2.3,H302,3,2,2,,1012,9/16/2026,500,13,60%,1468,1.45,1364,1.35,2026-07-02,,12,0
Millpond,2.2.3,A308,3,2,2,,1012,9/7/2023,,,60%,1655,1.64,1655,1.64,2023-07-02,2023-09-07,68,1
Millpond,2.2.3,A308,3,2,2,,1012,8/11/2025,500,12,60%,1479,1.46,1365,1.35,2025-07-18,2025-08-24,38,14
Millpond,2.2.3,A308,3,2,2,,1012,9/30/2026,500,13,60%,1468,1.45,1364,1.35,2026-07-10,,4,0
Millpond,2.2.3,E302,3,2,2,,1012,6/19/2024,500,12,60%,1418,1.4,1254,1.24,2024-04-13,2024-07-13,92,25
Millpond,2.2.3,E302,3,2,2,,1012,8/4/2025,500,12,60%,1479,1.46,1365,1.35,2025-05-21,2025-08-28,100,25
Millpond,2.2.3,H308,3,2,2,,1012,8/8/2025,500,12,60%,1479,1.46,1308,1.29,2025-06-12,2025-07-30,49,0
Millpond,2.2.3,G302,3,2,2,,1012,6/4/2024,500,12,60%,1337,1.32,1226,1.21,2024-04-05,2024-05-20,46,0
Millpond,2.2.3,G302,3,2,2,,1012,6/16/2026,500,12,60%,1488,1.47,1488,1.47,2026-05-13,2026-05-18,6,0
Millpond,2.2.3,F302,3,2,2,,1012,10/31/2024,500,12,60%,1383,1.37,1307,1.29,2024-09-25,2024-12-12,79,43
Millpond,2.2.3,F302,3,2,2,,1012,Now,500,13,60%,1498,1.48,1392,1.38,2026-06-16,,28,28
Millpond,2.2.3,B302,3,2,2,,1012,2/17/2024,,,60%,1468,1.45,1346,1.33,2024-02-02,2024-02-08,7,0
Millpond,,2.2.3,2,2,2,,1012,1/26/2024,,,60%,1492,1.47,1368,1.35,2024-01-26,2024-01-27,2,2
Millpond,2.2.3,A302,3,2,2,,1012,9/1/2023,,,60%,1529,1.51,1529,1.51,2023-07-27,2023-07-28,2,0
Millpond,2.2.3,B308,3,2,2,,1012,11/3/2023,,,80%,1655,1.64,1447,1.43,2023-09-12,2023-10-24,43,0
Millpond,2.2.4,J304,3,2,2,,1033,3/2/2024,500,12,50%,1546,1.5,1417,1.37,2023-12-13,2024-02-22,72,0
Millpond,2.2.4,J304,3,2,2,,1033,6/20/2025,500,14,50%,1503,1.45,1354,1.31,2025-06-16,2025-09-03,80,76
Millpond,2.2.4,J304,3,2,2,,1033,4/7/2026,500,12,50%,1326,1.28,1071,1.04,2026-03-17,2026-04-21,36,15
Millpond,2.2.4,F304,3,2,2,,1033,8/8/2023,,,50%,1330,1.29,1152,1.12,2023-08-08,2023-11-12,97,97
Millpond,2.2.4,F304,3,2,2,,1033,2/9/2026,500,12,50%,1326,1.28,1071,1.04,2025-12-04,2026-04-21,139,72
Millpond,2.2.4,E304,3,2,2,,1033,1/21/2026,500,12,50%,1326,1.28,1071,1.04,2025-09-29,2026-04-16,200,86
Millpond,2.2.4,H306,3,2,2,,1033,1/14/2025,500,12,60%,1346,1.3,1087,1.05,2024-10-23,2026-04-16,541,458
Millpond,2.2.4,C306,3,2,2,,1033,11/18/2024,500,13,60%,1419,1.37,1293,1.25,2024-10-23,2025-01-25,95,69
Millpond,2.2.4,C306,3,2,2,,1033,3/4/2026,500,12,60%,1346,1.3,1087,1.05,2025-12-09,2026-04-19,132,47
Millpond,2.2.4,A304,3,2,2,,1033,6/17/2023,,,60%,1655,1.6,1528,1.48,,2023-07-07,,
Millpond,2.2.4,A304,3,2,2,,1033,1/28/2025,500,12,60%,1399,1.35,1303,1.26,2024-11-27,2025-02-04,70,8
Millpond,2.2.4,A304,3,2,2,,1033,3/24/2026,500,12,60%,1360,1.32,1098,1.06,2026-01-30,2026-04-09,70,17
Millpond,2.2.4,K306,3,2,2,,1033,6/26/2023,,,60%,1360,1.32,1174,1.14,2023-06-26,2023-11-11,139,139
Millpond,2.2.4,K306,3,2,2,,1033,12/28/2024,500,12,60%,1399,1.35,1299,1.26,2024-10-23,2025-02-03,104,38
Millpond,2.2.4,B304,3,2,2,,1033,9/2/2023,,,60%,1330,1.29,1152,1.12,2023-09-02,2023-11-12,72,72
Millpond,2.2.4,B304,3,2,2,,1033,12/23/2024,500,12,60%,1403,1.36,1169,1.13,2024-10-03,2024-11-07,36,0
Millpond,2.2.4,D306,3,2,2,,1033,5/19/2025,500,12,60%,1499,1.45,1326,1.28,2025-05-12,2025-08-08,89,82
Millpond,2.2.4,D306,3,2,2,,1033,8/22/2026,500,12,60%,1417,1.37,1308,1.27,2026-06-16,2026-07-09,24,0
Millpond,2.2.4,K304,3,2,2,,1033,6/17/2023,,,60%,1655,1.6,1528,1.48,,2023-07-22,,
Millpond,2.2.4,K304,3,2,2,,1033,12/9/2024,500,12,60%,1399,1.35,1238,1.2,2024-11-27,2025-01-18,53,41
Millpond,2.2.4,K304,3,2,2,,1033,8/8/2026,500,12,60%,1417,1.37,1308,1.27,2026-05-30,2026-07-03,35,0
Millpond,2.2.4,E306,3,2,2,,1033,7/7/2023,,,60%,1330,1.29,1148,1.11,2023-07-07,2023-11-11,128,128
Millpond,2.2.4,E306,3,2,2,,1033,1/22/2025,500,14,60%,1420,1.37,1390,1.35,2024-11-11,2025-02-20,102,30
Millpond,2.2.4,H304,3,2,2,,1033,4/11/2024,500,12,60%,1377,1.33,1262,1.22,2024-02-06,2024-05-21,106,41
Millpond,2.2.4,H304,3,2,2,,1033,12/28/2024,500,15,60%,1525,1.48,1525,1.48,2024-10-23,2025-04-22,182,116
Millpond,2.2.4,H304,3,2,2,,1033,8/1/2026,500,13,60%,1437,1.39,1335,1.29,2026-05-07,2026-07-07,62,0
Millpond,2.2.4,G304,3,2,2,,1033,5/25/2024,500,13,60%,1357,1.31,1253,1.21,2024-03-30,2024-05-21,53,0
Millpond,2.2.4,G304,3,2,2,,1033,7/8/2026,500,13,60%,1446,1.4,1343,1.3,2026-06-24,2026-07-07,14,0
Millpond,2.2.4,F306,3,2,2,,1033,5/3/2026,500,12,60%,1445,1.4,1223,1.18,2026-02-25,2026-05-14,79,12
Millpond,2.2.4,L304,3,2,2,,1033,7/22/2023,,,60%,1380,1.34,1195,1.16,2023-07-22,2023-11-12,114,114
Millpond,2.2.4,L304,3,2,2,,1033,12/22/2024,500,14,60%,1440,1.39,1413,1.37,2024-10-10,2025-02-21,135,62
Millpond,2.2.4,L304,3,2,2,,1033,5/15/2026,500,13,60%,1465,1.42,1257,1.22,2026-01-29,2026-05-13,105,0
Millpond,2.2.4,C304,3,2,2,,1033,3/5/2024,500,12,60%,1566,1.52,1436,1.39,2023-12-09,2024-02-27,81,0
Millpond,2.2.4,C304,3,2,2,,1033,6/22/2025,500,13,60%,1499,1.45,1286,1.24,2025-04-05,2025-10-23,202,124
Millpond,2.2.4,B306,3,2,2,,1033,10/1/2025,500,13,60%,1499,1.45,1286,1.24,2025-04-05,2025-10-10,189,10
Millpond,2.2.4,D304,3,2,2,,1033,8/6/2024,500,12,60%,1480,1.43,1366,1.32,2024-06-05,2024-08-25,82,20
Millpond,2.2.4,D304,3,2,2,,1033,9/6/2025,500,12,60%,1499,1.45,1326,1.28,2025-06-26,2025-07-24,29,0
Millpond,2.2.4,G306,3,2,2,,1033,6/17/2023,,,60%,1670,1.62,1477,1.43,,2023-09-23,,
Millpond,2.2.4,G306,3,2,2,,1033,11/8/2024,500,13,60%,1393,1.35,1330,1.29,2024-10-23,2025-03-14,143,127
Millpond,2.2.4,G306,3,2,2,,1033,4/24/2026,500,14,60%,1512,1.46,1312,1.27,2026-01-29,2026-06-16,139,54
Millpond,2.2.4,L306,3,2,2,,1033,8/2/2024,500,14,60%,1423,1.38,1333,1.29,2024-07-30,2024-12-05,129,126
Millpond,2.2.4,L306,3,2,2,,1033,11/18/2025,500,12,60%,1554,1.5,1248,1.21,2025-09-19,2025-12-19,92,32
Millpond,,2.2.4,2,2,2,,1033,1/26/2024,,,60%,1547,1.5,1418,1.37,2024-01-26,2024-01-27,2,2
Millpond,2.2.1,B208,2,2,2,,1078,7/29/2023,,,60%,1675,1.55,1675,1.55,2023-07-26,2023-08-01,7,4
Millpond,2.2.1,B208,2,2,2,,1078,6/12/2024,500,12,60%,1614,1.5,1480,1.37,2024-04-06,2024-05-22,47,0
Millpond,2.2.1,B208,2,2,2,,1078,7/5/2026,500,11,60%,1544,1.43,1544,1.43,2026-05-01,2026-05-19,19,0
Millpond,2.2.1,B202,2,2,2,,1078,6/3/2024,500,,60%,1650,1.53,1459,1.35,2024-03-12,2024-06-13,94,11
Millpond,2.2.1,B202,2,2,2,,1078,8/1/2025,500,12,60%,1544,1.43,1415,1.31,2025-05-23,2025-06-21,30,0
Millpond,2.2.1,C202,2,2,2,,1078,6/28/2025,500,12,60%,1564,1.45,1564,1.45,2025-04-24,2025-06-01,39,0
Millpond,2.2.1,F202,2,2,2,,1078,7/9/2025,500,13,60%,1572,1.46,1404,1.3,2025-06-28,2025-07-15,18,7
Millpond,2.2.1,E202,2,2,2,,1078,10/26/2023,500,12,60%,1634,1.52,1634,1.52,2023-08-23,2024-03-16,207,143
Millpond,2.2.1,E202,2,2,2,,1078,Now,500,13,60%,1590,1.47,1477,1.37,2026-03-10,,126,110
Millpond,2.2.1,K208,2,2,2,,1078,5/11/2024,500,12,60%,1689,1.57,1548,1.44,2024-02-11,2024-05-23,103,13
Millpond,2.2.1,K208,2,2,2,,1078,Now,500,13,60%,1590,1.47,1477,1.37,2026-06-02,,42,37
Millpond,2.2.1,F208,2,2,2,,1078,6/23/2023,,,60%,1720,1.6,1588,1.47,,2023-09-03,,
Millpond,2.2.1,F208,2,2,2,,1078,10/11/2024,500,12,60%,1569,1.46,1427,1.32,2024-08-05,2024-11-29,117,50
Millpond,2.2.1,F208,2,2,2,,1078,Now,500,13,60%,1590,1.47,1477,1.37,2026-01-06,,189,174
Millpond,2.2.1,L208,2,2,2,,1078,6/17/2023,,,60%,1740,1.61,1606,1.49,,2023-08-13,,
Millpond,2.2.1,L208,2,2,2,,1078,7/16/2024,500,12,60%,1668,1.55,1540,1.43,2024-07-10,2024-09-01,54,48
Millpond,2.2.1,L208,2,2,2,,1078,10/5/2025,500,13,60%,1684,1.56,1684,1.56,2025-07-31,2025-09-08,40,0
Millpond,2.2.1,L208,2,2,2,,1078,1/21/2026,500,13,60%,1602,1.49,1488,1.38,2026-01-13,2026-07-03,172,164
Millpond,2.2.1,C208,2,2,2,,1078,11/9/2023,,,80%,1622,1.5,1487,1.38,2023-11-02,2023-12-11,40,33
Millpond,2.2.1,C208,2,2,2,,1078,Now,500,13,80%,1610,1.49,1496,1.39,2026-04-17,,88,36
Millpond,2.2.1,L202,2,2,2,,1078,5/30/2025,500,14,80%,1590,1.47,1476,1.37,2025-03-03,2025-06-28,118,30
Millpond,2.2.1,L202,2,2,2,,1078,3/16/2026,500,12,80%,1619,1.5,1370,1.27,2026-02-17,2026-05-11,84,57
Millpond,2.2.1,D202,2,2,2,,1078,8/9/2023,,,80%,1675,1.55,1675,1.55,2023-08-01,2023-08-02,2,0
Millpond,2.2.1,D202,2,2,2,,1078,10/19/2024,500,12,80%,1648,1.53,1521,1.41,2024-07-15,2024-08-26,43,0
Millpond,2.2.1,H208,2,2,2,,1078,9/2/2023,,,80%,1720,1.6,1616,1.5,2023-09-02,2023-10-10,39,39
Millpond,2.2.1,H208,2,2,2,,1078,5/11/2024,500,13,80%,1642,1.52,1525,1.41,2024-05-06,2024-06-29,55,50
Millpond,2.2.1,H208,2,2,2,,1078,9/6/2025,500,14,80%,1664,1.54,1444,1.34,2025-07-18,2025-10-01,76,26
Millpond,2.2.1,D208,2,2,2,,1078,6/17/2023,,,80%,1720,1.6,1569,1.46,,2023-09-30,,
Millpond,2.2.1,D208,2,2,2,,1078,1/8/2025,500,12,80%,1544,1.43,1544,1.43,2024-11-27,2025-06-05,191,149
Millpond,2.2.1,D208,2,2,2,,1078,12/5/2025,500,12,80%,1755,1.63,1417,1.31,2025-11-13,2026-01-17,66,44
Millpond,2.2.8,A202,2,2,2,,1084,6/17/2023,,,60%,1675,1.55,1546,1.43,,2023-07-07,,
Millpond,2.2.8,A202,2,2,2,,1084,12/26/2023,500,13,60%,1647,1.52,1471,1.36,2023-12-19,2024-06-13,178,171
Millpond,2.2.8,A202,2,2,2,,1084,9/23/2025,500,12,60%,1549,1.43,1549,1.43,2025-07-22,2025-08-01,11,0
Millpond,2.2.8,J202,2,2,2,,1084,7/11/2023,,,60%,1675,1.55,1546,1.43,2023-06-28,2023-07-20,23,10
Millpond,2.2.8,J202,2,2,2,,1084,12/19/2023,500,12,60%,1637,1.51,1501,1.38,2023-12-13,2024-02-24,74,68
Millpond,2.2.8,J202,2,2,2,,1084,9/19/2024,500,13,60%,1577,1.45,1409,1.3,2024-07-14,2025-07-16,368,301
Millpond,2.2.8,J202,2,2,2,,1084,10/1/2026,500,13,60%,1563,1.44,1452,1.34,2026-07-10,,4,0
Millpond,2.2.8,A208,2,2,2,,1084,9/22/2024,500,12,60%,1564,1.44,1434,1.32,2024-08-05,2025-01-09,158,110
Millpond,2.2.8,A210,2,2,2,,1084,7/22/2023,,,60%,1578,1.46,1446,1.33,2023-07-08,2023-11-28,144,130
Millpond,2.2.8,A210,2,2,2,,1084,8/6/2025,500,12,60%,1569,1.45,1388,1.28,2025-05-14,2025-07-24,72,0
Millpond,2.2.7,A307,3,2,2,,1094,8/31/2023,,,60%,1655,1.51,1655,1.51,2023-07-11,2023-08-05,26,0
Millpond,2.2.7,A307,3,2,2,,1094,5/14/2024,500,12,60%,1417,1.3,1299,1.19,2024-03-13,2024-05-21,70,8
Millpond,2.2.7,J203,2,2,2,,1094,4/7/2025,500,12,60%,1423,1.3,1419,1.3,2025-01-14,2025-02-28,46,0
Millpond,2.2.7,A305,3,2,2,,1094,5/10/2024,500,12,60%,1417,1.3,1299,1.19,2024-02-28,2024-05-23,86,14
Millpond,2.2.7,A305,3,2,2,,1094,2/26/2025,500,14,60%,1453,1.33,1422,1.3,2024-12-10,2025-03-23,104,26
Millpond,2.2.7,A309,3,2,2,,1094,7/11/2023,,,60%,1735,1.59,1735,1.59,,2023-09-15,,
Millpond,2.2.7,A309,3,2,2,,1094,11/30/2024,500,12,60%,1484,1.36,1415,1.29,2024-10-18,2024-12-15,59,16
Millpond,2.2.7,A303,3,2,2,,1094,5/19/2024,500,12,60%,1489,1.36,1365,1.25,2024-03-13,2024-05-17,66,0
Millpond,2.2.7,A301,3,2,2,,1094,11/8/2024,500,13,60%,1509,1.38,1375,1.26,2024-08-09,2025-01-25,170,79
Millpond,2.2.7,A203,2,2,2,,1094,10/4/2024,500,12,60%,1463,1.34,1311,1.2,2024-09-26,2024-11-24,60,52
Millpond,2.2.7,A203,2,2,2,,1094,12/4/2025,500,12,60%,1517,1.39,1225,1.12,2025-09-29,2026-02-18,143,77
Millpond,2.2.7,A205,2,2,2,,1094,6/28/2025,500,12,60%,1539,1.41,1324,1.21,2025-04-05,2025-04-10,6,0
Millpond,2.2.7,J301,3,2,2,,1094,2/1/2024,500,12,60%,1407,1.29,1290,1.18,2023-11-26,2024-05-22,179,112
Millpond,2.2.7,J301,3,2,2,,1094,7/6/2025,500,12,60%,1549,1.42,1370,1.25,2025-05-14,2025-08-17,96,43
Millpond,2.2.7,J303,3,2,2,,1094,7/22/2023,,,60%,1625,1.49,1500,1.37,2023-07-06,2023-07-12,7,0
Millpond,2.2.7,J303,3,2,2,,1094,7/5/2026,500,14,60%,1550,1.42,1550,1.42,2026-05-13,2026-06-17,36,0
Millpond,2.2.7,A209,2,2,2,,1094,8/8/2024,500,12,60%,1437,1.31,1317,1.2,2024-05-09,2024-05-23,15,0
Millpond,2.2.7,A209,2,2,2,,1094,8/25/2025,500,12,60%,1579,1.44,1397,1.28,2025-06-21,2025-08-12,53,0
Millpond,2.2.7,A209,2,2,2,,1094,9/20/2026,500,13,60%,1568,1.43,1457,1.33,2026-07-10,,4,0
Millpond,,2.2.7,2,2,2,,1094,1/26/2024,,,60%,1597,1.46,1464,1.34,2024-01-26,2024-01-27,2,2
Millpond,2.2.7,A207,2,2,2,,1094,6/17/2023,,,80%,1625,1.49,1500,1.37,,2023-07-11,,
Millpond,2.2.7,A201,2,2,2,,1094,9/16/2023,,,80%,1705,1.56,1705,1.56,2023-07-12,2023-09-15,66,0
Millpond,2.2.2,F204,2,2,2,,1099,1/20/2024,,,60%,1581,1.44,1449,1.32,2023-08-16,2023-12-06,113,0
Millpond,2.2.2,F204,2,2,2,,1099,5/21/2026,500,12,60%,1557,1.42,1317,1.2,2026-02-27,2026-06-12,106,23
Millpond,2.2.2,G204,2,2,2,,1099,7/8/2023,,,60%,1675,1.52,1675,1.52,,2023-07-01,,
Millpond,2.2.2,G204,2,2,2,,1099,2/13/2026,500,14,60%,1579,1.44,1371,1.25,2025-11-29,2026-06-24,208,132
Millpond,2.2.2,K204,2,2,2,,1099,12/27/2023,,,60%,1581,1.44,1449,1.32,2023-10-21,2023-12-30,71,4
Millpond,2.2.2,K204,2,2,2,,1099,7/13/2024,500,12,60%,1643,1.49,1453,1.32,2024-05-30,2024-07-19,51,7
Millpond,2.2.2,K204,2,2,2,,1099,8/7/2026,500,12,60%,1578,1.44,1457,1.33,2026-06-02,,42,0
Millpond,2.2.2,E206,2,2,2,,1099,7/19/2024,500,12,60%,1728,1.57,1595,1.45,2024-04-05,2024-07-02,89,0
Millpond,2.2.2,E206,2,2,2,,1099,6/20/2025,500,12,60%,1564,1.42,1434,1.3,2025-04-26,2025-06-26,62,7
Millpond,2.2.2,E206,2,2,2,,1099,8/9/2026,500,12,60%,1578,1.44,1457,1.33,2026-06-03,,41,0
Millpond,2.2.2,C206,2,2,2,,1099,11/30/2024,500,12,60%,1584,1.44,1452,1.32,2024-09-25,2025-07-06,285,219
Millpond,2.2.2,L206,2,2,2,,1099,8/24/2024,500,12,60%,1609,1.46,1475,1.34,2024-05-06,2024-10-26,174,64
Millpond,2.2.2,L206,2,2,2,,1099,8/17/2025,500,12,60%,1584,1.44,1452,1.32,2025-06-08,2025-06-24,17,0
Millpond,2.2.2,D206,2,2,2,,1099,8/18/2024,500,14,60%,1589,1.45,1488,1.35,2024-06-18,2024-12-05,171,110
Millpond,2.2.2,L204,2,2,2,,1099,5/10/2024,500,13,60%,1682,1.53,1503,1.37,2024-03-05,2024-06-09,97,31
Millpond,2.2.2,L204,2,2,2,,1099,7/26/2025,500,12,60%,1584,1.44,1452,1.32,2025-05-21,2025-06-22,33,0
Millpond,2.2.2,L204,2,2,2,,1099,8/8/2026,500,12,60%,1598,1.45,1475,1.34,2026-06-02,,42,0
Millpond,2.2.2,F206,2,2,2,,1099,3/17/2024,,,80%,1581,1.44,1581,1.44,2024-01-10,2024-01-12,3,0
Millpond,2.2.2,F206,2,2,2,,1099,5/11/2025,500,12,80%,1604,1.46,1419,1.29,2025-02-04,2025-08-16,194,98
Millpond,2.2.2,C204,2,2,2,,1099,9/21/2024,500,12,80%,1886,1.72,1668,1.52,2024-07-03,2024-07-10,8,0
Millpond,2.2.2,C204,2,2,2,,1099,9/21/2025,500,12,80%,1699,1.55,1699,1.55,2025-09-15,2025-10-26,42,36
Millpond,2.2.2,C204,2,2,2,,1099,Now,500,13,80%,1631,1.48,1515,1.38,2026-04-29,,76,36
Millpond,2.2.2,B204,2,2,2,,1099,8/6/2024,500,12,80%,1677,1.53,1677,1.53,2024-05-31,2024-10-03,126,59
Millpond,2.2.2,B204,2,2,2,,1099,10/23/2025,500,13,80%,1684,1.53,1684,1.53,2025-08-07,2025-09-03,28,0
Millpond,2.2.5,J101,1,2,2,,1108,10/23/2023,500,12,60%,1661,1.5,1523,1.37,2023-08-16,2024-02-22,191,123
Millpond,2.2.5,J101,1,2,2,,1108,9/30/2024,500,12,60%,1534,1.38,1362,1.23,2024-07-24,2025-01-19,180,112
Millpond,2.2.5,J101,1,2,2,,1108,9/16/2025,500,12,60%,1539,1.39,1539,1.39,2025-07-22,2025-08-01,11,0
Millpond,2.2.5,A107,1,2,2,,1108,3/14/2024,500,12,60%,1785,1.61,1785,1.61,2024-01-06,2024-04-05,91,23
Millpond,2.2.5,A107,1,2,2,,1108,6/20/2025,500,12,60%,1549,1.4,1549,1.4,2025-04-26,2025-06-12,48,0
Millpond,2.2.5,A101,1,2,2,,1108,4/23/2024,500,12,60%,1758,1.59,1758,1.59,2024-02-20,2024-03-03,13,0
Millpond,2.2.5,A101,1,2,2,,1108,4/29/2025,500,13,60%,1594,1.44,1534,1.38,2025-03-05,2025-03-17,13,0
Millpond,2.2.5,A101,1,2,2,,1108,5/6/2026,500,12,60%,1562,1.41,1322,1.19,2026-03-26,2026-06-08,75,34
Millpond,2.2.5,A109,1,2,2,,1108,4/24/2024,500,12,60%,1758,1.59,1758,1.59,2024-02-07,2024-03-03,26,0
Millpond,2.2.5,A109,1,2,2,,1108,11/30/2024,500,12,60%,1569,1.42,1569,1.42,2024-10-29,2025-06-16,231,199
Millpond,2.2.5,A109,1,2,2,,1108,8/25/2026,500,12,60%,1583,1.43,1461,1.32,2026-06-10,,34,0
Millpond,2.2.9,A204,2,2,2,,1108,8/22/2023,,,80%,1790,1.62,1790,1.62,2023-07-28,2023-09-11,46,21
Millpond,2.2.9,A204,2,2,2,,1108,11/28/2024,500,13,80%,1602,1.45,1431,1.29,2024-09-21,2025-07-19,302,234
Millpond,2.2.9,A204,2,2,2,,1108,4/13/2026,500,13,80%,1612,1.45,1497,1.35,2026-01-23,2026-07-04,163,83
Millpond,2.2.9,J204,2,2,2,,1108,7/31/2023,,,80%,1675,1.51,1546,1.4,,2023-07-17,,
Millpond,2.2.9,J204,2,2,2,,1108,9/11/2024,500,12,80%,1678,1.51,1549,1.4,2024-07-03,2024-08-31,60,0
Millpond,2.2.9,J204,2,2,2,,1108,9/18/2025,500,12,80%,1694,1.53,1433,1.29,2025-08-20,2025-10-05,47,18
Millpond,2.2.9,J204,2,2,2,,1108,5/27/2026,500,13,80%,1621,1.46,1506,1.36,2026-02-13,2026-07-09,147,44
Millpond,2.2.6,J103,1,2,2,,1110,8/11/2023,,,60%,1825,1.64,1685,1.52,2023-08-05,2023-09-05,32,26
Millpond,2.2.6,J103,1,2,2,,1110,11/25/2024,500,13,60%,1584,1.43,1536,1.38,2024-09-19,2024-12-20,93,26
Millpond,2.2.6,A105,1,2,2,,1110,1/8/2024,500,12,80%,1849,1.67,1695,1.53,2023-12-03,2024-02-29,89,53
Millpond,2.2.6,A105,1,2,2,,1110,3/24/2025,500,12,80%,1624,1.46,1489,1.34,2025-01-20,2025-05-07,108,45
Millpond,2.2.1,K202,2,2,2,,1406,4/18/2024,500,12,80%,1661,1.18,1523,1.08,2024-01-10,2024-02-27,49,0
Millpond,,2.2.1,2,2,2,,1406,1/26/2024,,,80%,1683,1.2,1543,1.1,2024-01-26,2024-01-27,2,2
Millpond,2.2.1,E208,2,2,2,,1406,9/16/2023,,,80%,1720,1.22,1456,1.04,2023-08-12,2023-11-05,86,51
Millpond,,2.2.8,2,2,2,,1413,1/26/2024,,,80%,1681,1.19,1541,1.09,2024-01-26,2024-01-27,2,2
Millpond,2.2.9,A206,2,2,2,,1425,7/8/2023,,,80%,1675,1.18,1546,1.08,2023-06-29,2023-07-23,25,16
Millpond,,2.2.5,2,2,2,,1456,1/26/2024,,,80%,1634,1.12,1498,1.03,2024-01-26,2024-01-27,2,2
Millpond,2.2.6,A103,1,2,2,,1484,7/15/2023,,,80%,1700,1.15,1569,1.06,2023-07-13,2023-07-16,4,2
Millpond,,2.2.6,2,2,2,,1484,1/26/2024,,,80%,1783,1.2,1634,1.1,2024-01-26,2024-01-27,2,2
Millpond,3.2.2,G105,1,3,2,,1246,6/3/2024,500,12,80%,2051,1.65,2051,1.65,2024-03-30,2024-04-03,5,0
Millpond,3.2.2,G105,1,3,2,,1246,Now,500,12,80%,1946,1.56,1796,1.44,2026-05-07,,68,36
Millpond,3.2.1,E103,1,3,2,,1247,10/23/2024,500,12,80%,1804,1.45,1596,1.28,2024-08-08,2025-04-26,262,186
Millpond,3.2.1,G103,1,3,2,,1247,8/25/2025,500,13,80%,1894,1.52,1692,1.36,2025-07-18,2025-07-26,9,0
Millpond,3.2.1,E105,1,3,2,,1247,8/22/2023,,,80%,2105,1.69,1862,1.49,2023-07-22,2023-09-26,67,36
Millpond,3.2.1,E105,1,3,2,,1247,12/7/2024,500,12,80%,1899,1.52,1899,1.52,2024-09-13,2025-06-12,273,188
Millpond,3.2.1,H103,1,3,2,,1247,9/8/2023,,,80%,2125,1.7,1917,1.54,2023-07-28,2023-10-19,84,42
Millpond,3.2.1,H103,1,3,2,,1247,6/8/2024,500,12,80%,1918,1.54,1666,1.34,2024-03-19,2025-04-13,391,310
Millpond,3.2.1,F105,1,3,2,,1247,5/5/2025,500,12,80%,1924,1.54,1702,1.36,2025-03-03,2025-07-13,133,70
Millpond,3.2.1,F103,1,3,2,,1247,1/10/2024,,,80%,1879,1.51,1722,1.38,2023-10-31,2024-02-02,95,24
Millpond,3.2.1,F103,1,3,2,,1247,6/21/2025,500,14,80%,1929,1.55,1738,1.39,2025-05-09,2025-07-18,71,28
Millpond,3.2.1,C105,1,3,2,,1247,8/20/2025,500,13,80%,1944,1.56,1794,1.44,2025-06-08,2025-06-21,14,0
Millpond,3.2.1,B105,1,3,2,,1247,11/23/2023,,,80%,2105,1.69,2105,1.69,,2023-11-09,,
Millpond,3.2.1,B105,1,3,2,,1247,11/23/2024,500,12,80%,1949,1.56,1787,1.43,2024-09-19,2024-10-29,41,0
Millpond,3.2.1,B105,1,3,2,,1247,1/18/2026,500,12,80%,2012,1.61,1625,1.3,2025-11-13,2026-04-05,144,78
Millpond,3.2.1,B103,1,3,2,,1247,11/24/2023,,,80%,1955,1.57,1792,1.44,2023-09-23,2023-11-21,60,0
Millpond,3.2.1,B103,1,3,2,,1247,6/3/2024,500,14,80%,1898,1.52,1849,1.48,2024-05-09,2024-12-21,227,202
Millpond,3.2.1,B103,1,3,2,,1247,12/27/2025,500,13,80%,2012,1.61,1655,1.33,2025-10-03,2026-03-16,165,80
Millpond,3.2.1,B103,1,3,2,,1247,Now,500,12,80%,2026,1.62,1870,1.5,2026-07-02,,12,5
Millpond,3.2.1,K105,1,3,2,,1247,5/23/2024,500,12,80%,1898,1.52,1740,1.4,2024-03-19,2025-01-16,304,239
Millpond,3.2.1,K105,1,3,2,,1247,3/2/2026,500,13,80%,2118,1.7,2118,1.7,2025-12-23,2026-01-13,22,0
Millpond,3.2.1,K105,1,3,2,,1247,4/18/2026,500,12,80%,2026,1.62,1714,1.37,2026-04-14,2026-06-17,65,61
Millpond,3.2.1,H105,1,3,2,,1247,8/31/2023,,,80%,2125,1.7,1880,1.51,,2023-09-23,,
Millpond,3.2.1,H105,1,3,2,,1247,12/17/2024,500,12,80%,1944,1.56,1720,1.38,2024-12-10,2025-07-15,218,211
Millpond,3.2.1,H105,1,3,2,,1247,8/23/2026,500,13,80%,2046,1.64,1901,1.52,2026-06-18,,26,0
Millpond,3.2.1,C103,1,3,2,,1247,1/5/2024,500,13,80%,2297,1.84,2220,1.78,2024-01-06,2024-04-20,106,106
Millpond,3.2.1,C103,1,3,2,,1247,7/3/2025,500,14,80%,1949,1.56,1756,1.41,2025-04-24,2025-07-17,85,15
Millpond,3.2.1,C103,1,3,2,,1247,8/30/2026,500,13,80%,2046,1.64,1901,1.52,2026-06-24,,20,0
Millpond,3.2.1,L103,1,3,2,,1247,1/14/2025,500,12,80%,1918,1.54,1813,1.45,2024-11-12,2025-03-12,121,58
Millpond,3.2.1,L103,1,3,2,,1247,2/10/2026,500,12,80%,2032,1.63,1641,1.32,2025-12-09,2026-02-13,67,4
Millpond,3.2.1,L103,1,3,2,,1247,6/13/2026,500,13,80%,2046,1.64,1755,1.41,2026-06-07,2026-06-24,18,12
Millpond,3.2.1,D105,1,3,2,,1247,12/4/2025,500,12,80%,2051,1.64,2051,1.64,2025-09-03,2025-11-02,61,0
Millpond,,3.2.1,2,3,2,,1595,1/26/2024,,,80%,1883,1.18,1726,1.08,2024-01-26,2024-01-27,2,2
Lehi Tech Apartments,Ada ADA,A-107,1,1,1,,700,3/15/2024,,12,50%,1100,1.57,1100,1.57,2024-03-15,2024-07-06,114,114
Lehi Tech Apartments,Ada,A-305,3,1,1,,700,5/29/2024,,12,50%,1129,1.61,1129,1.61,2024-05-06,2024-06-22,48,25
Lehi Tech Apartments,Ada,D-407,4,1,1,,700,8/5/2024,,11,50%,1149,1.64,1149,1.64,2024-05-29,2024-08-30,94,26
Lehi Tech Apartments,Ada,D-213,2,1,1,,700,8/5/2024,,9,50%,1149,1.64,1149,1.64,2024-05-29,2024-10-03,128,60
Lehi Tech Apartments,Ada,B-310,3,1,1,,700,12/22/2023,500,,50%,1448,2.07,1448,2.07,2023-11-14,2024-01-16,64,26
Lehi Tech Apartments,Ada,B-310,3,1,1,,700,11/17/2024,,6,50%,1384,1.98,1384,1.98,2024-11-13,2025-01-01,50,46
Lehi Tech Apartments,Ada,B-310,3,1,1,,700,11/24/2025,,12,50%,1169,1.67,1034,1.48,2025-11-18,2026-01-06,50,44
Lehi Tech Apartments,Ada,C-407,4,1,1,,700,9/2/2025,,12,50%,1185,1.69,1048,1.5,2025-06-22,2025-10-06,107,35
Lehi Tech Apartments,Ada,B-206,2,1,1,,700,8/25/2024,,8,60%,1433,2.05,1433,2.05,2024-05-27,2024-10-29,156,66
Lehi Tech Apartments,Ada,B-206,2,1,1,,700,11/6/2025,,12,60%,1192,1.7,1054,1.51,2025-09-30,2025-12-16,78,41
Lehi Tech Apartments,Ada,B-103,1,1,1,,700,1/9/2025,,12,60%,1215,1.74,1215,1.74,2025-01-05,2025-02-12,39,35
Lehi Tech Apartments,Ada,B-103,1,1,1,,700,11/6/2025,,12,60%,1199,1.71,1061,1.52,2025-10-31,2026-01-04,66,60
Lehi Tech Apartments,Ada,D-214,2,1,1,,700,7/6/2024,,11,60%,1199,1.71,1199,1.71,2024-06-12,2024-08-17,67,43
Lehi Tech Apartments,Ada,C-412,4,1,1,,700,7/29/2024,,10,60%,1199,1.71,1199,1.71,2024-07-25,2024-09-18,56,52
Lehi Tech Apartments,Ada,B-312,3,1,1,,700,11/4/2023,500,,60%,1050,1.5,919,1.31,2023-11-04,2023-11-08,5,5
Lehi Tech Apartments,Ada,B-312,3,1,1,,700,8/28/2024,,9,60%,1199,1.71,1199,1.71,2024-07-17,2024-09-13,59,17
Lehi Tech Apartments,Ada,B-203,2,1,1,,700,5/6/2024,,12,60%,1149,1.64,1149,1.64,2024-04-27,2024-06-23,58,49
Lehi Tech Apartments,Ada,B-203,2,1,1,,700,8/4/2025,,12,60%,1202,1.72,1063,1.52,2025-05-31,2025-10-08,131,66
Lehi Tech Apartments,Ada,B-412,4,1,1,,700,10/31/2023,500,,60%,1137,1.62,995,1.42,2023-10-31,2023-11-29,30,30
Lehi Tech Apartments,Ada,B-412,4,1,1,,700,10/22/2025,,12,60%,1204,1.72,1065,1.52,2025-09-30,2025-12-10,72,50
Lehi Tech Apartments,Ada,D-207,2,1,1,,700,6/15/2024,,12,60%,1199,1.71,1199,1.71,2024-05-06,2024-08-12,99,59
Lehi Tech Apartments,Ada,D-207,2,1,1,,700,9/6/2025,,12,60%,1204,1.72,1065,1.52,2025-06-19,2025-10-11,115,36
Lehi Tech Apartments,Ada,A-203,2,1,1,,700,8/21/2024,,12,60%,1215,1.74,1215,1.74,2024-07-26,2025-02-27,217,191
Lehi Tech Apartments,Ada,D-503,5,1,1,,700,1/20/2025,,12,60%,1215,1.74,1215,1.74,2024-10-26,2025-02-26,124,38
Lehi Tech Apartments,Ada,A-410,4,1,1,,700,4/19/2024,,,60%,1448,2.07,1448,2.07,2024-04-19,2024-05-04,16,16
Lehi Tech Apartments,Ada,A-410,4,1,1,,700,2/27/2025,,12,60%,1215,1.74,1215,1.74,2025-01-14,2025-02-27,45,1
Lehi Tech Apartments,Ada,B-510,5,1,1,,700,1/3/2025,,12,60%,1215,1.74,1215,1.74,2024-10-30,2025-02-14,108,43
Lehi Tech Apartments,Ada,B-512,5,1,1,,700,6/17/2023,500,,60%,1344,1.92,1232,1.76,,2023-08-02,,
Lehi Tech Apartments,Ada,B-512,5,1,1,,700,8/16/2024,,10,60%,1215,1.74,1215,1.74,2024-06-06,2024-09-26,113,42
Lehi Tech Apartments,Ada,C-309,3,1,1,,700,8/25/2024,,10,60%,1215,1.74,1215,1.74,2024-05-27,2024-09-20,117,27
Lehi Tech Apartments,Ada,A-513,5,1,1,,700,12/22/2023,,,60%,1488,2.13,1488,2.13,2023-12-22,2024-01-16,26,26
Lehi Tech Apartments,Ada,A-513,5,1,1,,700,5/2/2025,,12,60%,1299,1.86,1299,1.86,2025-02-28,2025-05-10,72,9
Lehi Tech Apartments,Ada,A-513,5,1,1,,700,9/23/2025,,12,60%,1220,1.74,1079,1.54,2025-09-18,2025-12-09,83,78
Lehi Tech Apartments,Ada,D-405,4,1,1,,700,3/31/2024,,,60%,1099,1.57,1099,1.57,2024-03-31,2024-04-11,12,12
Lehi Tech Apartments,Ada,D-405,4,1,1,,700,11/6/2024,,8,60%,1412,2.02,1412,2.02,2024-11-05,2024-11-07,3,2
Lehi Tech Apartments,Ada,D-405,4,1,1,,700,9/5/2025,,12,60%,1307,1.87,1156,1.65,2025-09-04,2025-09-12,9,8
Lehi Tech Apartments,Ada,B-212,2,1,1,,700,9/5/2025,,12,60%,1239,1.77,1096,1.57,2025-08-28,2025-10-21,55,47
Lehi Tech Apartments,Ada,B-305,3,1,1,,700,7/11/2024,,11,60%,1219,1.74,1219,1.74,2024-05-06,2024-08-14,101,35
Lehi Tech Apartments,Ada,B-305,3,1,1,,700,7/30/2025,,12,60%,1308,1.87,1157,1.65,2025-05-01,2025-09-28,151,61
Lehi Tech Apartments,Ada,A-407,4,1,1,,700,6/6/2024,,12,60%,1448,2.07,1448,2.07,2024-05-06,2024-07-17,73,42
Lehi Tech Apartments,Ada,A-407,4,1,1,,700,7/26/2025,,12,60%,1241,1.77,1098,1.57,2025-05-17,2025-10-19,156,86
Lehi Tech Apartments,Ada,B-409,4,1,1,,700,11/22/2023,500,,60%,1448,2.07,1448,2.07,2023-11-05,2023-12-31,57,40
Lehi Tech Apartments,Ada,B-409,4,1,1,,700,8/17/2024,,10,60%,1149,1.64,1149,1.64,2024-07-13,2024-09-09,59,24
Lehi Tech Apartments,Ada,B-409,4,1,1,,700,9/27/2025,,11,60%,1242,1.77,1242,1.77,2025-08-03,2025-11-14,104,49
Lehi Tech Apartments,Ada,D-305,3,1,1,,700,8/17/2024,,8,60%,1412,2.02,1412,2.02,2024-08-12,2024-11-07,88,83
Lehi Tech Apartments,Ada,D-305,3,1,1,,700,9/5/2025,,12,60%,1312,1.87,1160,1.66,2025-09-04,2025-09-13,10,9
Lehi Tech Apartments,Ada,A-412,4,1,1,,700,10/28/2023,500,,60%,1065,1.52,932,1.33,2023-10-28,2023-11-09,13,13
Lehi Tech Apartments,Ada,A-412,4,1,1,,700,4/9/2025,,12,60%,1249,1.78,1145,1.64,2025-03-28,2025-07-16,111,99
Lehi Tech Apartments,Ada,C-206,2,1,1,,700,3/9/2024,,,60%,1099,1.57,1099,1.57,2024-03-09,2024-04-04,27,27
Lehi Tech Apartments,Ada,C-206,2,1,1,,700,4/9/2025,,12,60%,1252,1.79,1190,1.7,2025-01-14,2025-07-01,169,84
Lehi Tech Apartments,Ada,D-312,3,1,1,,700,9/16/2023,500,,60%,1065,1.52,932,1.33,2023-09-08,2023-11-01,55,47
Lehi Tech Apartments,Ada,D-312,3,1,1,,700,8/15/2024,,10,60%,1149,1.64,1149,1.64,2024-06-17,2024-09-07,83,24
Lehi Tech Apartments,Ada,D-312,3,1,1,,700,6/26/2025,,12,60%,1253,1.79,1147,1.64,2025-04-22,2025-08-01,102,37
Lehi Tech Apartments,Ada,C-506,5,1,1,,700,5/1/2025,,12,60%,1255,1.79,1255,1.79,2025-02-27,2025-03-20,22,0
Lehi Tech Apartments,Ada,B-110,1,1,1,,700,10/24/2023,500,,60%,1387,1.98,1214,1.73,2023-10-24,2023-10-28,5,5
Lehi Tech Apartments,Ada,B-110,1,1,1,,700,5/15/2025,,12,60%,1255,1.79,1255,1.79,2025-02-26,2025-03-17,20,0
Lehi Tech Apartments,Ada,D-522,5,1,1,,700,8/15/2023,500,,60%,1380,1.97,1265,1.81,2023-08-04,2023-09-29,57,46
Lehi Tech Apartments,Ada,D-522,5,1,1,,700,5/5/2025,,12,60%,1255,1.79,1255,1.79,2025-02-04,2025-03-19,44,0
Lehi Tech Apartments,Ada,B-502,5,1,1,,700,3/9/2024,,,60%,1299,1.86,1299,1.86,2024-03-09,2024-04-26,49,49
Lehi Tech Apartments,Ada,B-502,5,1,1,,700,5/21/2025,,12,60%,1255,1.79,1255,1.79,2025-03-15,2025-03-25,11,0
Lehi Tech Apartments,Ada,C-212,2,1,1,,700,3/8/2025,,12,60%,1255,1.79,1255,1.79,2024-09-18,2025-03-24,188,17
Lehi Tech Apartments,Ada,D-211,2,1,1,,700,7/28/2024,,9,60%,1199,1.71,1199,1.71,2024-07-24,2024-09-11,50,46
Lehi Tech Apartments,Ada,D-211,2,1,1,,700,2/23/2025,,12,60%,1215,1.74,1215,1.74,2024-12-19,2025-02-21,65,0
Lehi Tech Apartments,Ada,D-211,2,1,1,,700,7/28/2026,,12,60%,1265,1.81,1140,1.63,2026-05-02,2026-06-02,32,0
Lehi Tech Apartments,Ada,C-210,2,1,1,,700,6/17/2023,500,,60%,1348,1.93,1180,1.69,,2023-10-17,,
Lehi Tech Apartments,Ada,C-210,2,1,1,,700,12/3/2024,,12,60%,1215,1.74,1215,1.74,2024-09-29,2025-01-30,124,59
Lehi Tech Apartments,Ada,C-210,2,1,1,,700,2/5/2026,,12,60%,1259,1.8,1092,1.56,2025-11-20,2026-02-21,94,17
Lehi Tech Apartments,Ada,A-212,2,1,1,,700,12/25/2023,500,,60%,1448,2.07,1448,2.07,2023-11-26,2024-01-20,56,27
Lehi Tech Apartments,Ada,A-212,2,1,1,,700,2/5/2025,,12,60%,1309,1.87,1246,1.78,2024-10-04,2025-06-04,244,120
Lehi Tech Apartments,Ada,A-212,2,1,1,,700,6/23/2026,,12,60%,1259,1.8,1154,1.65,2026-04-19,2026-05-19,31,0
Lehi Tech Apartments,Ada,B-209,2,1,1,,700,12/11/2023,500,,60%,1448,2.07,1448,2.07,2023-11-29,2023-12-31,33,21
Lehi Tech Apartments,Ada,B-209,2,1,1,,700,10/22/2024,,6,60%,1299,1.86,1299,1.86,2024-08-18,2024-12-04,109,44
Lehi Tech Apartments,Ada,B-209,2,1,1,,700,1/5/2026,,12,60%,1259,1.8,1065,1.52,2025-11-01,2026-02-06,98,33
Lehi Tech Apartments,Ada,C-406,4,1,1,,700,1/22/2026,,12,60%,1259,1.8,1065,1.52,2025-11-11,2026-01-13,64,0
Lehi Tech Apartments,Ada- ADA Handicapped Accessible,B-107,1,1,1,,700,10/13/2024,,7,60%,1188,1.7,1188,1.7,2024-10-09,2024-11-15,38,34
Lehi Tech Apartments,Ada- ADA Handicapped Accessible,B-107,1,1,1,,700,12/3/2025,,12,60%,1259,1.8,1065,1.52,2025-09-18,2026-02-05,141,65
Lehi Tech Apartments,Ada,A-312,3,1,1,,700,10/30/2024,,6,60%,1299,1.86,1299,1.86,2024-10-29,2024-12-15,48,47
Lehi Tech Apartments,Ada,A-312,3,1,1,,700,1/2/2026,,12,60%,1259,1.8,1065,1.52,2025-10-28,2026-01-11,76,10
Lehi Tech Apartments,Ada,B-105,1,1,1,,700,8/24/2023,500,,60%,1329,1.9,1218,1.74,2023-08-02,2023-08-16,15,0
Lehi Tech Apartments,Ada,B-105,1,1,1,,700,3/31/2024,,,60%,1299,1.86,1299,1.86,2024-03-31,2024-04-21,22,22
Lehi Tech Apartments,Ada,B-105,1,1,1,,700,2/27/2025,,12,60%,1215,1.74,1215,1.74,2025-02-06,2025-02-27,22,1
Lehi Tech Apartments,Ada,B-105,1,1,1,,700,5/9/2026,,12,60%,1263,1.8,1138,1.63,2026-04-05,2026-06-02,59,25
Lehi Tech Apartments,Ada,D-303,3,1,1,,700,1/17/2026,,12,60%,1261,1.8,1067,1.52,2025-11-16,2026-02-12,89,27
Lehi Tech Apartments,Ada,D-313,3,1,1,,700,10/19/2023,500,,60%,1050,1.5,919,1.31,2023-10-10,2023-11-04,26,17
Lehi Tech Apartments,Ada,D-313,3,1,1,,700,7/21/2025,,12,60%,1297,1.85,1234,1.76,2025-05-13,2025-07-10,59,0
Lehi Tech Apartments,Ada,D-313,3,1,1,,700,8/8/2026,,13,60%,1262,1.8,1147,1.64,2026-05-23,2026-07-06,45,0
Lehi Tech Apartments,Ada,C-310,3,1,1,,700,12/13/2025,,12,60%,1263,1.8,1069,1.53,2025-10-14,2026-01-07,86,26
Lehi Tech Apartments,Ada,D-414,4,1,1,,700,10/2/2024,,7,60%,1299,1.86,1299,1.86,2024-07-14,2024-11-22,132,52
Lehi Tech Apartments,Ada,D-414,4,1,1,,700,12/31/2025,,12,60%,1263,1.8,1069,1.53,2025-10-30,2026-01-07,70,8
Lehi Tech Apartments,Ada,B-207,2,1,1,,700,12/12/2023,500,,60%,1153,1.65,1153,1.65,2023-11-09,2024-01-03,56,23
Lehi Tech Apartments,Ada,B-207,2,1,1,,700,9/9/2024,,8,60%,1476,2.11,1476,2.11,2024-06-27,2024-10-11,107,33
Lehi Tech Apartments,Ada,B-207,2,1,1,,700,4/4/2026,,11,60%,1264,1.81,1264,1.81,2026-01-24,2026-02-27,35,0
Lehi Tech Apartments,Ada,A-502,5,1,1,,700,3/9/2024,,,60%,1099,1.57,1099,1.57,2024-03-09,2024-05-01,54,54
Lehi Tech Apartments,Ada,A-502,5,1,1,,700,3/3/2025,,12,60%,1253,1.79,1253,1.79,2025-02-13,2025-03-11,27,9
Lehi Tech Apartments,Ada,A-502,5,1,1,,700,5/1/2026,,12,60%,1267,1.81,1142,1.63,2026-02-24,2026-06-08,105,39
Lehi Tech Apartments,Ada,D-203,2,1,1,,700,7/1/2023,500,,60%,1299,1.86,1191,1.7,,2023-07-22,,
Lehi Tech Apartments,Ada,D-203,2,1,1,,700,7/14/2026,,12,60%,1265,1.81,1140,1.63,2026-06-18,2026-06-23,6,0
Lehi Tech Apartments,Ada,D-320,3,1,1,,700,7/22/2023,500,,60%,1332,1.9,1221,1.74,2023-07-22,2023-07-26,5,5
Lehi Tech Apartments,Ada,D-320,3,1,1,,700,8/5/2024,,10,60%,1199,1.71,1199,1.71,2024-05-29,2024-09-18,113,45
Lehi Tech Apartments,Ada,D-320,3,1,1,,700,5/24/2025,,12,60%,1301,1.86,1301,1.86,2025-03-21,2025-04-10,21,0
Lehi Tech Apartments,Ada,D-320,3,1,1,,700,6/29/2026,,12,60%,1274,1.82,1149,1.64,2026-04-24,2026-06-08,46,0
Lehi Tech Apartments,Ada,C-410,4,1,1,,700,7/5/2025,,12,60%,1336,1.91,1182,1.69,2025-04-06,2025-09-27,175,85
Lehi Tech Apartments,Ada,C-403,4,1,1,,700,5/29/2024,,12,60%,1448,2.07,1448,2.07,2024-05-06,2024-06-14,40,17
Lehi Tech Apartments,Ada,C-403,4,1,1,,700,7/21/2026,,12,60%,1268,1.81,1143,1.63,2026-05-16,,59,0
Lehi Tech Apartments,Ada,C-305,3,1,1,,700,10/9/2023,500,,60%,1050,1.5,919,1.31,2023-09-30,2023-11-20,52,43
Lehi Tech Apartments,Ada,C-305,3,1,1,,700,4/6/2026,,11,60%,1269,1.81,1269,1.81,2026-01-13,2026-03-04,51,0
Lehi Tech Apartments,Ada,D-205,2,1,1,,700,6/17/2023,500,,60%,1317,1.88,1207,1.72,,2023-07-26,,
Lehi Tech Apartments,Ada,D-205,2,1,1,,700,8/21/2024,,8,60%,1440,2.06,1440,2.06,2024-08-20,2024-10-26,68,67
Lehi Tech Apartments,Ada,D-205,2,1,1,,700,9/5/2025,,12,60%,1315,1.88,1163,1.66,2025-09-04,2025-09-10,7,6
Lehi Tech Apartments,Ada,D-205,2,1,1,,700,8/18/2026,,13,60%,1269,1.81,1154,1.65,2026-05-24,,51,0
Lehi Tech Apartments,Ada,D-222,2,1,1,,700,6/3/2025,,12,60%,1292,1.85,1184,1.69,2025-05-02,2025-07-24,84,52
Lehi Tech Apartments,Ada,D-222,2,1,1,,700,9/6/2026,,12,60%,1269,1.81,1144,1.63,2026-07-02,,12,0
Lehi Tech Apartments,Ada,D-314,3,1,1,,700,7/25/2023,500,,60%,1299,1.86,1191,1.7,2023-07-25,2023-07-30,6,6
Lehi Tech Apartments,Ada,D-314,3,1,1,,700,9/25/2024,,9,60%,1437,2.05,1437,2.05,2024-08-08,2024-10-23,77,29
Lehi Tech Apartments,Ada,D-314,3,1,1,,700,7/25/2026,,12,60%,1270,1.81,1145,1.64,2026-06-07,,37,0
Lehi Tech Apartments,Ada,A-306,3,1,1,,700,7/21/2023,500,,60%,1299,1.86,1299,1.86,2023-07-21,2023-08-23,34,34
Lehi Tech Apartments,Ada,A-306,3,1,1,,700,8/31/2026,,13,60%,1270,1.81,1155,1.65,2026-06-25,,19,0
Lehi Tech Apartments,Ada,A-310,3,1,1,,700,10/19/2023,500,,60%,1348,1.93,1180,1.69,2023-10-04,2023-10-10,7,0
Lehi Tech Apartments,Ada,A-310,3,1,1,,700,5/6/2024,,12,60%,1129,1.61,1129,1.61,2024-04-27,2024-06-20,55,46
Lehi Tech Apartments,Ada,A-310,3,1,1,,700,7/5/2025,,12,60%,1281,1.83,1174,1.68,2025-04-23,2025-08-07,107,34
Lehi Tech Apartments,Ada,A-310,3,1,1,,700,8/29/2026,,13,60%,1270,1.81,1155,1.65,2026-05-31,,44,0
Lehi Tech Apartments,Ada,D-208,2,1,1,,700,7/29/2025,,12,60%,1255,1.79,1255,1.79,2025-05-21,2025-09-01,104,35
Lehi Tech Apartments,Ada,D-208,2,1,1,,700,9/11/2026,,12,60%,1270,1.81,1145,1.64,2026-06-15,,29,0
Lehi Tech Apartments,Ada,B-210,2,1,1,,700,12/29/2023,,,60%,1448,2.07,1448,2.07,2023-12-29,2024-01-05,8,8
Lehi Tech Apartments,Ada,B-210,2,1,1,,700,8/8/2024,,8,60%,1215,1.74,1215,1.74,2024-06-03,2024-10-12,132,66
Lehi Tech Apartments,Ada,B-210,2,1,1,,700,8/12/2025,,12,60%,1337,1.91,1183,1.69,2025-06-07,2025-09-19,105,39
Lehi Tech Apartments,Ada,B-210,2,1,1,,700,9/12/2026,,12,60%,1270,1.81,1145,1.64,2026-07-10,,4,0
Lehi Tech Apartments,Ada,A-303,3,1,1,,700,9/29/2023,500,,60%,1099,1.57,1099,1.57,2023-08-30,2024-04-25,240,210
Lehi Tech Apartments,Ada,A-303,3,1,1,,700,10/9/2025,,12,60%,1319,1.88,1319,1.88,2025-08-08,2025-08-26,19,0
Lehi Tech Apartments,Ada,A-303,3,1,1,,700,9/9/2026,,12,60%,1270,1.81,1145,1.64,2026-07-03,,11,0
Lehi Tech Apartments,Ada,C-409,4,1,1,,700,11/4/2023,500,,60%,1448,2.07,1448,2.07,2023-11-04,2023-12-31,58,58
Lehi Tech Apartments,Ada,C-409,4,1,1,,700,11/9/2024,,12,60%,1295,1.85,1295,1.85,2024-09-17,2025-01-09,115,62
Lehi Tech Apartments,Ada,C-409,4,1,1,,700,2/28/2026,,11,60%,1272,1.82,1272,1.82,2026-02-27,2026-03-01,3,2
Lehi Tech Apartments,Ada,C-512,5,1,1,,700,7/3/2023,500,,60%,1426,2.04,1307,1.87,,2023-07-07,,
Lehi Tech Apartments,Ada,C-512,5,1,1,,700,9/24/2024,,7,60%,1409,2.01,1409,2.01,2024-07-20,2024-11-14,118,52
Lehi Tech Apartments,Ada,C-512,5,1,1,,700,10/3/2025,,11,60%,1272,1.82,1272,1.82,2025-07-30,2025-11-12,106,41
Lehi Tech Apartments,Ada,B-407,4,1,1,,700,7/25/2023,500,,60%,1314,1.88,1314,1.88,2023-07-25,2023-08-31,38,38
Lehi Tech Apartments,Ada,B-407,4,1,1,,700,10/5/2024,,9,60%,1437,2.05,1437,2.05,2024-07-07,2024-10-23,109,19
Lehi Tech Apartments,Ada,B-407,4,1,1,,700,2/9/2025,,12,60%,1255,1.79,1255,1.79,2025-02-06,2025-03-22,45,42
Lehi Tech Apartments,Ada,B-407,4,1,1,,700,7/14/2026,,12,60%,1274,1.82,1149,1.64,2026-06-09,2026-07-03,25,0
Lehi Tech Apartments,Ada,C-205,2,1,1,,700,4/20/2025,,12,60%,1299,1.86,1299,1.86,2025-01-20,2025-05-06,107,17
Lehi Tech Apartments,Ada,C-205,2,1,1,,700,5/13/2026,,12,60%,1275,1.82,1169,1.67,2026-03-04,2026-03-26,23,0
Lehi Tech Apartments,Ada,A-209,2,1,1,,700,9/28/2023,500,,60%,1326,1.89,1216,1.74,2023-08-30,2023-09-25,27,0
Lehi Tech Apartments,Ada,A-209,2,1,1,,700,5/13/2025,,12,60%,1215,1.74,1215,1.74,2025-02-12,2025-02-13,2,0
Lehi Tech Apartments,Ada,A-209,2,1,1,,700,5/19/2026,,11,60%,1275,1.82,1275,1.82,2026-03-12,2026-03-13,2,0
Lehi Tech Apartments,Ada,A-307,3,1,1,,700,12/22/2023,500,,60%,1448,2.07,1448,2.07,2023-12-08,2024-01-05,29,15
Lehi Tech Apartments,Ada,A-307,3,1,1,,700,11/12/2024,,12,60%,1226,1.75,1084,1.55,2024-10-25,2025-11-01,373,355
Lehi Tech Apartments,Ada,A-307,3,1,1,,700,5/13/2026,,12,60%,1275,1.82,1169,1.67,2026-03-10,2026-03-25,16,0
Lehi Tech Apartments,Ada,B-410,4,1,1,,700,2/27/2025,,12,60%,1215,1.74,1215,1.74,2024-12-19,2025-03-02,74,4
Lehi Tech Apartments,Ada,B-410,4,1,1,,700,6/6/2026,,12,60%,1285,1.84,1160,1.66,2026-02-18,2026-05-28,100,0
Lehi Tech Apartments,Ada,C-207,2,1,1,,700,4/20/2026,,12,60%,1277,1.82,1171,1.67,2026-02-13,2026-03-17,33,0
Lehi Tech Apartments,Ada,B-309,3,1,1,,700,10/5/2023,500,,60%,1344,1.92,1232,1.76,2023-08-31,2023-10-02,33,0
Lehi Tech Apartments,Ada,B-309,3,1,1,,700,12/5/2024,,12,60%,1215,1.74,1215,1.74,2024-10-08,2025-02-24,140,82
Lehi Tech Apartments,Ada,B-309,3,1,1,,700,4/17/2026,,12,60%,1278,1.83,1172,1.67,2026-04-11,2026-05-14,34,28
Lehi Tech Apartments,Ada,D-403,4,1,1,,700,2/16/2025,,12,60%,1215,1.74,1215,1.74,2024-12-13,2025-02-11,61,0
Lehi Tech Apartments,Ada,D-403,4,1,1,,700,12/30/2025,,12,60%,1279,1.83,1131,1.62,2025-12-24,2025-12-28,5,0
Lehi Tech Apartments,Ada,D-212,2,1,1,,700,12/6/2025,,12,60%,1279,1.83,1131,1.62,2025-10-01,2025-11-02,33,0
Lehi Tech Apartments,Ada,C-505,5,1,1,,700,12/22/2023,500,,60%,1488,2.13,1488,2.13,2023-11-26,2023-12-29,34,8
Lehi Tech Apartments,Ada,C-505,5,1,1,,700,1/3/2025,,12,60%,1295,1.85,1295,1.85,2024-12-28,2025-01-22,26,20
Lehi Tech Apartments,Ada,C-505,5,1,1,,700,4/15/2026,,12,60%,1280,1.83,1173,1.68,2026-02-27,2026-05-14,77,30
Lehi Tech Apartments,Ada,A-207,2,1,1,,700,5/15/2024,,12,60%,1149,1.64,1149,1.64,2024-05-06,2024-06-22,48,39
Lehi Tech Apartments,Ada,A-207,2,1,1,,700,7/1/2025,,12,60%,1238,1.77,1135,1.62,2025-04-24,2025-08-02,101,33
Lehi Tech Apartments,Ada,A-207,2,1,1,,700,6/8/2026,,12,60%,1280,1.83,1173,1.68,2026-04-03,2026-04-16,14,0
Lehi Tech Apartments,Ada- ADA Handicapped Accessible,D-507,5,1,1,,700,8/8/2023,500,,60%,1329,1.9,1218,1.74,,2023-08-16,,
Lehi Tech Apartments,Ada- ADA Handicapped Accessible,D-507,5,1,1,,700,5/7/2026,,12,60%,1289,1.84,1164,1.66,2026-03-28,2026-05-26,60,20
Lehi Tech Apartments,Ada ADA,C-107,1,1,1,,700,8/18/2025,,12,60%,1370,1.96,1212,1.73,2025-07-12,2025-11-04,116,79
Lehi Tech Apartments,Ada,D-422,4,1,1,,700,9/22/2023,500,,60%,1314,1.88,1314,1.88,2023-08-13,2023-08-23,11,0
Lehi Tech Apartments,Ada,D-422,4,1,1,,700,7/28/2026,,13,60%,1284,1.83,1169,1.67,2026-05-23,,52,0
Lehi Tech Apartments,Ada,D-307,3,1,1,,700,6/14/2024,,11,60%,1199,1.71,1199,1.71,2024-05-06,2024-08-22,109,70
Lehi Tech Apartments,Ada,D-307,3,1,1,,700,11/5/2025,,12,60%,1374,1.96,1215,1.74,2025-08-19,2025-11-21,95,17
Lehi Tech Apartments,Ada,D-408,4,1,1,,700,7/22/2026,,12,60%,1285,1.84,1160,1.66,2026-01-13,,182,0
Lehi Tech Apartments,Ada,B-403,4,1,1,,700,5/1/2024,,12,60%,1448,2.07,1448,2.07,2024-04-26,2024-05-16,21,16
Lehi Tech Apartments,Ada,B-403,4,1,1,,700,5/21/2025,,12,60%,1326,1.89,1326,1.89,2025-03-15,2025-08-19,158,91
Lehi Tech Apartments,Ada,B-403,4,1,1,,700,8/29/2026,,13,60%,1285,1.84,1170,1.67,2026-06-15,,29,0
Lehi Tech Apartments,Ada,B-106,1,1,1,,700,6/17/2023,500,,60%,1380,1.97,1380,1.97,,2023-06-28,,
Lehi Tech Apartments,Ada,B-106,1,1,1,,700,6/7/2024,,11,60%,1199,1.71,1199,1.71,2024-05-06,2024-08-22,109,77
Lehi Tech Apartments,Ada,B-106,1,1,1,,700,7/30/2025,,11,60%,1305,1.86,1305,1.86,2025-05-17,2025-09-04,111,37
Lehi Tech Apartments,Ada,B-106,1,1,1,,700,8/17/2026,,13,60%,1289,1.84,1174,1.68,2026-06-15,,29,0
Lehi Tech Apartments,Ada,A-109,1,1,1,,700,12/19/2023,500,,60%,1070,1.53,936,1.34,2023-11-05,2023-11-18,14,0
Lehi Tech Apartments,Ada,A-109,1,1,1,,700,6/24/2024,,11,60%,1199,1.71,1199,1.71,2024-05-06,2024-08-18,105,56
Lehi Tech Apartments,Ada,A-109,1,1,1,,700,8/6/2026,,13,60%,1289,1.84,1174,1.68,2026-05-29,,46,0
Lehi Tech Apartments,Ada,B-507,5,1,1,,700,2/2/2024,,,60%,1488,2.13,1488,2.13,2023-12-31,2024-01-16,17,0
Lehi Tech Apartments,Ada,B-507,5,1,1,,700,9/13/2025,,12,60%,1290,1.84,1141,1.63,2025-07-09,2025-10-28,112,46
Lehi Tech Apartments,Ada,D-412,4,1,1,,700,11/3/2023,500,,60%,1050,1.5,919,1.31,2023-11-03,2023-11-05,3,3
Lehi Tech Apartments,Ada,D-412,4,1,1,,700,11/5/2025,,12,60%,1284,1.83,1136,1.62,2025-10-01,2025-12-02,63,28
Lehi Tech Apartments,Ada,D-412,4,1,1,,700,4/17/2026,,12,60%,1291,1.84,1183,1.69,2026-04-03,2026-04-21,19,5
Lehi Tech Apartments,Ada,D-501,5,1,1,,700,5/27/2024,,12,60%,1448,2.07,1448,2.07,2024-05-06,2024-06-27,53,32
Lehi Tech Apartments,Ada,D-501,5,1,1,,700,7/23/2025,,12,60%,1292,1.85,1292,1.85,2025-05-13,2025-08-30,110,39
Lehi Tech Apartments,Ada,D-308,3,1,1,,700,12/6/2025,,12,60%,1295,1.85,1145,1.64,2025-11-21,2025-12-15,25,10
Lehi Tech Apartments,Ada,B-405,4,1,1,,700,11/22/2023,500,,60%,1065,1.52,932,1.33,2023-11-06,2023-11-09,4,0
Lehi Tech Apartments,Ada,B-405,4,1,1,,700,6/4/2025,,12,60%,1295,1.85,1232,1.76,2025-05-31,2025-06-24,25,21
Lehi Tech Apartments,Ada,D-512,5,1,1,,700,5/5/2025,,12,60%,1255,1.79,1255,1.79,2025-02-04,2025-03-20,45,0
Lehi Tech Apartments,Ada,D-512,5,1,1,,700,5/12/2026,,12,60%,1304,1.86,1179,1.68,2026-03-10,2026-05-27,79,16
Lehi Tech Apartments,Ada,D-113,1,1,1,,700,7/3/2024,,12,60%,1448,2.07,1448,2.07,2024-05-06,2024-06-14,40,0
Lehi Tech Apartments,Ada,D-113,1,1,1,,700,1/2/2025,,12,60%,1295,1.85,1295,1.85,2024-12-29,2025-01-23,26,22
Lehi Tech Apartments,Ada,C-312,3,1,1,,700,6/20/2024,,12,60%,1448,2.07,1448,2.07,2024-05-18,2024-07-03,47,14
Lehi Tech Apartments,Ada,C-312,3,1,1,,700,1/17/2025,,12,60%,1295,1.85,1295,1.85,2025-01-04,2025-01-22,19,6
Lehi Tech Apartments,Ada,A-406,4,1,1,,700,8/17/2024,,7,60%,1215,1.74,1215,1.74,2024-08-06,2024-11-10,97,86
Lehi Tech Apartments,Ada,A-406,4,1,1,,700,7/19/2025,,12,60%,1297,1.85,1297,1.85,2025-05-24,2025-08-17,86,30
Lehi Tech Apartments,Ada,B-303,3,1,1,,700,12/5/2024,,12,60%,1255,1.79,1255,1.79,2024-09-07,2025-03-26,201,112
Lehi Tech Apartments,Ada,B-303,3,1,1,,700,5/1/2026,,12,60%,1298,1.85,1190,1.7,2026-02-25,2026-05-06,71,6
Lehi Tech Apartments,Ada,A-409,4,1,1,,700,7/24/2024,,12,60%,1448,2.07,1448,2.07,2024-05-06,2024-08-12,99,20
Lehi Tech Apartments,Ada,A-409,4,1,1,,700,8/18/2025,,12,60%,1318,1.88,1318,1.88,2025-07-13,2025-08-26,45,9
Lehi Tech Apartments,Ada,A-409,4,1,1,,700,4/27/2026,,12,60%,1298,1.85,1190,1.7,2026-04-10,2026-05-06,27,10
Lehi Tech Apartments,Ada,C-106,1,1,1,,700,4/22/2024,,,60%,1448,2.07,1448,2.07,2024-04-22,2024-05-06,15,15
Lehi Tech Apartments,Ada,C-106,1,1,1,,700,6/30/2025,,12,60%,1315,1.88,1252,1.79,2025-04-24,2025-07-04,72,5
Lehi Tech Apartments,Ada,C-106,1,1,1,,700,1/19/2026,,12,60%,1389,1.98,1175,1.68,2026-01-14,2026-01-25,12,7
Lehi Tech Apartments,Ada,D-524,5,1,1,,700,6/30/2025,,12,60%,1299,1.86,1299,1.86,2025-04-25,2025-05-04,10,0
Lehi Tech Apartments,Ada,A-103,1,1,1,,700,4/20/2024,,12,60%,1448,2.07,1448,2.07,2024-04-20,2024-05-20,31,31
Lehi Tech Apartments,Ada,A-103,1,1,1,,700,6/9/2025,,12,60%,1299,1.86,1299,1.86,2025-04-05,2025-04-29,25,0
Lehi Tech Apartments,Ada,D-220,2,1,1,,700,9/27/2023,500,,60%,1299,1.86,1191,1.7,2023-08-23,2023-09-12,21,0
Lehi Tech Apartments,Ada,D-220,2,1,1,,700,10/10/2024,,6,60%,1299,1.86,1299,1.86,2024-08-01,2024-12-18,140,70
Lehi Tech Apartments,Ada,C-503,5,1,1,,700,11/7/2023,500,,60%,1080,1.54,945,1.35,2023-11-04,2023-11-06,3,0
Lehi Tech Apartments,Ada,C-503,5,1,1,,700,8/28/2025,,12,60%,1404,2.01,1242,1.77,2025-06-14,2025-09-14,93,18
Lehi Tech Apartments,Ada,C-503,5,1,1,,700,8/26/2026,,13,60%,1300,1.86,1185,1.69,2026-06-15,,29,0
Lehi Tech Apartments,Ada,D-411,4,1,1,,700,5/23/2024,,12,60%,1448,2.07,1448,2.07,2024-05-22,2024-06-26,36,35
Lehi Tech Apartments,Ada,D-411,4,1,1,,700,3/16/2025,,12,60%,1257,1.8,1257,1.8,2025-01-12,2025-04-03,82,19
Lehi Tech Apartments,Ada,D-411,4,1,1,,700,4/15/2026,,12,60%,1304,1.86,1195,1.71,2026-02-01,2026-05-05,94,21
Lehi Tech Apartments,Ada,B-205,2,1,1,,700,6/6/2025,,12,60%,1304,1.86,1242,1.77,2025-04-03,2025-06-11,70,6
Lehi Tech Apartments,Ada,C-109,1,1,1,,700,6/7/2024,,12,60%,1448,2.07,1448,2.07,2024-06-06,2024-07-25,50,49
Lehi Tech Apartments,Ada,C-109,1,1,1,,700,8/5/2026,,13,60%,1304,1.86,1189,1.7,2026-05-27,,48,0
Lehi Tech Apartments,Ada,A-512,5,1,1,,700,10/14/2023,500,,60%,1095,1.56,958,1.37,2023-08-31,2023-11-02,64,20
Lehi Tech Apartments,Ada,A-512,5,1,1,,700,11/21/2024,,12,60%,1261,1.8,1261,1.8,2024-09-12,2025-03-16,186,116
Lehi Tech Apartments,Ada,A-512,5,1,1,,700,2/20/2026,,11,60%,1305,1.86,1305,1.86,2025-12-18,2026-02-24,69,5
Lehi Tech Apartments,Ada,C-112,1,1,1,,700,10/17/2023,500,,60%,1397,2,1222,1.75,2023-10-03,2023-10-28,26,12
Lehi Tech Apartments,Ada,C-112,1,1,1,,700,8/8/2026,,13,60%,1306,1.87,1191,1.7,2026-05-11,2026-06-12,33,0
Lehi Tech Apartments,Ada,C-203,2,1,1,,700,5/10/2024,,12,60%,1149,1.64,1149,1.64,2024-05-06,2024-06-10,36,32
Lehi Tech Apartments,Ada,C-203,2,1,1,,700,6/26/2025,,12,60%,1307,1.87,1198,1.71,2025-04-18,2025-07-23,97,28
Lehi Tech Apartments,Ada,B-503,5,1,1,,700,9/26/2023,500,,60%,1389,1.98,1215,1.74,2023-08-16,2023-10-07,53,12
Lehi Tech Apartments,Ada,B-503,5,1,1,,700,6/5/2024,,12,60%,1448,2.07,1448,2.07,2024-05-06,2024-07-14,70,40
Lehi Tech Apartments,Ada,B-503,5,1,1,,700,8/2/2026,,13,60%,1307,1.87,1192,1.7,2026-05-23,2026-07-06,45,0
Lehi Tech Apartments,Ada,C-103,1,1,1,,700,3/9/2024,,,60%,1099,1.57,1099,1.57,2024-03-09,2024-04-20,43,43
Lehi Tech Apartments,Ada,C-103,1,1,1,,700,10/19/2024,,12,60%,1215,1.74,1215,1.74,2024-10-11,2025-02-23,136,128
Lehi Tech Apartments,Ada,C-103,1,1,1,,700,3/25/2026,,11,60%,1308,1.87,1308,1.87,2026-01-20,2026-03-09,49,0
Lehi Tech Apartments,Ada,A-509,5,1,1,,700,9/26/2023,500,,60%,1329,1.9,1329,1.9,2023-08-15,2023-08-24,10,0
Lehi Tech Apartments,Ada,A-509,5,1,1,,700,12/21/2025,,12,60%,1309,1.87,1158,1.65,2025-11-15,2025-12-17,33,0
Lehi Tech Apartments,Ada,A-105,1,1,1,,700,10/19/2023,500,,60%,1080,1.54,945,1.35,2023-10-17,2023-11-23,38,36
Lehi Tech Apartments,Ada,A-105,1,1,1,,700,12/6/2025,,12,60%,1309,1.87,1158,1.65,2025-09-10,2025-12-19,101,14
Lehi Tech Apartments,Ada,A-510,5,1,1,,700,10/5/2024,,7,60%,1299,1.86,1299,1.86,2024-07-07,2024-11-10,127,37
Lehi Tech Apartments,Ada,A-510,5,1,1,,700,6/7/2025,,12,60%,1309,1.87,1309,1.87,2025-04-05,2025-04-15,11,0
Lehi Tech Apartments,Ada,C-105,1,1,1,,700,8/19/2026,,13,60%,1310,1.87,1195,1.71,2026-06-15,,29,0
Lehi Tech Apartments,Ada,A-108,1,1,1,,700,6/17/2023,500,,60%,1080,1.54,945,1.35,,2023-11-10,,
Lehi Tech Apartments,Ada,A-108,1,1,1,,700,8/22/2024,,10,60%,1149,1.64,1149,1.64,2024-06-18,2024-09-08,83,18
Lehi Tech Apartments,Ada,A-108,1,1,1,,700,10/10/2025,,12,60%,1311,1.87,1160,1.66,2025-08-08,2025-10-21,75,12
Lehi Tech Apartments,Ada,A-205,2,1,1,,700,6/7/2026,,12,60%,1313,1.88,1204,1.72,2026-04-02,2026-04-27,26,0
Lehi Tech Apartments,Ada,A-503,5,1,1,,700,6/26/2023,500,,60%,1344,1.92,1232,1.76,2023-06-23,2023-07-22,30,27
Lehi Tech Apartments,Ada,A-503,5,1,1,,700,7/19/2026,,12,60%,1314,1.88,1189,1.7,2026-05-14,,61,0
Lehi Tech Apartments,Ada,D-520,5,1,1,,700,6/2/2024,,12,60%,1448,2.07,1448,2.07,2024-05-06,2024-06-12,38,11
Lehi Tech Apartments,Ada,D-520,5,1,1,,700,7/11/2025,,12,60%,1282,1.83,1282,1.83,2025-05-16,2025-08-30,107,51
Lehi Tech Apartments,Ada,D-520,5,1,1,,700,9/7/2026,,12,60%,1315,1.88,1190,1.7,2026-06-30,,14,0
Lehi Tech Apartments,Ada,B-506,5,1,1,,700,4/11/2024,,,60%,1299,1.86,1299,1.86,2024-04-11,2024-04-16,6,6
Lehi Tech Apartments,Ada,B-506,5,1,1,,700,5/24/2025,,12,60%,1319,1.88,1256,1.79,2025-03-21,2025-06-08,80,16
Lehi Tech Apartments,Ada,D-108,1,1,1,,700,3/9/2024,,,60%,1299,1.86,1299,1.86,2024-03-09,2024-04-27,50,50
Lehi Tech Apartments,Ada,D-108,1,1,1,,700,3/7/2026,,12,60%,1320,1.89,1210,1.73,2026-01-23,2026-04-02,70,27
Lehi Tech Apartments,Ada,C-502,5,1,1,,700,10/5/2024,,12,60%,1349,1.93,1349,1.93,2024-07-31,2024-12-10,133,67
Lehi Tech Apartments,Ada,C-502,5,1,1,,700,12/19/2025,,12,60%,1320,1.89,1320,1.89,2025-10-14,2025-11-12,30,0
Lehi Tech Apartments,Ada,B-513,5,1,1,,700,8/30/2023,500,,60%,1329,1.9,1218,1.74,2023-08-12,2023-08-13,2,0
Lehi Tech Apartments,Ada,B-513,5,1,1,,700,9/5/2026,,12,60%,1320,1.89,1195,1.71,2026-06-07,2026-06-23,17,0
Lehi Tech Apartments,Ada,A-110,1,1,1,,700,8/1/2023,500,,60%,1329,1.9,1329,1.9,2023-07-26,2023-08-29,35,29
Lehi Tech Apartments,Ada,A-110,1,1,1,,700,2/7/2025,,12,60%,1215,1.74,1215,1.74,2025-01-04,2025-02-27,55,21
Lehi Tech Apartments,Ada,A-110,1,1,1,,700,4/16/2026,,12,60%,1323,1.89,1213,1.73,2026-02-14,2026-04-18,64,3
Lehi Tech Apartments,Ada,D-508,5,1,1,,700,2/9/2025,,12,60%,1215,1.74,1215,1.74,2024-11-15,2025-03-01,107,21
Lehi Tech Apartments,Ada,D-508,5,1,1,,700,3/16/2026,,12,60%,1325,1.89,1215,1.74,2026-01-09,2026-03-28,79,13
Lehi Tech Apartments,Ada,D-114,1,1,1,,700,6/27/2023,500,,60%,1339,1.91,1339,1.91,2023-06-23,2023-08-30,69,65
Lehi Tech Apartments,Ada,D-114,1,1,1,,700,6/4/2024,,12,60%,1448,2.07,1448,2.07,2024-05-06,2024-07-30,86,57
Lehi Tech Apartments,Ada,D-114,1,1,1,,700,8/30/2025,,12,60%,1328,1.9,1328,1.9,2025-06-19,2025-09-01,75,3
Lehi Tech Apartments,Ada,A-505,5,1,1,,700,9/27/2023,500,,60%,1095,1.56,958,1.37,2023-08-17,2023-11-10,86,45
Lehi Tech Apartments,Ada,A-505,5,1,1,,700,12/5/2024,,12,60%,1215,1.74,1215,1.74,2024-11-07,2025-02-28,114,86
Lehi Tech Apartments,Ada,A-505,5,1,1,,700,3/13/2026,,12,60%,1330,1.9,1219,1.74,2026-01-07,2026-04-05,89,24
Lehi Tech Apartments,Ada,D-311,3,1,1,,700,6/23/2024,,11,60%,1199,1.71,1199,1.71,2024-05-06,2024-08-18,105,57
Lehi Tech Apartments,Ada,D-311,3,1,1,,700,8/30/2025,,12,60%,1403,2,1241,1.77,2025-06-14,2025-09-18,97,20
Lehi Tech Apartments,Ada,D-120,1,1,1,,700,4/4/2024,,,60%,1299,1.86,1299,1.86,2024-04-04,2024-05-05,32,32
Lehi Tech Apartments,Ada,D-120,1,1,1,,700,9/8/2025,,12,60%,1336,1.91,1336,1.91,2025-02-25,2025-08-04,161,0
Lehi Tech Apartments,Ada,D-511,5,1,1,,700,7/20/2024,,12,60%,1448,2.07,1448,2.07,2024-05-22,2024-06-27,37,0
Lehi Tech Apartments,Ada,D-511,5,1,1,,700,10/7/2025,,11,60%,1339,1.91,1339,1.91,2025-07-09,2025-11-05,120,30
Lehi Tech Apartments,Ada,A-405,4,1,1,,700,7/28/2025,,12,60%,1341,1.92,1341,1.92,2025-05-13,2025-08-27,107,31
Lehi Tech Apartments,Ada,D-111,1,1,1,,700,6/4/2024,,12,60%,1448,2.07,1448,2.07,2024-05-29,2024-07-19,52,46
Lehi Tech Apartments,Ada,D-111,1,1,1,,700,1/4/2025,,12,60%,1295,1.85,1295,1.85,2024-11-02,2025-01-09,69,6
Lehi Tech Apartments,Ada,D-111,1,1,1,,700,5/23/2025,,12,60%,1342,1.92,1230,1.76,2025-04-17,2025-07-23,98,62
Lehi Tech Apartments,Ada,D-107,1,1,1,,700,5/8/2024,,12,60%,1448,2.07,1448,2.07,2024-05-04,2024-06-07,35,31
Lehi Tech Apartments,Ada,D-107,1,1,1,,700,6/11/2025,,12,60%,1299,1.86,1299,1.86,2025-04-01,2025-04-29,29,0
Lehi Tech Apartments,Ada,D-107,1,1,1,,700,11/25/2025,,12,60%,1348,1.93,1192,1.7,2025-09-20,2025-09-26,7,0
Lehi Tech Apartments,Ada,C-509,5,1,1,,700,8/22/2023,500,,60%,1329,1.9,1218,1.74,2023-07-26,2023-08-15,21,0
Lehi Tech Apartments,Ada,C-509,5,1,1,,700,11/17/2025,,12,60%,1354,1.93,1198,1.71,2025-09-13,2025-10-10,28,0
Lehi Tech Apartments,Ada,B-509,5,1,1,,700,3/9/2024,,,60%,1299,1.86,1299,1.86,2024-03-09,2024-04-27,50,50
Lehi Tech Apartments,Ada,B-509,5,1,1,,700,3/5/2025,,12,60%,1356,1.94,1356,1.94,2024-12-05,2024-12-12,8,0
Lehi Tech Apartments,Ada,D-122,1,1,1,,700,8/22/2024,,7,60%,1215,1.74,1215,1.74,2024-06-19,2024-11-22,157,93
Lehi Tech Apartments,Ada,D-122,1,1,1,,700,8/20/2025,,12,60%,1366,1.95,1252,1.79,2025-06-18,2025-08-14,58,0
Lehi Tech Apartments,Ada,D-112,1,1,1,,700,7/26/2023,500,,60%,1372,1.96,1258,1.8,2023-07-26,2023-08-18,24,24
Lehi Tech Apartments,Ada,D-112,1,1,1,,700,9/23/2024,,10,60%,1459,2.08,1459,2.08,2024-08-28,2024-09-24,28,2
Lehi Tech Apartments,Ada,D-112,1,1,1,,700,12/4/2025,,12,60%,1395,1.99,1234,1.76,2025-09-10,2025-10-14,35,0
Lehi Tech Apartments,Ada,D-513,5,1,1,,700,9/3/2024,,7,60%,1408,2.01,1408,2.01,2024-08-30,2024-11-27,90,86
Lehi Tech Apartments,Ada,D-105,1,1,1,,700,10/28/2024,,7,60%,1409,2.01,1409,2.01,2024-10-24,2024-11-14,22,18
Lehi Tech Apartments,Ada,C-307,3,1,1,,700,10/29/2023,500,,60%,1050,1.5,919,1.31,2023-10-29,2023-11-03,6,6
Lehi Tech Apartments,Ada,C-307,3,1,1,,700,12/4/2024,,6,60%,1412,2.02,1412,2.02,2024-10-02,2024-12-28,88,25
Lehi Tech Apartments,Ada,A-506,5,1,1,,700,6/2/2024,,12,80%,1448,2.07,1448,2.07,2024-05-06,2024-07-30,86,59
Lehi Tech Apartments,Ada,B-406,4,1,1,,700,5/11/2024,,12,80%,1448,2.07,1448,2.07,2024-05-06,2024-06-13,39,34
Lehi Tech Apartments,Ada,A-507,5,1,1,,700,4/30/2024,,12,80%,1448,2.07,1448,2.07,2024-04-30,2024-05-29,30,30
Lehi Tech Apartments,Ada,B-307,3,1,1,,700,5/22/2024,,12,80%,1448,2.07,1448,2.07,2024-05-06,2024-06-25,51,35
Lehi Tech Apartments,Ada,A-106,1,1,1,,700,11/13/2023,500,,50%,1070,1.53,936,1.34,2023-11-09,2023-11-13,5,1
Lehi Tech Apartments,Ada,C-108,1,1,1,,700,11/15/2023,500,,50%,1083,1.55,948,1.35,2023-11-15,2023-11-17,3,3
Lehi Tech Apartments,Ada,B-108,1,1,1,,700,6/28/2023,500,,60%,1329,1.9,1329,1.9,,2023-08-26,,
Lehi Tech Apartments,Ada,C-110,1,1,1,,700,7/7/2023,500,,60%,1339,1.91,1339,1.91,2023-07-07,2023-08-31,56,56
Lehi Tech Apartments,Ada,B-505,5,1,1,,700,8/22/2023,500,,60%,1344,1.92,1232,1.76,2023-08-02,2023-08-16,15,0
Lehi Tech Apartments,Ada,C-303,3,1,1,,700,9/26/2023,500,,60%,1348,1.93,1236,1.77,2023-08-27,2023-10-03,38,8
Lehi Tech Apartments,Ada,B-112,1,1,1,,700,6/24/2023,500,,60%,1378,1.97,1263,1.8,2023-06-24,2023-07-18,25,25
Lehi Tech Apartments,Ada,C-513,5,1,1,,700,12/11/2023,500,,80%,1488,2.13,1488,2.13,2023-12-09,2023-12-31,23,21
Lehi Tech Apartments,Alexa,D-515,5,1,1,,725,5/22/2024,,11,60%,1199,1.65,1199,1.65,2024-05-05,2024-08-23,111,94
Lehi Tech Apartments,Alexa,D-315,3,1,1,,725,10/2/2023,500,,60%,1407,1.94,1231,1.7,2023-08-03,2023-10-28,87,27
Lehi Tech Apartments,Alexa,D-315,3,1,1,,725,10/7/2025,,12,60%,1243,1.71,1099,1.52,2025-07-31,2025-12-28,151,83
Lehi Tech Apartments,Alexa,D-218,2,1,1,,725,7/10/2023,500,,60%,1334,1.84,1223,1.69,,2023-07-30,,
Lehi Tech Apartments,Alexa,D-218,2,1,1,,725,10/17/2024,,6,60%,1254,1.73,1254,1.73,2024-10-09,2024-12-05,58,50
Lehi Tech Apartments,Alexa,D-218,2,1,1,,725,1/3/2026,,12,60%,1270,1.75,1164,1.61,2025-10-28,2026-03-17,141,74
Lehi Tech Apartments,Alexa ADA,D-118,1,1,1,,725,5/9/2025,,12,60%,1274,1.76,1274,1.76,2025-03-04,2025-04-01,29,0
Lehi Tech Apartments,Alexa,D-415,4,1,1,,725,9/25/2025,,11,60%,1307,1.8,1307,1.8,2025-07-20,2025-11-14,118,51
Lehi Tech Apartments,Alexa,D-115,1,1,1,,725,5/18/2024,,10,60%,1459,2.01,1459,2.01,2024-05-14,2024-09-08,118,114
Lehi Tech Apartments,Alexa,D-115,1,1,1,,725,4/30/2025,,12,60%,1329,1.83,1329,1.83,2025-04-24,2025-05-12,19,13
Lehi Tech Apartments,Alexa,D-418,4,1,1,,725,9/11/2023,500,,60%,1405,1.94,1288,1.78,2023-07-13,2023-07-18,6,0
Lehi Tech Apartments,Alexa,D-418,4,1,1,,725,8/7/2024,,9,60%,1199,1.65,1199,1.65,2024-05-29,2024-09-11,106,36
Lehi Tech Apartments,Alexa,D-418,4,1,1,,725,10/7/2025,,11,60%,1307,1.8,1307,1.8,2025-08-01,2025-11-18,110,43
Lehi Tech Apartments,Alexa,D-418,4,1,1,,725,5/11/2026,,12,60%,1334,1.84,1209,1.67,2026-05-07,2026-06-12,37,33
Lehi Tech Apartments,Alexa,D-318,3,1,1,,725,5/12/2024,,12,60%,1448,2,1448,2,2024-04-29,2024-05-16,18,5
Lehi Tech Apartments,Alexa,D-318,3,1,1,,725,5/9/2025,,12,60%,1333,1.84,1333,1.84,2025-05-02,2025-08-12,103,96
Lehi Tech Apartments,Alexa,D-318,3,1,1,,725,8/24/2026,,13,60%,1335,1.84,1220,1.68,2026-05-26,,49,0
Lehi Tech Apartments,Alexa,D-518,5,1,1,,725,10/10/2023,500,,60%,1379,1.9,1379,1.9,2023-08-11,2023-08-30,20,0
Lehi Tech Apartments,Alexa,D-518,5,1,1,,725,3/27/2025,,12,60%,1353,1.87,1240,1.71,2025-03-15,2025-07-22,130,118
Lehi Tech Apartments,Alexa,D-518,5,1,1,,725,8/17/2026,,13,60%,1364,1.88,1249,1.72,2026-05-23,,52,0
Lehi Tech Apartments,Mac,B-314,3,2,2,,969,9/15/2023,500,12,60%,1349,1.39,1349,1.39,2023-07-17,2024-06-08,328,268
Lehi Tech Apartments,Mac,B-314,3,2,2,,969,4/13/2025,,12,60%,1399,1.44,1399,1.44,2025-03-14,2025-03-21,8,0
Lehi Tech Apartments,Mac,B-214,2,2,2,,969,11/11/2023,500,,60%,1450,1.5,1450,1.5,2023-09-19,2024-02-14,149,96
Lehi Tech Apartments,Mac,B-214,2,2,2,,969,2/17/2025,,12,60%,1399,1.44,1399,1.44,2024-11-26,2025-02-20,87,4
Lehi Tech Apartments,Mac,B-201,2,2,2,,969,1/16/2025,,12,60%,1399,1.44,1399,1.44,2024-11-15,2025-04-17,154,92
Lehi Tech Apartments,Mac,A-301,3,2,2,,969,9/18/2024,,12,60%,1479,1.53,1479,1.53,2024-06-20,2024-09-08,81,0
Lehi Tech Apartments,Mac,A-301,3,2,2,,969,12/11/2025,,12,60%,1414,1.46,1196,1.23,2025-10-05,2026-01-28,116,49
Lehi Tech Apartments,Mac,C-101,1,2,2,,969,10/22/2024,,8,60%,1400,1.44,1400,1.44,2024-09-26,2024-11-23,59,33
Lehi Tech Apartments,Mac,C-101,1,2,2,,969,12/20/2025,,12,60%,1429,1.47,1209,1.25,2025-10-15,2026-01-24,102,36
Lehi Tech Apartments,Mac,C-314,3,2,2,,969,4/7/2025,,12,60%,1399,1.44,1399,1.44,2025-02-06,2025-02-20,15,0
Lehi Tech Apartments,Mac,C-314,3,2,2,,969,11/30/2025,,12,60%,1504,1.55,1504,1.55,2025-06-30,2025-11-12,136,0
Lehi Tech Apartments,Mac,C-314,3,2,2,,969,2/28/2026,,12,60%,1444,1.49,1444,1.49,2026-02-27,2026-03-08,10,9
Lehi Tech Apartments,Mac,C-114,1,2,2,,969,10/31/2025,,12,60%,1446,1.49,1223,1.26,2025-07-02,2026-02-11,225,104
Lehi Tech Apartments,Mac,C-414,4,2,2,,969,7/12/2024,,12,60%,1475,1.52,1475,1.52,2024-07-11,2024-07-12,2,1
Lehi Tech Apartments,Mac,C-414,4,2,2,,969,11/30/2025,,12,60%,1504,1.55,1504,1.55,2025-07-01,2025-11-12,135,0
Lehi Tech Apartments,Mac,C-414,4,2,2,,969,2/28/2026,,11,60%,1449,1.5,1449,1.5,2026-02-27,2026-02-28,2,1
Lehi Tech Apartments,Mac,C-301,3,2,2,,969,9/29/2025,,12,60%,1462,1.51,1340,1.38,2025-07-26,2025-08-10,16,0
Lehi Tech Apartments,Mac,B-101,1,2,2,,969,7/15/2024,,12,60%,1475,1.52,1475,1.52,2024-05-06,2024-05-24,19,0
Lehi Tech Apartments,Mac,C-214,2,2,2,,969,7/20/2024,,12,60%,1475,1.52,1475,1.52,2024-05-16,2024-06-14,30,0
Lehi Tech Apartments,Mac,A-314,3,2,2,,969,7/20/2024,,12,60%,1475,1.52,1475,1.52,2024-05-16,2024-06-14,30,0
Lehi Tech Apartments,Mac,A-101,1,2,2,,969,9/19/2024,,12,60%,1475,1.52,1475,1.52,2024-06-21,2024-07-09,19,0
Lehi Tech Apartments,Mac,A-201,2,2,2,,969,9/12/2023,500,,60%,1475,1.52,1475,1.52,2023-07-30,2024-04-06,252,208
Lehi Tech Apartments,Mac,A-201,2,2,2,,969,5/14/2025,,12,60%,1399,1.44,1399,1.44,2025-02-22,2025-04-11,49,0
Lehi Tech Apartments,Mac,A-201,2,2,2,,969,6/22/2026,,12,60%,1485,1.53,1360,1.4,2026-04-24,2026-06-22,60,1
Lehi Tech Apartments,Mac,C-201,2,2,2,,969,8/13/2024,,12,60%,1475,1.52,1475,1.52,2024-06-25,2024-08-14,51,2
Lehi Tech Apartments,Mac,C-201,2,2,2,,969,8/20/2025,,12,60%,1432,1.48,1370,1.41,2025-06-15,2025-06-18,4,0
Lehi Tech Apartments,Mac,C-201,2,2,2,,969,8/26/2026,,12,60%,1486,1.53,1361,1.4,2026-05-28,,47,0
Lehi Tech Apartments,Mac,B-414,4,2,2,,969,6/29/2023,500,,60%,1350,1.39,1350,1.39,2023-06-29,2024-03-31,277,277
Lehi Tech Apartments,Mac,B-414,4,2,2,,969,7/3/2025,,12,60%,1399,1.44,1336,1.38,2025-05-16,2025-05-31,16,0
Lehi Tech Apartments,Mac,B-414,4,2,2,,969,7/9/2026,,12,60%,1486,1.53,1361,1.4,2026-05-02,2026-06-23,53,0
Lehi Tech Apartments,Mac,A-214,2,2,2,,969,4/11/2025,,12,60%,1399,1.44,1399,1.44,2025-02-07,2025-04-22,75,12
Lehi Tech Apartments,Mac,A-214,2,2,2,,969,5/7/2026,,12,60%,1488,1.54,1363,1.41,2026-04-22,2026-06-26,66,51
Lehi Tech Apartments,Mac,A-414,4,2,2,,969,9/6/2023,500,,60%,1299,1.34,1299,1.34,2023-07-08,2024-04-03,271,211
Lehi Tech Apartments,Mac,A-414,4,2,2,,969,6/24/2025,,12,60%,1410,1.46,1348,1.39,2025-04-06,2025-06-30,86,7
Lehi Tech Apartments,Mac,A-414,4,2,2,,969,5/5/2026,,11,60%,1499,1.55,1499,1.55,2026-02-22,2026-03-05,12,0
Lehi Tech Apartments,Mac,A-114,1,2,2,,969,8/19/2026,,12,60%,1506,1.55,1381,1.43,2026-05-23,,52,0
Lehi Tech Apartments,Mac,B-401,4,2,2,,969,6/1/2025,,12,60%,1399,1.44,1399,1.44,2025-03-04,2025-04-05,33,0
Lehi Tech Apartments,Mac,B-401,4,2,2,,969,6/8/2026,,12,60%,1516,1.56,1390,1.43,2026-04-01,2026-04-23,23,0
Lehi Tech Apartments,Mac,A-401,4,2,2,,969,8/14/2023,500,,60%,1475,1.52,1475,1.52,2023-07-29,2024-03-16,232,216
Lehi Tech Apartments,Mac,A-401,4,2,2,,969,4/15/2025,,12,60%,1399,1.44,1399,1.44,2025-02-19,2025-03-04,14,0
Lehi Tech Apartments,Mac,A-401,4,2,2,,969,5/24/2026,,12,60%,1527,1.58,1400,1.44,2026-03-26,2026-04-27,33,0
Lehi Tech Apartments,Mac,B-301,3,2,2,,969,7/5/2024,,,60%,1475,1.52,1475,1.52,2024-04-10,2024-05-01,22,0
Lehi Tech Apartments,Cache,C-304,3,2,2,,987,5/5/2024,,12,60%,1349,1.37,1349,1.37,2024-04-14,2024-06-07,55,34
Lehi Tech Apartments,Coda ADA,B-102,1,2,2,,987,6/16/2024,,12,60%,1614,1.64,1614,1.64,2024-06-07,2024-06-21,15,6
Lehi Tech Apartments,Coda ADA,B-102,1,2,2,,987,1/7/2025,,12,60%,1399,1.42,1399,1.42,2024-11-05,2025-02-20,108,45
Lehi Tech Apartments,Coda ADA,A-102,1,2,2,,987,7/7/2023,500,,60%,1325,1.34,1159,1.17,,2023-11-05,,
Lehi Tech Apartments,Coda ADA,A-102,1,2,2,,987,6/5/2025,,12,60%,1399,1.42,1399,1.42,2025-03-07,2025-04-12,37,0
Lehi Tech Apartments,Coda,B-313,3,2,2,,987,9/7/2025,,12,60%,1410,1.43,1247,1.26,2025-08-03,2025-12-13,133,98
Lehi Tech Apartments,Coda,A-413,4,2,2,,987,8/16/2025,,12,60%,1425,1.44,1260,1.28,2025-06-10,2026-01-06,211,144
Lehi Tech Apartments,Coda,B-501,5,2,2,,987,1/11/2025,,12,60%,1429,1.45,1429,1.45,2024-11-13,2025-02-16,96,37
Lehi Tech Apartments,Coda,C-302,3,2,2,,987,9/8/2023,500,,60%,1741,1.76,1741,1.76,2023-07-10,2024-04-17,283,223
Lehi Tech Apartments,Coda,C-302,3,2,2,,987,3/28/2025,,12,60%,1429,1.45,1366,1.38,2025-01-23,2025-05-22,120,56
Lehi Tech Apartments,Coda,B-514,5,2,2,,987,3/21/2025,,12,60%,1429,1.45,1366,1.38,2025-01-17,2025-05-15,119,56
Lehi Tech Apartments,Coda,D-102,1,2,2,,987,3/6/2025,,12,60%,1429,1.45,1429,1.45,2025-01-23,2025-03-10,47,5
Lehi Tech Apartments,Coda,A-313,3,2,2,,987,5/17/2025,,12,60%,1429,1.45,1429,1.45,2025-02-20,2025-04-26,66,0
Lehi Tech Apartments,Coda,D-324,3,2,2,,987,12/11/2023,500,,60%,1610,1.63,1610,1.63,2023-12-03,2024-01-08,37,29
Lehi Tech Apartments,Coda,D-324,3,2,2,,987,3/18/2025,,12,60%,1429,1.45,1429,1.45,2025-01-14,2025-04-10,87,24
Lehi Tech Apartments,Coda,A-402,4,2,2,,987,5/24/2025,,12,60%,1431,1.45,1312,1.33,2025-03-22,2025-07-29,130,67
Lehi Tech Apartments,Cache ADA,D-506,5,2,2,,987,6/17/2023,500,,60%,1637,1.66,1501,1.52,,2023-09-09,,
Lehi Tech Apartments,Cache ADA,D-506,5,2,2,,987,9/14/2024,,11,60%,1435,1.45,1435,1.45,2024-09-04,2025-02-27,177,167
Lehi Tech Apartments,Coda,C-213,2,2,2,,987,3/30/2024,,,60%,1700,1.72,1700,1.72,2024-03-30,2024-05-06,38,38
Lehi Tech Apartments,Coda,C-213,2,2,2,,987,4/24/2025,,12,60%,1441,1.46,1378,1.4,2025-04-18,2025-06-11,55,49
Lehi Tech Apartments,Cache,A-411,4,2,2,,987,8/7/2023,500,,60%,1644,1.67,1507,1.53,,2023-07-28,,
Lehi Tech Apartments,Cache,A-411,4,2,2,,987,8/17/2024,,12,60%,1499,1.52,1499,1.52,2024-06-13,2024-08-30,79,14
Lehi Tech Apartments,Cache,A-411,4,2,2,,987,9/9/2025,,12,60%,1445,1.46,1223,1.24,2025-06-26,2026-01-15,204,129
Lehi Tech Apartments,Coda,D-424,4,2,2,,987,8/26/2023,500,,60%,1696,1.72,1555,1.58,2023-07-28,2023-09-20,55,26
Lehi Tech Apartments,Coda,D-424,4,2,2,,987,11/10/2024,,12,60%,1429,1.45,1429,1.45,2024-10-29,2025-03-28,151,139
Lehi Tech Apartments,Coda,D-424,4,2,2,,987,12/10/2025,,12,60%,1454,1.47,1230,1.25,2025-10-07,2026-02-01,118,54
Lehi Tech Apartments,Coda,B-202,2,2,2,,987,4/11/2024,,,60%,1700,1.72,1700,1.72,2024-04-11,2024-05-06,26,26
Lehi Tech Apartments,Coda,B-202,2,2,2,,987,10/19/2024,,12,60%,1550,1.57,1550,1.57,2024-09-14,2024-12-11,89,54
Lehi Tech Apartments,Coda,B-202,2,2,2,,987,12/20/2025,,12,60%,1420,1.44,1201,1.22,2025-09-21,2026-02-05,138,48
Lehi Tech Apartments,Coda,B-202,2,2,2,,987,Now,,12,60%,1455,1.47,1330,1.35,2026-06-30,,14,7
Lehi Tech Apartments,Coda,A-302,3,2,2,,987,6/13/2024,,12,60%,1499,1.52,1499,1.52,2024-04-19,2024-08-11,115,60
Lehi Tech Apartments,Coda,A-302,3,2,2,,987,8/18/2025,,12,60%,1467,1.49,1298,1.32,2025-06-14,2025-10-08,117,52
Lehi Tech Apartments,Cache,B-304,3,2,2,,987,9/6/2024,,12,60%,1706,1.73,1706,1.73,2024-07-23,2024-09-10,50,5
Lehi Tech Apartments,Cache,B-304,3,2,2,,987,5/2/2025,,12,60%,1472,1.49,1349,1.37,2025-02-27,2025-07-18,142,78
Lehi Tech Apartments,Coda,A-113,1,2,2,,987,7/17/2023,500,,60%,1475,1.49,1475,1.49,,2024-03-17,,
Lehi Tech Apartments,Coda,A-113,1,2,2,,987,4/19/2025,,12,60%,1474,1.49,1412,1.43,2025-02-08,2025-06-03,116,46
Lehi Tech Apartments,Cache,D-423,4,2,2,,987,8/3/2024,,12,60%,1700,1.72,1700,1.72,2024-07-16,2024-08-07,23,5
Lehi Tech Apartments,Cache,D-423,4,2,2,,987,10/13/2025,,12,60%,1482,1.5,1254,1.27,2025-09-30,2026-01-11,104,91
Lehi Tech Apartments,Cache,B-404,4,2,2,,987,4/16/2025,,12,60%,1482,1.5,1358,1.38,2025-01-16,2025-07-27,193,103
Lehi Tech Apartments,Cache,B-211,2,2,2,,987,5/31/2024,,12,60%,1700,1.72,1700,1.72,2024-04-22,2024-06-12,52,13
Lehi Tech Apartments,Cache,B-211,2,2,2,,987,6/21/2025,,12,60%,1482,1.5,1358,1.38,2025-06-11,2025-07-27,47,37
Lehi Tech Apartments,Cache,D-409,4,2,2,,987,12/31/2025,,12,60%,1490,1.51,1261,1.28,2025-10-30,2026-02-04,98,36
Lehi Tech Apartments,Cache,C-508,5,2,2,,987,10/3/2023,500,,60%,1445,1.46,1264,1.28,2023-09-27,2023-11-05,40,34
Lehi Tech Apartments,Cache,C-508,5,2,2,,987,3/5/2025,,12,60%,1499,1.52,1499,1.52,2024-12-05,2025-03-04,90,0
Lehi Tech Apartments,Cache,C-508,5,2,2,,987,4/15/2026,,12,60%,1490,1.51,1366,1.38,2026-01-23,2026-05-13,111,29
Lehi Tech Apartments,Coda,B-113,1,2,2,,987,5/31/2024,,12,60%,1700,1.72,1700,1.72,2024-04-17,2024-06-12,57,13
Lehi Tech Apartments,Coda,B-113,1,2,2,,987,7/5/2025,,12,60%,1493,1.51,1321,1.34,2025-05-17,2025-11-28,196,147
Lehi Tech Apartments,Coda,C-313,3,2,2,,987,11/16/2023,500,12,60%,1349,1.37,1349,1.37,2023-09-17,2024-06-12,270,210
Lehi Tech Apartments,Coda,C-313,3,2,2,,987,Now,,13,60%,1495,1.51,1380,1.4,2026-04-21,,84,18
Lehi Tech Apartments,Coda,C-402,4,2,2,,987,7/23/2025,,12,60%,1435,1.45,1315,1.33,2025-05-16,2025-07-12,58,0
Lehi Tech Apartments,Coda,C-402,4,2,2,,987,Now,,13,60%,1495,1.51,1380,1.4,2026-03-31,,105,37
Lehi Tech Apartments,Coda,D-202,2,2,2,,987,5/19/2024,,12,60%,1349,1.37,1349,1.37,2024-04-17,2024-06-10,55,23
Lehi Tech Apartments,Coda,D-202,2,2,2,,987,6/26/2026,,12,60%,1497,1.52,1372,1.39,2026-04-11,2026-06-16,67,0
Lehi Tech Apartments,Coda,A-213,2,2,2,,987,12/22/2023,500,,60%,1741,1.76,1741,1.76,2023-11-09,2024-03-31,144,101
Lehi Tech Apartments,Coda,A-213,2,2,2,,987,10/10/2024,,12,60%,1429,1.45,1366,1.38,2024-10-05,2025-05-31,239,234
Lehi Tech Apartments,Coda,A-213,2,2,2,,987,6/6/2026,,13,60%,1498,1.52,1383,1.4,2026-03-31,2026-07-06,98,31
Lehi Tech Apartments,Coda,C-113,1,2,2,,987,10/19/2023,500,,60%,1470,1.49,1286,1.3,2023-08-20,2023-11-24,97,37
Lehi Tech Apartments,Coda,C-113,1,2,2,,987,12/8/2024,,12,60%,1379,1.4,1379,1.4,2024-12-06,2025-04-12,128,126
Lehi Tech Apartments,Coda,C-113,1,2,2,,987,4/27/2026,,12,60%,1499,1.52,1374,1.39,2026-02-25,2026-06-16,112,51
Lehi Tech Apartments,Cache,D-119,1,2,2,,987,10/24/2023,500,,60%,1791,1.81,1791,1.81,2023-09-08,2023-12-31,115,69
Lehi Tech Apartments,Cache,D-119,1,2,2,,987,1/2/2025,,12,60%,1499,1.52,1499,1.52,2024-10-30,2025-02-11,105,41
Lehi Tech Apartments,Cache,A-511,5,2,2,,987,4/5/2024,,,60%,1741,1.76,1741,1.76,2024-03-01,2024-04-13,44,9
Lehi Tech Apartments,Cache,A-511,5,2,2,,987,5/7/2025,,12,60%,1499,1.52,1499,1.52,2025-03-04,2025-03-08,5,0
Lehi Tech Apartments,Cache,C-511,5,2,2,,987,1/3/2025,,12,60%,1499,1.52,1499,1.52,2024-10-30,2025-04-02,155,90
Lehi Tech Apartments,Cache,D-104,1,2,2,,987,5/2/2025,,12,60%,1499,1.52,1499,1.52,2025-02-18,2025-02-27,10,0
Lehi Tech Apartments,Cache,D-306,3,2,2,,987,4/8/2024,,,60%,1741,1.76,1741,1.76,2024-03-27,2024-04-10,15,3
Lehi Tech Apartments,Cache,D-306,3,2,2,,987,12/5/2024,,12,60%,1499,1.52,1499,1.52,2024-11-07,2025-03-05,119,91
Lehi Tech Apartments,Cache,D-304,3,2,2,,987,2/28/2024,,,60%,1741,1.76,1741,1.76,2024-02-28,2024-03-08,10,10
Lehi Tech Apartments,Cache,D-304,3,2,2,,987,1/24/2025,,12,60%,1499,1.52,1499,1.52,2024-10-26,2025-03-14,140,50
Lehi Tech Apartments,Cache,B-208,2,2,2,,987,10/10/2023,500,,60%,1675,1.7,1535,1.56,2023-08-11,2023-10-03,54,0
Lehi Tech Apartments,Cache,B-208,2,2,2,,987,11/3/2024,,12,60%,1499,1.52,1499,1.52,2024-09-05,2025-04-01,209,150
Lehi Tech Apartments,Cache,D-421,4,2,2,,987,4/5/2024,,,60%,1741,1.76,1741,1.76,2024-02-28,2024-04-11,44,7
Lehi Tech Apartments,Cache,D-421,4,2,2,,987,3/27/2025,,12,60%,1499,1.52,1499,1.52,2025-01-24,2025-03-11,47,0
Lehi Tech Apartments,Cache,B-408,4,2,2,,987,7/20/2023,500,,60%,1659,1.68,1521,1.54,2023-07-13,2023-08-11,30,23
Lehi Tech Apartments,Cache,B-408,4,2,2,,987,8/21/2024,,12,60%,1499,1.52,1499,1.52,2024-05-23,2024-09-08,109,19
Lehi Tech Apartments,Cache,C-308,3,2,2,,987,10/5/2024,,12,60%,1500,1.52,1500,1.52,2024-08-01,2025-01-06,159,94
Lehi Tech Apartments,Coda ADA,C-102,1,2,2,,987,3/15/2024,,,60%,1299,1.32,1299,1.32,2024-03-15,2024-04-19,36,36
Lehi Tech Apartments,Coda ADA,C-102,1,2,2,,987,Now,,13,60%,1505,1.52,1390,1.41,2026-04-17,,88,12
Lehi Tech Apartments,Cache,B-308,3,2,2,,987,1/4/2024,500,,60%,1450,1.47,1450,1.47,2023-11-30,2024-02-13,76,41
Lehi Tech Apartments,Cache,B-308,3,2,2,,987,11/5/2024,,11,60%,1505,1.52,1505,1.52,2024-06-18,2025-02-24,252,112
Lehi Tech Apartments,Coda,B-413,4,2,2,,987,8/28/2023,500,,60%,1299,1.32,1299,1.32,2023-08-02,2024-04-26,269,243
Lehi Tech Apartments,Coda,B-413,4,2,2,,987,5/15/2025,,12,60%,1429,1.45,1366,1.38,2025-02-14,2025-05-17,93,3
Lehi Tech Apartments,Coda,B-413,4,2,2,,987,1/27/2026,,12,60%,1511,1.53,1278,1.29,2025-11-25,2026-02-13,81,18
Lehi Tech Apartments,Coda,B-402,4,2,2,,987,7/10/2025,,12,60%,1478,1.5,1355,1.37,2025-04-11,2025-07-29,110,20
Lehi Tech Apartments,Coda,B-402,4,2,2,,987,8/4/2026,,12,60%,1521,1.54,1396,1.41,2026-05-31,2026-06-02,3,0
Lehi Tech Apartments,Cache,A-404,4,2,2,,987,12/22/2023,500,,60%,1475,1.49,1475,1.49,2023-12-08,2024-03-20,104,90
Lehi Tech Apartments,Cache,A-404,4,2,2,,987,6/27/2025,,12,60%,1529,1.55,1529,1.55,2025-04-30,2025-05-02,3,0
Lehi Tech Apartments,Cache,A-404,4,2,2,,987,7/3/2026,,12,60%,1521,1.54,1396,1.41,2026-04-17,2026-06-12,57,0
Lehi Tech Apartments,Cache,D-206,2,2,2,,987,4/26/2024,,,60%,1741,1.76,1741,1.76,2024-04-11,2024-04-22,12,0
Lehi Tech Apartments,Cache,D-206,2,2,2,,987,7/26/2025,,12,60%,1513,1.53,1387,1.41,2025-05-21,2025-07-17,58,0
Lehi Tech Apartments,Cache,B-511,5,2,2,,987,10/17/2023,500,,60%,1445,1.46,1445,1.46,2023-08-18,2023-12-08,113,53
Lehi Tech Apartments,Cache,B-511,5,2,2,,987,12/5/2024,,12,60%,1499,1.52,1499,1.52,2024-11-09,2025-02-15,99,73
Lehi Tech Apartments,Cache,B-511,5,2,2,,987,4/15/2026,,12,60%,1513,1.53,1387,1.41,2026-01-13,2026-04-15,93,1
Lehi Tech Apartments,Cache,D-223,2,2,2,,987,6/30/2023,500,,60%,1653,1.67,1515,1.53,,2023-09-08,,
Lehi Tech Apartments,Cache,D-223,2,2,2,,987,9/13/2024,,10,60%,1722,1.74,1722,1.74,2024-07-06,2024-09-15,72,3
Lehi Tech Apartments,Cache,D-223,2,2,2,,987,9/24/2025,,12,60%,1623,1.64,1436,1.45,2025-07-20,2025-09-28,71,5
Lehi Tech Apartments,Cache,D-223,2,2,2,,987,8/15/2026,,12,60%,1520,1.54,1395,1.41,2026-07-10,,4,0
Lehi Tech Apartments,Cache,A-308,3,2,2,,987,9/12/2023,500,,60%,1644,1.67,1507,1.53,2023-07-28,2023-08-04,8,0
Lehi Tech Apartments,Cache,A-308,3,2,2,,987,7/9/2025,,12,60%,1598,1.62,1598,1.62,2025-04-17,2025-08-03,109,26
Lehi Tech Apartments,Cache,A-308,3,2,2,,987,8/8/2026,,12,60%,1520,1.54,1395,1.41,2026-05-11,,64,0
Lehi Tech Apartments,Cache,A-211,2,2,2,,987,4/26/2024,,12,60%,1700,1.72,1700,1.72,2024-04-11,2024-05-21,41,26
Lehi Tech Apartments,Cache,A-211,2,2,2,,987,Now,,12,60%,1520,1.54,1395,1.41,2026-05-13,,62,26
Lehi Tech Apartments,Cache,D-209,2,2,2,,987,4/22/2024,,,60%,1741,1.76,1741,1.76,2024-04-10,2024-04-22,13,1
Lehi Tech Apartments,Cache,D-209,2,2,2,,987,8/26/2025,,12,60%,1569,1.59,1388,1.41,2025-07-23,2025-09-24,64,30
Lehi Tech Apartments,Cache,D-209,2,2,2,,987,Now,,13,60%,1520,1.54,1405,1.42,2026-06-07,,37,32
Lehi Tech Apartments,Cache,B-204,2,2,2,,987,2/5/2024,,,60%,1399,1.42,1399,1.42,2024-01-08,2024-03-08,61,33
Lehi Tech Apartments,Cache,B-204,2,2,2,,987,4/22/2025,,12,60%,1499,1.52,1499,1.52,2025-02-21,2025-03-31,39,0
Lehi Tech Apartments,Cache,B-204,2,2,2,,987,4/24/2026,,12,60%,1520,1.54,1393,1.41,2026-02-18,2026-05-14,86,21
Lehi Tech Apartments,Cache,D-419,4,2,2,,987,10/12/2023,500,,60%,1741,1.76,1741,1.76,2023-08-13,2023-12-31,141,81
Lehi Tech Apartments,Cache,D-419,4,2,2,,987,10/13/2025,,12,60%,1576,1.6,1333,1.35,2025-10-05,2026-02-18,137,129
Lehi Tech Apartments,Cache,C-404,4,2,2,,987,3/24/2024,,,60%,1741,1.76,1741,1.76,2024-02-28,2024-04-10,43,18
Lehi Tech Apartments,Cache,C-404,4,2,2,,987,5/3/2025,,12,60%,1537,1.56,1474,1.49,2025-02-11,2025-07-09,149,68
Lehi Tech Apartments,Cache,C-404,4,2,2,,987,7/18/2026,,12,60%,1522,1.54,1395,1.41,2026-05-02,2026-05-11,10,0
Lehi Tech Apartments,Cache,B-311,3,2,2,,987,6/8/2025,,12,60%,1526,1.55,1526,1.55,2025-04-04,2025-08-11,130,65
Lehi Tech Apartments,Cache,B-311,3,2,2,,987,8/21/2026,,12,60%,1522,1.54,1397,1.42,2026-06-05,2026-06-16,12,0
Lehi Tech Apartments,Cache,C-408,4,2,2,,987,8/29/2023,500,,60%,1646,1.67,1440,1.46,2023-07-01,2023-10-25,117,58
Lehi Tech Apartments,Cache,C-408,4,2,2,,987,4/30/2024,,12,60%,1700,1.72,1700,1.72,2024-04-27,2024-05-07,11,8
Lehi Tech Apartments,Cache,C-408,4,2,2,,987,6/14/2025,,12,60%,1521,1.54,1458,1.48,2025-04-10,2025-07-01,83,18
Lehi Tech Apartments,Cache,C-408,4,2,2,,987,7/6/2026,,12,60%,1531,1.55,1406,1.42,2026-04-16,2026-06-02,48,0
Lehi Tech Apartments,Cache,D-201,2,2,2,,987,3/19/2024,,,60%,1741,1.76,1741,1.76,2024-03-15,2024-03-27,13,9
Lehi Tech Apartments,Cache,D-201,2,2,2,,987,5/1/2025,,12,60%,1477,1.5,1354,1.37,2025-02-09,2025-07-17,159,78
Lehi Tech Apartments,Cache,D-201,2,2,2,,987,7/7/2026,,12,60%,1531,1.55,1406,1.42,2026-03-10,2026-06-04,87,0
Lehi Tech Apartments,Coda,C-514,5,2,2,,987,5/22/2024,,12,60%,1700,1.72,1700,1.72,2024-05-06,2024-05-24,19,3
Lehi Tech Apartments,Coda,C-514,5,2,2,,987,8/7/2026,,12,60%,1525,1.55,1400,1.42,2026-05-17,,58,0
Lehi Tech Apartments,Cache,B-104,1,2,2,,987,4/12/2024,,,60%,1299,1.32,1299,1.32,2024-03-31,2024-04-18,19,7
Lehi Tech Apartments,Cache,B-104,1,2,2,,987,1/31/2025,,12,60%,1550,1.57,1550,1.57,2024-11-26,2024-12-08,13,0
Lehi Tech Apartments,Cache,B-104,1,2,2,,987,12/7/2025,,12,60%,1525,1.55,1290,1.31,2025-09-14,2026-02-11,151,67
Lehi Tech Apartments,Cache,D-319,3,2,2,,987,6/23/2024,,12,60%,1703,1.73,1703,1.73,2024-06-19,2024-06-27,9,5
Lehi Tech Apartments,Cache,D-319,3,2,2,,987,7/25/2025,,12,60%,1522,1.54,1460,1.48,2025-05-20,2025-07-01,43,0
Lehi Tech Apartments,Cache,D-319,3,2,2,,987,7/31/2026,,12,60%,1526,1.55,1399,1.42,2026-05-13,2026-05-19,7,0
Lehi Tech Apartments,Cache,D-404,4,2,2,,987,12/22/2023,500,,60%,1475,1.49,1475,1.49,2023-12-09,2024-03-17,100,87
Lehi Tech Apartments,Cache,D-404,4,2,2,,987,4/2/2025,,12,60%,1529,1.55,1466,1.49,2025-01-09,2025-05-25,137,54
Lehi Tech Apartments,Cache,D-404,4,2,2,,987,6/5/2026,,12,60%,1535,1.56,1410,1.43,2026-03-07,2026-06-12,98,8
Lehi Tech Apartments,Cache,D-221,2,2,2,,987,3/13/2024,,,60%,1741,1.76,1741,1.76,2024-02-28,2024-03-20,22,8
Lehi Tech Apartments,Cache,D-221,2,2,2,,987,4/6/2025,,12,60%,1499,1.52,1499,1.52,2025-02-01,2025-02-12,12,0
Lehi Tech Apartments,Cache,D-221,2,2,2,,987,2/7/2026,,12,60%,1527,1.55,1527,1.55,2026-01-06,2026-03-11,65,33
Lehi Tech Apartments,Cache,D-310,3,2,2,,987,4/19/2024,,,60%,1741,1.76,1741,1.76,2024-04-10,2024-04-14,5,0
Lehi Tech Apartments,Cache,D-310,3,2,2,,987,10/23/2024,,12,60%,1529,1.55,1529,1.55,2024-10-05,2025-01-10,98,80
Lehi Tech Apartments,Cache,D-310,3,2,2,,987,7/26/2025,,12,60%,1529,1.55,1466,1.49,2025-05-21,2025-06-02,13,0
Lehi Tech Apartments,Cache,B-411,4,2,2,,987,6/17/2023,500,,60%,1644,1.67,1507,1.53,,2023-08-05,,
Lehi Tech Apartments,Cache,B-411,4,2,2,,987,3/20/2024,,,60%,1741,1.76,1741,1.76,2024-03-09,2024-03-31,23,12
Lehi Tech Apartments,Cache,B-411,4,2,2,,987,4/8/2025,,12,60%,1529,1.55,1529,1.55,2025-02-05,2025-04-09,64,2
Lehi Tech Apartments,Cache,A-304,3,2,2,,987,1/22/2025,,12,60%,1529,1.55,1529,1.55,2024-12-01,2025-05-13,164,112
Lehi Tech Apartments,Coda,C-501,5,2,2,,987,7/6/2025,,12,60%,1523,1.54,1396,1.41,2025-04-22,2025-08-02,103,28
Lehi Tech Apartments,Coda,C-501,5,2,2,,987,8/5/2026,,12,60%,1531,1.55,1403,1.42,2026-05-07,2026-05-19,13,0
Lehi Tech Apartments,Cache,A-208,2,2,2,,987,12/2/2024,,12,60%,1529,1.55,1529,1.55,2024-11-20,2025-01-13,55,43
Lehi Tech Apartments,Cache,A-208,2,2,2,,987,1/23/2026,,11,60%,1532,1.55,1532,1.55,2025-11-14,2026-02-24,103,33
Lehi Tech Apartments,Cache,C-104,1,2,2,,987,10/24/2023,500,,60%,1791,1.81,1791,1.81,2023-10-14,2023-12-31,79,69
Lehi Tech Apartments,Cache,C-104,1,2,2,,987,1/13/2025,,12,60%,1499,1.52,1499,1.52,2024-11-20,2025-02-12,85,31
Lehi Tech Apartments,Cache,C-104,1,2,2,,987,4/15/2026,,12,60%,1532,1.55,1404,1.42,2025-12-16,2026-04-17,123,3
Lehi Tech Apartments,Cache,D-410,4,2,2,,987,8/22/2023,500,,60%,1644,1.67,1644,1.67,2023-06-23,2023-08-20,59,0
Lehi Tech Apartments,Cache,D-410,4,2,2,,987,10/16/2024,,12,60%,1500,1.52,1500,1.52,2024-10-04,2025-01-06,95,83
Lehi Tech Apartments,Cache,D-410,4,2,2,,987,4/20/2026,,12,60%,1545,1.57,1420,1.44,2026-03-20,2026-05-28,70,39
Lehi Tech Apartments,Cache,A-408,4,2,2,,987,6/5/2024,,12,60%,1599,1.62,1599,1.62,2024-05-06,2024-08-22,109,79
Lehi Tech Apartments,Cache,A-408,4,2,2,,987,9/3/2026,,12,60%,1536,1.56,1411,1.43,2026-06-05,,39,0
Lehi Tech Apartments,Cache,A-104,1,2,2,,987,4/30/2024,,,60%,1732,1.75,1732,1.75,2024-04-12,2024-04-30,19,1
Lehi Tech Apartments,Cache,A-104,1,2,2,,987,5/12/2025,,12,60%,1529,1.55,1529,1.55,2025-03-06,2025-04-23,49,0
Lehi Tech Apartments,Cache,A-104,1,2,2,,987,5/21/2026,,12,60%,1546,1.57,1421,1.44,2026-03-13,2026-06-05,85,16
Lehi Tech Apartments,Cache,C-211,2,2,2,,987,5/10/2024,,12,60%,1700,1.72,1700,1.72,2024-04-18,2024-06-04,48,26
Lehi Tech Apartments,Cache,C-211,2,2,2,,987,6/14/2026,,12,60%,1546,1.57,1421,1.44,2026-04-07,2026-05-28,52,0
Lehi Tech Apartments,Coda,A-501,5,2,2,,987,12/22/2023,500,,60%,1299,1.32,1299,1.32,2023-11-15,2024-05-03,171,134
Lehi Tech Apartments,Coda,A-501,5,2,2,,987,5/19/2026,,12,60%,1543,1.56,1418,1.44,2026-03-13,2026-06-29,109,42
Lehi Tech Apartments,Cache,A-111,1,2,2,,987,10/24/2023,500,,60%,1695,1.72,1554,1.57,2023-09-06,2023-09-28,23,0
Lehi Tech Apartments,Cache,A-111,1,2,2,,987,2/7/2025,,12,60%,1499,1.52,1499,1.52,2025-01-29,2025-02-12,15,6
Lehi Tech Apartments,Cache,A-111,1,2,2,,987,5/5/2026,,12,60%,1545,1.57,1416,1.43,2026-02-25,2026-05-13,78,9
Lehi Tech Apartments,Coda,D-123,1,2,2,,987,11/20/2024,,12,60%,1429,1.45,1429,1.45,2024-10-12,2025-03-12,152,113
Lehi Tech Apartments,Coda,D-123,1,2,2,,987,3/19/2026,,12,60%,1546,1.57,1308,1.33,2026-01-13,2026-02-14,33,0
Lehi Tech Apartments,Cache,D-401,4,2,2,,987,6/17/2023,500,,60%,1633,1.65,1633,1.65,,2023-06-21,,
Lehi Tech Apartments,Cache,D-401,4,2,2,,987,6/5/2026,,12,60%,1555,1.58,1430,1.45,2026-03-21,2026-06-02,74,0
Lehi Tech Apartments,Cache,D-301,3,2,2,,987,7/26/2025,,12,60%,1616,1.64,1616,1.64,2025-05-21,2025-08-12,84,18
Lehi Tech Apartments,Cache,D-301,3,2,2,,987,5/26/2026,,12,60%,1546,1.57,1421,1.44,2026-04-11,2026-05-21,41,0
Lehi Tech Apartments,Cache,C-504,5,2,2,,987,6/7/2024,,12,60%,1700,1.72,1700,1.72,2024-06-06,2024-06-07,2,1
Lehi Tech Apartments,Cache,C-504,5,2,2,,987,6/21/2025,,12,60%,1555,1.58,1425,1.44,2025-04-17,2025-07-16,91,26
Lehi Tech Apartments,Cache,C-504,5,2,2,,987,7/24/2026,,12,60%,1557,1.58,1432,1.45,2026-05-23,2026-06-05,14,0
Lehi Tech Apartments,Cache,C-311,3,2,2,,987,6/5/2024,,12,60%,1700,1.72,1700,1.72,2024-05-06,2024-05-11,6,0
Lehi Tech Apartments,Cache,C-311,3,2,2,,987,7/16/2025,,12,60%,1551,1.57,1488,1.51,2025-05-31,2025-06-20,21,0
Lehi Tech Apartments,Coda,D-302,3,2,2,,987,6/28/2024,,12,60%,1700,1.72,1700,1.72,2024-05-06,2024-07-15,71,18
Lehi Tech Apartments,Coda,D-302,3,2,2,,987,5/27/2025,,12,60%,1429,1.45,1366,1.38,2025-05-16,2025-05-31,16,5
Lehi Tech Apartments,Coda,D-302,3,2,2,,987,4/10/2026,,12,60%,1551,1.57,1422,1.44,2026-03-04,2026-03-18,15,0
Lehi Tech Apartments,Cache,D-521,5,2,2,,987,12/9/2024,,12,60%,1499,1.52,1499,1.52,2024-11-07,2025-03-04,118,86
Lehi Tech Apartments,Cache,D-521,5,2,2,,987,4/15/2026,,12,60%,1552,1.57,1423,1.44,2026-01-18,2026-04-30,103,16
Lehi Tech Apartments,Cache,D-323,3,2,2,,987,4/21/2024,,,60%,1714,1.74,1714,1.74,2024-04-10,2024-05-03,24,13
Lehi Tech Apartments,Cache,D-323,3,2,2,,987,5/23/2026,,12,60%,1554,1.57,1424,1.44,2026-03-28,2026-05-01,35,0
Lehi Tech Apartments,Cache,C-111,1,2,2,,987,9/19/2024,,10,60%,1722,1.74,1722,1.74,2024-05-01,2024-09-18,141,0
Lehi Tech Apartments,Cache,C-111,1,2,2,,987,4/16/2026,,12,60%,1557,1.58,1427,1.45,2026-01-24,2026-05-17,114,32
Lehi Tech Apartments,Cache,D-124,1,2,2,,987,7/10/2024,,12,60%,1700,1.72,1700,1.72,2024-05-06,2024-05-12,7,0
Lehi Tech Apartments,Cache,D-124,1,2,2,,987,9/18/2025,,12,60%,1642,1.66,1452,1.47,2025-06-20,2025-09-19,92,2
Lehi Tech Apartments,Cache,D-124,1,2,2,,987,6/7/2026,,12,60%,1561,1.58,1431,1.45,2026-04-01,2026-05-19,49,0
Lehi Tech Apartments,Cache,D-204,2,2,2,,987,12/20/2023,500,,60%,1741,1.76,1741,1.76,2023-12-10,2023-12-31,22,12
Lehi Tech Apartments,Cache,D-204,2,2,2,,987,10/5/2024,,12,60%,1499,1.52,1499,1.52,2024-07-31,2025-02-16,201,135
Lehi Tech Apartments,Cache,D-204,2,2,2,,987,3/10/2026,,12,60%,1563,1.58,1563,1.58,2026-01-03,2026-03-12,69,3
Lehi Tech Apartments,Cache,D-406,4,2,2,,987,8/15/2023,500,,60%,1641,1.66,1641,1.66,,2023-07-01,,
Lehi Tech Apartments,Cache,D-406,4,2,2,,987,8/21/2025,,12,60%,1564,1.58,1564,1.58,2025-05-23,2025-11-18,180,90
Lehi Tech Apartments,Cache,D-321,3,2,2,,987,5/31/2024,,12,60%,1700,1.72,1700,1.72,2024-04-22,2024-05-16,25,0
Lehi Tech Apartments,Cache,D-321,3,2,2,,987,2/6/2026,,12,60%,1620,1.64,1453,1.47,2025-11-19,2026-02-20,94,15
Lehi Tech Apartments,Cache,D-106,1,2,2,,987,4/25/2026,,13,60%,1574,1.59,1459,1.48,2026-01-25,2026-05-24,120,30
Lehi Tech Apartments,Cache,B-504,5,2,2,,987,9/1/2025,,12,60%,1571,1.59,1329,1.35,2025-06-24,2026-01-11,202,133
Lehi Tech Apartments,Cache,C-204,2,2,2,,987,3/26/2025,,12,60%,1499,1.52,1499,1.52,2025-01-16,2025-03-30,74,5
Lehi Tech Apartments,Cache,C-204,2,2,2,,987,2/26/2026,,12,60%,1576,1.6,1576,1.6,2026-02-25,2026-03-13,17,16
Lehi Tech Apartments,Coda,D-523,5,2,2,,987,5/31/2024,,12,60%,1700,1.72,1700,1.72,2024-05-25,2024-07-15,52,46
Lehi Tech Apartments,Coda,D-523,5,2,2,,987,6/1/2025,,12,60%,1429,1.45,1366,1.38,2025-03-28,2025-05-22,56,0
Lehi Tech Apartments,Coda,D-523,5,2,2,,987,3/7/2026,,11,60%,1579,1.6,1579,1.6,2026-02-25,2026-03-04,8,0
Lehi Tech Apartments,Cache,D-121,1,2,2,,987,3/30/2026,,12,60%,1601,1.62,1355,1.37,2026-01-14,2026-01-29,16,0
Lehi Tech Apartments,Cache,C-208,2,2,2,,987,9/5/2023,500,,80%,1657,1.68,1519,1.54,2023-07-08,2023-09-13,68,9
Lehi Tech Apartments,Cache,C-208,2,2,2,,987,9/22/2024,,10,80%,1722,1.74,1722,1.74,2024-09-04,2024-09-15,12,0
Lehi Tech Apartments,Cache,C-208,2,2,2,,987,9/29/2025,,12,80%,1604,1.63,1419,1.44,2025-07-18,2025-09-17,62,0
Lehi Tech Apartments,Cache,D-509,5,2,2,,987,3/8/2024,,,80%,1741,1.76,1741,1.76,2023-12-31,2024-04-04,96,28
Lehi Tech Apartments,Cache,D-509,5,2,2,,987,3/26/2026,,12,80%,1638,1.66,1502,1.52,2026-01-20,2026-03-20,60,0
Lehi Tech Apartments,Cache,D-504,5,2,2,,987,9/9/2023,500,,80%,1464,1.48,1464,1.48,2023-08-27,2023-12-05,101,88
Lehi Tech Apartments,Cache,D-504,5,2,2,,987,12/11/2024,,12,80%,1499,1.52,1499,1.52,2024-10-29,2025-01-31,95,52
Lehi Tech Apartments,Cache,D-504,5,2,2,,987,2/7/2026,,12,80%,1650,1.67,1459,1.48,2025-12-02,2025-12-13,12,0
Lehi Tech Apartments,Cache,A-504,5,2,2,,987,7/28/2024,,12,80%,1700,1.72,1700,1.72,2024-06-28,2024-08-06,40,10
Lehi Tech Apartments,Coda,A-514,5,2,2,,987,7/1/2024,,12,80%,1700,1.72,1700,1.72,2024-05-06,2024-07-08,64,8
Lehi Tech Apartments,Coda,B-302,3,2,2,,987,7/2/2024,,12,80%,1700,1.72,1700,1.72,2024-05-06,2024-07-16,72,15
Lehi Tech Apartments,Cache,D-110,1,2,2,,987,9/3/2024,,12,80%,1700,1.72,1700,1.72,2024-07-10,2024-08-14,36,0
Lehi Tech Apartments,Cache,A-311,3,2,2,,987,4/6/2024,,,80%,1741,1.76,1741,1.76,2024-03-08,2024-04-10,34,5
Lehi Tech Apartments,Cache,A-311,3,2,2,,987,12/29/2024,,12,80%,1700,1.72,1700,1.72,2024-10-25,2024-11-27,34,0
Lehi Tech Apartments,Coda,A-202,2,2,2,,987,5/1/2024,,12,80%,1700,1.72,1700,1.72,2024-04-14,2024-05-19,36,19
Lehi Tech Apartments,Coda,C-202,2,2,2,,987,7/8/2023,500,,80%,1659,1.68,1659,1.68,,2023-08-26,,
Lehi Tech Apartments,Coda,C-202,2,2,2,,987,10/11/2024,,12,80%,1706,1.73,1706,1.73,2024-08-07,2024-09-07,32,0
Lehi Tech Apartments,Cache,B-508,5,2,2,,987,8/10/2023,500,,80%,1720,1.74,1577,1.6,,2023-09-26,,
Lehi Tech Apartments,Cache,B-508,5,2,2,,987,10/3/2024,,12,80%,1739,1.76,1739,1.76,2024-07-05,2024-09-30,88,0
Lehi Tech Apartments,Cache,C-411,4,2,2,,987,10/28/2023,500,,60%,1415,1.43,1238,1.25,2023-09-30,2023-11-21,53,25
Lehi Tech Apartments,Cache,D-210,2,2,2,,987,2/9/2024,500,,60%,1450,1.47,1450,1.47,2023-12-15,2024-01-31,48,0
Lehi Tech Apartments,Cache,D-219,2,2,2,,987,10/24/2023,500,,60%,1450,1.47,1450,1.47,2023-09-06,2024-01-09,126,78
Lehi Tech Apartments,Coda,D-402,4,2,2,,987,9/7/2023,500,,60%,1475,1.49,1475,1.49,2023-08-30,2024-04-11,226,218
Lehi Tech Apartments,Coda,D-224,2,2,2,,987,9/7/2023,500,,60%,1475,1.49,1475,1.49,2023-07-09,2024-04-14,281,221
Lehi Tech Apartments,Cache,D-519,5,2,2,,987,4/30/2024,,,80%,1732,1.75,1732,1.75,2024-04-24,2024-05-01,8,2
Lehi Tech Apartments,Cache,B-111,1,2,2,,987,4/17/2024,,,80%,1741,1.76,1741,1.76,2024-04-04,2024-04-11,8,0
Lehi Tech Apartments,Cache,D-510,5,2,2,,987,9/18/2023,500,,80%,1781,1.8,1781,1.8,2023-09-09,2024-01-31,145,136
Lehi Tech Apartments,Jade,D-516,5,2,2,,1281,8/5/2024,,12,60%,1399,1.09,1399,1.09,2024-07-03,2024-08-29,58,25
Lehi Tech Apartments,Jade ADA,D-117,1,2,2,,1281,12/31/2024,,12,60%,1579,1.23,1579,1.23,2024-10-25,2025-05-11,199,132
Lehi Tech Apartments,Jade ADA,D-117,1,2,2,,1281,12/6/2025,,12,60%,1606,1.25,1359,1.06,2025-10-01,2026-02-19,142,76
Lehi Tech Apartments,Jade,D-417,4,2,2,,1281,10/17/2023,500,,60%,1841,1.44,1841,1.44,2023-08-18,2024-01-13,149,89
Lehi Tech Apartments,Jade,D-417,4,2,2,,1281,9/11/2024,,9,60%,1860,1.45,1860,1.45,2024-08-21,2024-10-03,44,23
Lehi Tech Apartments,Jade,D-417,4,2,2,,1281,10/7/2025,,12,60%,1628,1.27,1377,1.07,2025-09-27,2026-02-18,145,135
Lehi Tech Apartments,Jade,D-416,4,2,2,,1281,6/27/2023,500,,60%,1841,1.44,1841,1.44,,2024-01-17,,
Lehi Tech Apartments,Jade,D-416,4,2,2,,1281,4/27/2024,,12,60%,1449,1.13,1449,1.13,2024-04-27,2024-06-12,47,47
Lehi Tech Apartments,Jade,D-416,4,2,2,,1281,6/23/2025,,12,60%,1580,1.23,1398,1.09,2025-04-18,2025-12-07,234,168
Lehi Tech Apartments,Jade,D-317,3,2,2,,1281,9/18/2023,500,,60%,1841,1.44,1841,1.44,2023-07-20,2024-03-28,253,193
Lehi Tech Apartments,Jade,D-317,3,2,2,,1281,4/5/2025,,12,60%,1584,1.24,1522,1.19,2025-02-06,2025-07-02,147,89
Lehi Tech Apartments,Jade,D-216,2,2,2,,1281,9/6/2023,500,,80%,1841,1.44,1841,1.44,2023-08-27,2023-12-31,127,117
Lehi Tech Apartments,Jade,D-216,2,2,2,,1281,7/15/2025,,12,80%,1706,1.33,1706,1.33,2025-05-16,2025-08-28,105,45
Lehi Tech Apartments,Jade,D-216,2,2,2,,1281,9/2/2026,,12,80%,1666,1.3,1541,1.2,2026-06-07,,37,0
Lehi Tech Apartments,Jade,D-517,5,2,2,,1281,6/17/2023,500,,80%,1794,1.4,1794,1.4,,2023-08-26,,
Lehi Tech Apartments,Jade,D-517,5,2,2,,1281,1/21/2025,,12,80%,1679,1.31,1679,1.31,2024-12-17,2025-05-02,137,102
Lehi Tech Apartments,Jade,D-217,2,2,2,,1281,11/1/2023,500,,80%,1841,1.44,1841,1.44,2023-09-03,2023-12-31,120,61
Lehi Tech Apartments,Jade,D-217,2,2,2,,1281,2/27/2025,,12,80%,1679,1.31,1679,1.31,2025-02-21,2025-05-13,82,76
Lehi Tech Apartments,Jade,D-217,2,2,2,,1281,5/8/2026,,12,80%,1720,1.34,1577,1.23,2026-03-05,2026-03-28,24,0
Lehi Tech Apartments,Jade,D-116,1,2,2,,1281,6/17/2023,500,,80%,1773,1.38,1773,1.38,,2023-06-28,,
Lehi Tech Apartments,Jade,D-116,1,2,2,,1281,7/26/2024,,12,80%,1499,1.17,1499,1.17,2024-05-22,2024-08-16,87,22
Lehi Tech Apartments,Jade,D-116,1,2,2,,1281,8/16/2025,,12,80%,1796,1.4,1796,1.4,2025-07-15,2025-08-30,47,15
Lehi Tech Apartments,Jade,D-316,3,2,2,,1281,10/20/2023,500,,60%,1535,1.2,1343,1.05,2023-10-17,2023-11-21,36,33
Alvera at the Meadows,1x1 A,331,,1,1,,580,10/11/2024,250,,60%,1275,2.2,1169,2.02,2024-10-11,2025-03-01,142,142
Alvera at the Meadows,1x1 A,331,,1,1,,580,9/4/2025,,,60%,1199,2.07,1199,2.07,2025-08-28,2025-12-15,110,103
Alvera at the Meadows,1x1 A,231,,1,1,,580,6/10/2024,500,,60%,1300,2.24,1300,2.24,2024-06-10,2024-07-16,37,37
Alvera at the Meadows,1x1 A,231,,1,1,,580,4/15/2026,,6,60%,1250,2.16,1250,2.16,2026-01-08,2026-05-06,119,22
Alvera at the Meadows,1x1 A,131,,1,1,,580,6/24/2025,250,,60%,1300,2.24,1300,2.24,2025-06-24,2025-09-23,92,92
Alvera at the Meadows,1x1 A,131,,1,1,,580,4/15/2026,,12,60%,1270,2.19,1270,2.19,2026-01-16,2026-07-11,177,88
Alvera at the Meadows,1x1 B,109,,1,1,,679,2/10/2024,500,,60%,1350,1.99,1350,1.99,2023-12-06,2024-03-03,89,23
Alvera at the Meadows,1x1 B,109,,1,1,,679,8/29/2025,,,60%,1249,1.84,1145,1.69,2025-08-28,2026-01-23,149,148
Alvera at the Meadows,1x1 B,409,,1,1,,679,6/17/2023,,,60%,1350,1.99,1350,1.99,,2023-07-03,,
Alvera at the Meadows,1x1 B,409,,1,1,,679,7/11/2024,500,,60%,1350,1.99,1350,1.99,2024-06-10,2024-07-09,30,0
Alvera at the Meadows,1x1 B,409,,1,1,,679,9/4/2025,,,60%,1275,1.88,1275,1.88,2025-08-28,2026-01-13,139,132
Alvera at the Meadows,1x1 B,311,,1,1,,679,4/7/2026,,12,60%,1295,1.91,1212,1.78,2026-04-01,2026-04-14,14,8
Alvera at the Meadows,1x1 B,309,,1,1,,679,4/19/2026,,6,60%,1295,1.91,1295,1.91,2026-01-29,2026-05-21,113,33
Alvera at the Meadows,1x1 B,209,,1,1,,679,6/11/2026,,12,60%,1315,1.94,1315,1.94,2026-04-17,2026-07-11,86,31
Alvera at the Meadows,1-1,411,,1,1,,679,7/16/2023,,,60%,1350,1.99,1350,1.99,2023-07-16,2023-08-06,22,22
Alvera at the Meadows,1-1,211,,1,1,,679,9/21/2023,,,60%,1350,1.99,1350,1.99,2023-09-18,2023-11-10,54,51
Alvera at the Meadows,1x1 C,322,,1,1,,696,5/12/2026,,12,60%,1330,1.91,1205,1.73,2026-03-12,2026-06-25,106,45
Alvera at the Meadows,,121,,1,1,,696,4/11/2025,500,,60%,1360,1.95,1360,1.95,2025-04-11,2025-07-01,82,82
Alvera at the Meadows,1-4,421,,1,1,,696,4/10/2024,500,,60%,1360,1.95,1360,1.95,2024-03-16,2024-05-14,60,35
Alvera at the Meadows,1-4,422 - ADA,4,1,1,,696,6/17/2023,,,60%,1360,1.95,1360,1.95,,2023-07-26,,
Alvera at the Meadows,1-4,222,,1,1,,696,1/4/2024,,,60%,1360,1.95,1360,1.95,2023-12-07,2024-01-13,38,10
Alvera at the Meadows,1x1 D,313,,1,1,,704,11/27/2025,,,60%,1369,1.94,1255,1.78,2025-11-06,2026-02-06,93,72
Alvera at the Meadows,,417,,1,1,,704,12/13/2023,,,60%,1370,1.95,1370,1.95,2023-12-06,2024-02-06,63,56
Alvera at the Meadows,,417,,1,1,,704,2/12/2025,500,,60%,1345,1.91,1233,1.75,2025-02-05,2025-04-16,71,64
Alvera at the Meadows,1x1 D,117,,1,1,,704,6/10/2024,500,,60%,1370,1.95,1370,1.95,2024-06-10,2024-06-30,21,21
Alvera at the Meadows,1x1 D,117,,1,1,,704,4/24/2026,,6,60%,1355,1.92,1355,1.92,2026-03-19,2026-05-13,56,20
Alvera at the Meadows,1-2,217,,1,1,,704,3/16/2024,500,,60%,1370,1.95,1370,1.95,2024-03-16,2024-05-07,53,53
Alvera at the Meadows,1-2,230,,1,1,,704,8/10/2023,,,60%,1370,1.95,1370,1.95,2023-07-23,2023-08-04,13,0
Alvera at the Meadows,1-2,413,,1,1,,704,10/10/2023,,,60%,1370,1.95,1370,1.95,2023-10-07,2023-11-26,51,48
Alvera at the Meadows,1x1 D,332,,1,1,,704,9/18/2023,,,60%,1370,1.95,1370,1.95,2023-09-18,2023-10-05,18,18
Alvera at the Meadows,1x1 D,332,,1,1,,704,11/2/2025,,,60%,1395,1.98,1395,1.98,2025-09-04,2025-12-03,91,32
Alvera at the Meadows,1x1 D,113,,1,1,,704,4/11/2025,500,,60%,1395,1.98,1341,1.9,2025-04-11,2025-10-15,188,188
Alvera at the Meadows,1-3,415,,1,1,,729,7/10/2023,,,60%,1395,1.91,1395,1.91,,2023-07-23,,
Alvera at the Meadows,1x1 E,215,,1,1,,729,Now,,12,60%,1419,1.95,1419,1.95,2026-03-14,,122,87
Alvera at the Meadows,1x1 F,319,,1,1,,730,5/20/2026,,6,60%,1379,1.89,1379,1.89,2026-03-16,2026-05-06,52,0
Alvera at the Meadows,1x1 F,219,,1,1,,730,6/17/2023,,,80%,1395,1.91,1395,1.91,,2023-09-27,,
Alvera at the Meadows,1x1 F,219,,1,1,,730,2/29/2024,500,,80%,1395,1.91,1395,1.91,2024-02-20,2024-03-15,25,16
Alvera at the Meadows,1x1 F,219,,1,1,,730,8/29/2026,,12,80%,1485,2.03,1485,2.03,2026-06-26,2026-07-11,16,0
Alvera at the Meadows,1x1 H,429,,1,1,,827,9/4/2025,,,60%,1349,1.63,1237,1.5,2025-08-28,2026-02-04,161,154
Alvera at the Meadows,1x1 H,229,,1,1,,827,8/29/2025,,,60%,1349,1.63,1237,1.5,2025-08-28,2026-02-09,166,165
Alvera at the Meadows,2x2 A,101,,2,2,,1007,9/10/2025,,,60%,1550,1.54,1421,1.41,2025-08-30,2025-11-22,85,74
Alvera at the Meadows,2x2 A,236,,2,2,,1007,1/30/2026,,12,60%,1589,1.58,1547,1.54,2025-11-27,2026-03-19,113,49
Alvera at the Meadows,,401,,2,2,,1007,2/5/2025,700,,60%,1595,1.58,1462,1.45,2025-02-05,2025-03-22,46,46
Alvera at the Meadows,2x2 A,302,,2,2,,1007,7/16/2023,,,80%,1650,1.64,1512,1.5,2023-07-16,2023-09-29,76,76
Alvera at the Meadows,2x2 A,302,,2,2,,1007,8/29/2025,,,80%,1650,1.64,1650,1.64,2025-08-28,2025-09-05,9,8
Alvera at the Meadows,2-2,102,,2,2,,1007,6/17/2023,,,80%,1650,1.64,1512,1.5,,2024-01-23,,
Alvera at the Meadows,2-2,136,,2,2,,1007,7/16/2023,,,80%,1650,1.64,1512,1.5,2023-07-16,2023-07-23,8,8
Alvera at the Meadows,2-2,136,,2,2,,1007,1/30/2024,700,,80%,1650,1.64,1650,1.64,2024-01-30,2024-04-06,68,68
Alvera at the Meadows,2x2 B,108,,2,2,,1030,6/17/2023,,,60%,1665,1.62,1526,1.48,,2023-09-10,,
Alvera at the Meadows,2x2 B,108,,2,2,,1030,8/29/2025,,,60%,1499,1.46,1499,1.46,2025-08-28,2026-01-17,143,142
Alvera at the Meadows,2x2 B,407,,2,2,,1030,11/15/2025,,,60%,1499,1.46,1499,1.46,2025-09-12,2026-01-16,127,63
Alvera at the Meadows,2x2 B,107,,2,2,,1030,1/18/2025,700,,60%,1615,1.57,1615,1.57,2025-01-17,2025-02-12,27,26
Alvera at the Meadows,2x2 B,107,,2,2,,1030,2/7/2026,,,60%,1525,1.48,1398,1.36,2026-01-17,2026-01-31,15,0
Alvera at the Meadows,2x2 B,310,,2,2,,1030,1/23/2026,,,60%,1525,1.48,1398,1.36,2025-11-26,2026-01-24,60,2
Alvera at the Meadows,2x2 B,304,,2,2,,1030,2/14/2026,,,60%,1525,1.48,1525,1.48,2026-01-08,2026-01-18,11,0
Alvera at the Meadows,2x2 B,205,,2,2,,1030,1/4/2026,,,60%,1525,1.48,1525,1.48,2025-12-05,2026-01-01,28,0
Alvera at the Meadows,2x2 B,305,,2,2,,1030,1/17/2025,700,,60%,1615,1.57,1480,1.44,2025-01-17,2025-04-19,93,93
Alvera at the Meadows,2x2 B,305,,2,2,,1030,4/25/2026,,6,60%,1599,1.55,1599,1.55,2026-02-04,2026-03-03,28,0
Alvera at the Meadows,2x2 B,112,,2,2,,1030,11/15/2025,,,80%,1715,1.67,1572,1.53,2025-09-12,2025-11-27,77,13
Alvera at the Meadows,2x2 B,112,,2,2,,1030,7/11/2026,,12,80%,1650,1.6,1650,1.6,2026-05-07,2026-07-10,65,0
Alvera at the Meadows,2x2 B,216,,2,2,,1030,Now,,12,80%,1650,1.6,1650,1.6,2026-04-24,,81,9
Alvera at the Meadows,2x2 B,405,,2,2,,1030,1/17/2025,700,,80%,1615,1.57,1443,1.4,2025-01-17,2025-06-23,158,158
Alvera at the Meadows,2x2 B,405,,2,2,,1030,6/28/2026,,12,80%,1650,1.6,1629,1.58,2026-04-22,2026-06-27,67,0
Alvera at the Meadows,2x2 B,212,,2,2,,1030,5/18/2026,,12,80%,1650,1.6,1567,1.52,2026-03-13,2026-04-15,34,0
Alvera at the Meadows,2x2 B,307,,2,2,,1030,6/22/2026,,12,80%,1650,1.6,1567,1.52,2026-04-17,2026-04-23,7,0
Alvera at the Meadows,2x2 B,412,,2,2,,1030,5/24/2026,,12,80%,1650,1.6,1608,1.56,2026-03-13,2026-04-01,20,0
Alvera at the Meadows,2x2 B,308,,2,2,,1030,6/3/2026,,6,80%,1650,1.6,1650,1.6,2026-04-28,2026-05-11,14,0
Alvera at the Meadows,2x2 B,208,,2,2,,1030,7/5/2026,,12,80%,1650,1.6,1629,1.58,2026-05-01,2026-06-05,36,0
Alvera at the Meadows,2x2 B,206,,2,2,,1030,12/7/2025,,,80%,1525,1.48,1525,1.48,2025-09-09,2025-12-10,93,4
Alvera at the Meadows,2x2 B,206,,2,2,,1030,5/7/2026,,6,80%,1650,1.6,1650,1.6,2026-04-30,2026-05-27,28,21
Alvera at the Meadows,2-1,318,,2,2,,1030,9/18/2023,,,80%,1665,1.62,1526,1.48,2023-09-18,2023-10-18,31,31
Alvera at the Meadows,2-1,124,,2,2,,1030,12/10/2023,700,,80%,1665,1.62,1665,1.62,2023-12-06,2024-06-03,181,177
Alvera at the Meadows,,,,2,2,,1030,10/1/2024,700,,80%,1665,1.62,1665,1.62,2024-09-24,2025-08-28,339,332
Alvera at the Meadows,2x2 B,406,,2,2,,1030,9/28/2025,,,80%,1665,1.62,1665,1.62,2025-09-17,2025-09-20,4,0
Alvera at the Meadows,2x2 B,414,,2,2,,1030,10/19/2025,,,80%,1665,1.62,1665,1.62,2025-10-01,2025-10-03,3,0
Alvera at the Meadows,2x2 B,316,,2,2,,1030,1/17/2025,700,,80%,1615,1.57,1480,1.44,2025-01-17,2025-04-12,86,86
Alvera at the Meadows,2x2 B,316,,2,2,,1030,8/9/2026,,12,80%,1725,1.67,1725,1.67,2026-07-03,2026-07-11,9,0
Alvera at the Meadows,2x2 B,106,,2,2,,1030,9/26/2026,,12,80%,1740,1.69,1740,1.69,2026-07-03,2026-07-11,9,0
Alvera at the Meadows,2x2 B,116,,2,2,,1030,9/7/2026,,12,80%,1740,1.69,1740,1.69,2026-07-03,2026-07-11,9,0
Alvera at the Meadows,2x2 C,128,,2,2,,1043,11/22/2023,,,80%,1675,1.61,1535,1.47,2023-09-18,2023-11-22,66,1
Alvera at the Meadows,2x2 C,128,,2,2,,1043,4/15/2026,,6,80%,1675,1.61,1675,1.61,2026-01-06,2026-05-05,120,21
Alvera at the Meadows,2x2 D,334,,2,2,,1062,8/29/2025,,,80%,1685,1.59,1685,1.59,2025-08-28,2025-09-05,9,8
Alvera at the Meadows,2x2 D,434,,2,2,,1062,8/30/2026,,12,80%,1780,1.68,1697,1.6,2026-04-25,2026-04-28,4,0
Alvera at the Meadows,2x2 E,424,,2,2,,1094,6/29/2026,,12,80%,1680,1.54,1680,1.54,2026-03-30,2026-07-11,104,13
Alvera at the Meadows,2-5,324,,2,2,,1094,11/23/2023,,,80%,1700,1.55,1558,1.42,2023-09-19,2023-12-02,75,10
Alvera at the Meadows,2x2 F,223,,2,2,,1122,2/9/2026,,12,80%,1625,1.45,1583,1.41,2026-02-03,2026-03-13,39,33
Alvera at the Meadows,2x2 G,323,,2,2,,1126,2/5/2025,700,,80%,1670,1.48,1531,1.36,2025-02-05,2025-04-24,79,79
Alvera at the Meadows,2x2 G,323,,2,2,,1126,12/20/2025,,,80%,1675,1.49,1535,1.36,2025-11-26,2026-02-07,74,50
Alvera at the Meadows,2x2 H,224,,2,2,,1142,5/14/2026,,12,80%,1690,1.48,1607,1.41,2026-04-08,2026-04-15,8,0
Alvera at the Meadows,"Beautiful 1, 2 and 3 Bedroom Units available!!",203,,3,2,,1030,7/16/2023,,,60%,1665,1.62,1526,1.48,2023-07-16,2023-07-19,4,4
Alvera at the Meadows,"Beautiful 1, 2 and 3 Bedroom Units available!!",118,,3,2,,1030,7/16/2023,,,60%,1665,1.62,1526,1.48,2023-07-16,2023-07-19,4,4
Alvera at the Meadows,,235,,3,2,,1192,1/18/2025,800,,80%,1825,1.53,1825,1.53,2025-01-17,2025-06-10,145,144
Alvera at the Meadows,3x2 A,435,,3,2,,1192,7/16/2023,,,80%,1900,1.59,1742,1.46,2023-07-16,2023-07-23,8,8
Alvera at the Meadows,3x2 A,435,,3,2,,1192,1/16/2025,800,,80%,1825,1.53,1655,1.39,2025-01-16,2025-06-28,164,164
Alvera at the Meadows,3x2 A,435,,3,2,,1192,8/22/2026,,12,80%,2020,1.69,2020,1.69,2026-06-18,2026-07-11,24,0
Alvera at the Meadows,3x2 A,335,,3,2,,1192,6/17/2023,800,,80%,1900,1.59,1900,1.59,,2024-05-14,,
Alvera at the Meadows,3x2 A,335,,3,2,,1192,6/7/2026,,12,80%,2025,1.7,2025,1.7,2026-04-01,2026-07-10,101,34
Alvera at the Meadows,3x2 B,426,,3,2,,1259,10/17/2025,,,80%,1999,1.59,1922,1.53,2025-10-08,2025-10-24,17,8
Alvera at the Meadows,3x2 B,328,,3,2,,1259,12/7/2025,,,80%,1999,1.59,1999,1.59,2025-11-29,2026-01-17,50,42
Alvera at the Meadows,3-1,228,,3,2,,1259,6/17/2023,,,80%,1885,1.5,1728,1.37,,2023-08-17,,
Alvera at the Meadows,,,,3,2,,1259,10/1/2024,800,,80%,1910,1.52,1910,1.52,2024-09-24,2025-08-28,339,332
Alvera at the Meadows,3-1,433 - ADA,4,3,2,,1259,6/17/2023,,,80%,1985,1.58,1820,1.45,,2023-12-06,,
Alvera at the Meadows,Incredible 3 Bedroom Apartment - MUST SEE!,327,,3,2,,1259,6/10/2024,800,,80%,1985,1.58,1985,1.58,2024-06-10,2024-06-11,2,2
Alvera at the Meadows,3x2 B,226,,3,2,,1259,12/6/2023,800,,80%,1985,1.58,1985,1.58,2023-12-06,2024-05-09,156,156
Alvera at the Meadows,3x2 B,226,,3,2,,1259,1/16/2025,800,,80%,1910,1.52,1910,1.52,2025-01-16,2025-02-01,17,17
Alvera at the Meadows,3x2 B,226,,3,2,,1259,12/24/2025,,12,80%,2035,1.62,1993,1.58,2025-12-17,2026-03-31,105,98
Alvera at the Meadows,3x2 B,333,,3,2,,1259,6/20/2023,,,80%,1985,1.58,1820,1.45,,2023-07-23,,
Alvera at the Meadows,3x2 B,333,,3,2,,1259,1/17/2025,800,,80%,1910,1.52,1685,1.34,2025-01-17,2025-06-19,154,154
Alvera at the Meadows,3x2 B,333,,3,2,,1259,7/19/2026,,12,80%,2060,1.64,2060,1.64,2026-05-15,2026-07-11,58,0
Alvera at the Meadows,3x2 B,326,,3,2,,1259,6/17/2023,,,80%,1985,1.58,1820,1.45,,2023-06-29,,
Alvera at the Meadows,3x2 B,326,,3,2,,1259,8/14/2026,,12,80%,2060,1.64,2060,1.64,2026-06-11,2026-07-11,31,0
Alvera at the Meadows,,,,3,2,,1280,9/24/2024,800,,80%,1925,1.5,1925,1.5,2024-09-24,2025-08-28,339,339
Alvera at the Meadows,Spring into a lovely 3 bedroom apartment at Alv...,225,,3,2,,1280,7/16/2023,,,80%,2000,1.56,1833,1.43,2023-07-16,2023-07-23,8,8
Alvera at the Meadows,Spring into a lovely 3 bedroom apartment at Alv...,225,,3,2,,1280,12/6/2023,800,,80%,2000,1.56,2000,1.56,2023-12-06,2024-06-01,179,179
Alvera at the Meadows,3-2,425,,3,2,,1280,6/17/2023,,,80%,2000,1.56,1833,1.43,,2023-10-07,,
Alvera at the Meadows,3x2 C,220,,3,2,,1280,6/17/2023,,,80%,1900,1.48,1742,1.36,,2023-11-02,,
Alvera at the Meadows,3x2 C,220,,3,2,,1280,6/10/2024,800,,80%,1900,1.48,1900,1.48,2024-06-10,2024-06-11,2,2
Alvera at the Meadows,3x2 C,220,,3,2,,1280,8/16/2026,,12,80%,2075,1.62,2075,1.62,2026-06-18,2026-07-07,20,0
Alvera at the Meadows,3x2 C,120,,3,2,,1280,7/13/2026,,12,80%,2125,1.66,2125,1.66,2026-05-07,2026-07-11,66,0
Alvera at the Meadows,3x2 C,325,,3,2,,1280,5/26/2026,,12,80%,2125,1.66,2125,1.66,2026-03-17,2026-07-11,117,47
Liberty Hill,Fireflower,27-48,,1,1,,777,12/8/2023,,,60%,1495,1.92,1495,1.92,2023-09-13,2023-12-05,84,0
Liberty Hill,Fireflower,27-48,,1,1,,777,12/28/2024,,12,60%,1399,1.8,1357,1.75,2024-11-14,2025-02-01,80,36
Liberty Hill,Fireflower,38-84,,1,1,,777,1/24/2025,,12,60%,1455,1.87,1413,1.82,2025-01-10,2025-02-12,34,20
Liberty Hill,Fireflower,27-50,,1,1,,777,2/7/2025,,12,60%,1457,1.88,1457,1.88,2025-01-03,2025-02-15,44,9
Liberty Hill,Fireflower,38-88,,1,1,,777,11/27/2023,,,60%,1501,1.93,1501,1.93,2023-10-24,2024-01-19,88,54
Liberty Hill,Fireflower,38-88,,1,1,,777,2/2/2025,,12,60%,1467,1.89,1467,1.89,2024-12-25,2025-02-20,58,19
Liberty Hill,Fireflower,38-90,3,1,1,,777,1/20/2025,,12,80%,1494,1.92,1370,1.76,2024-12-14,2025-01-15,33,0
Liberty Hill,Fireflower,36-104,,1,1,,777,10/28/2025,,12,80%,1487,1.91,1363,1.75,2025-09-23,2026-01-09,109,74
Liberty Hill,Fireflower,31-90,,1,1,,777,9/7/2024,,12,80%,1487,1.91,1487,1.91,2024-09-03,2024-09-18,16,12
Liberty Hill,Fireflower,37-98,,1,1,,777,5/2/2024,,12,80%,1537,1.98,1537,1.98,2024-03-02,2024-03-09,8,0
Liberty Hill,Fireflower,37-98,,1,1,,777,11/8/2024,,12,80%,1491,1.92,1367,1.76,2024-10-12,2025-01-10,91,64
Liberty Hill,Fireflower,30-86,,1,1,,777,2/11/2024,,,80%,1495,1.92,1495,1.92,2023-12-15,2023-12-29,15,0
Liberty Hill,Fireflower,37-102,,1,1,,777,12/11/2024,,12,80%,1515,1.95,1432,1.84,2024-11-02,2024-11-15,14,0
Liberty Hill,Fireflower,37-102,,1,1,,777,12/26/2025,,12,80%,1593,2.05,1460,1.88,2025-10-31,2026-01-15,77,21
Liberty Hill,Fireflower,35-114,,1,1,,777,10/5/2024,,12,80%,1561,2.01,1561,2.01,2024-08-30,2024-09-08,10,0
Liberty Hill,Fireflower,35-114,,1,1,,777,10/10/2025,,12,80%,1499,1.93,1374,1.77,2025-08-29,2025-12-27,121,79
Liberty Hill,Fireflower,31-94,,1,1,,777,7/29/2024,,12,80%,1509,1.94,1442,1.86,2024-06-17,2024-08-15,60,18
Liberty Hill,Fireflower,27-52,,1,1,,777,12/22/2025,,12,80%,1634,2.1,1498,1.93,2025-11-13,2026-02-12,92,53
Liberty Hill,Fireflower,28-70,,1,1,,777,8/10/2024,,12,80%,1541,1.98,1541,1.98,2024-07-01,2024-07-14,14,0
Liberty Hill,Fireflower,35-112,,1,1,,777,8/8/2024,,12,80%,1583,2.04,1583,2.04,2024-06-27,2024-07-03,7,0
Liberty Hill,Fireflower,35-112,,1,1,,777,9/20/2025,,12,80%,1555,2,1425,1.83,2025-08-01,2025-11-18,110,60
Liberty Hill,Fireflower,37-94,3,1,1,,777,11/2/2023,,,80%,1489,1.92,1489,1.92,2023-09-14,2024-01-09,118,69
Liberty Hill,Fireflower,37-94,3,1,1,,777,1/25/2026,,12,80%,1564,2.01,1434,1.85,2025-12-27,2026-01-22,27,0
Liberty Hill,Fireflower,37-92,,1,1,,777,3/20/2024,,12,80%,1507,1.94,1507,1.94,2024-02-13,2024-03-01,18,0
Liberty Hill,Fireflower,37-92,,1,1,,777,10/23/2024,,12,80%,1564,2.01,1564,2.01,2024-09-04,2024-09-07,4,0
Liberty Hill,Fireflower,35-120,,1,1,,777,10/8/2023,,,80%,1569,2.02,1569,2.02,2023-08-17,2023-11-16,92,40
Liberty Hill,Fireflower,36-108,,1,1,,777,7/16/2023,,,80%,1576,2.03,1576,2.03,2023-07-15,2023-08-03,20,19
Liberty Hill,Fireflower,36-108,,1,1,,777,8/11/2024,,12,80%,1551,2,1551,2,2024-07-04,2024-07-28,25,0
Liberty Hill,Fireflower,36-108,,1,1,,777,2/7/2026,,12,80%,1572,2.02,1441,1.85,2026-01-09,2026-04-04,86,57
Liberty Hill,Fireflower,39-74,,1,1,,777,5/27/2024,,12,80%,1591,2.05,1591,2.05,2024-04-20,2024-06-23,65,28
Liberty Hill,Fireflower,39-74,,1,1,,777,3/8/2025,,11,80%,1468,1.89,1468,1.89,2025-02-11,2025-02-14,4,0
Liberty Hill,Fireflower,39-74,,1,1,,777,4/3/2026,,12,80%,1572,2.02,1441,1.85,2026-02-26,2026-04-11,45,9
Liberty Hill,Fireflower,28-62,,1,1,,777,5/8/2026,,12,80%,1578,2.03,1536,1.98,2026-01-01,2026-05-11,131,4
Liberty Hill,Fireflower,39-78,,1,1,,777,8/16/2023,,,80%,1579,2.03,1579,2.03,2023-07-07,2023-07-25,19,0
Liberty Hill,Fireflower,29-74,,1,1,,777,9/12/2024,,12,80%,1580,2.03,1580,2.03,2024-07-26,2024-09-25,62,14
Liberty Hill,Fireflower,28-68,,1,1,,777,6/19/2023,,,80%,1562,2.01,1562,2.01,2023-06-19,2023-06-27,9,9
Liberty Hill,Fireflower,28-68,,1,1,,777,1/17/2025,,12,80%,1455,1.87,1413,1.82,2024-12-20,2025-02-12,55,27
Liberty Hill,Fireflower,28-68,,1,1,,777,4/30/2026,,12,80%,1580,2.03,1538,1.98,2026-02-10,2026-04-21,71,0
Liberty Hill,Fireflower,30-82,,1,1,,777,2/24/2025,,11,80%,1641,2.11,1641,2.11,2025-01-03,2025-03-27,84,32
Liberty Hill,Fireflower,30-82,,1,1,,777,4/30/2026,,12,80%,1584,2.04,1542,1.98,2026-03-04,2026-04-23,51,0
Liberty Hill,Fireflower,36-110,,1,1,,777,9/19/2025,,12,80%,1588,2.04,1527,1.97,2025-08-23,2025-10-08,47,20
Liberty Hill,Fireflower,30-84,,1,1,,777,9/11/2023,,,80%,1610,2.07,1610,2.07,2023-08-10,2023-09-07,29,0
Liberty Hill,Fireflower,30-84,,1,1,,777,11/20/2024,,12,80%,1501,1.93,1418,1.82,2024-09-26,2024-11-09,45,0
Liberty Hill,Fireflower,30-84,,1,1,,777,5/9/2026,,12,80%,1653,2.13,1611,2.07,2026-04-11,2026-05-18,38,10
Liberty Hill,Fireflower,28-60,,1,1,,777,7/23/2024,,12,80%,1509,1.94,1442,1.86,2024-06-18,2024-08-16,60,25
Liberty Hill,Fireflower,28-60,,1,1,,777,5/14/2025,,12,80%,1626,2.09,1626,2.09,2025-05-02,2025-06-16,46,34
Liberty Hill,Fireflower,28-60,,1,1,,777,1/15/2026,,12,80%,1659,2.14,1521,1.96,2025-12-18,2026-01-28,42,14
Liberty Hill,Fireflower,31-96,,1,1,,777,8/18/2024,,12,80%,1543,1.99,1543,1.99,2024-07-12,2024-07-24,13,0
Liberty Hill,Fireflower,31-96,,1,1,,777,12/11/2024,,12,80%,1511,1.94,1385,1.78,2024-11-05,2025-01-03,60,24
Liberty Hill,Fireflower,31-96,,1,1,,777,2/12/2026,,12,80%,1693,2.18,1552,2,2026-01-08,2026-03-24,76,41
Liberty Hill,Fireflower,38-86,,1,1,,777,4/27/2024,,12,80%,1617,2.08,1617,2.08,2024-04-03,2024-04-24,22,0
Liberty Hill,Fireflower,31-92,,1,1,,777,6/2/2024,,12,80%,1501,1.93,1501,1.93,2024-05-01,2024-07-12,73,41
Liberty Hill,Fireflower,31-92,,1,1,,777,7/24/2025,,12,80%,1621,2.09,1588,2.04,2025-06-18,2025-08-10,54,18
Liberty Hill,Fireflower,31-88,,1,1,,777,6/23/2025,,12,80%,1621,2.09,1588,2.04,2025-05-23,2025-08-06,76,45
Liberty Hill,Fireflower,31-98,,1,1,,777,10/4/2023,,,80%,1621,2.09,1621,2.09,2023-09-17,2023-10-20,34,17
Liberty Hill,Fireflower,27-46,,1,1,,777,9/8/2025,,12,80%,1572,2.02,1441,1.85,2025-08-22,2025-12-13,114,97
Liberty Hill,Fireflower,27-46,,1,1,,777,5/14/2026,,11,80%,1626,2.09,1626,2.09,2026-05-13,2026-05-23,11,10
Liberty Hill,Fireflower,39-70,,1,1,,777,5/13/2024,,12,80%,1593,2.05,1470,1.89,2024-03-30,2024-05-14,46,2
Liberty Hill,Fireflower,39-70,,1,1,,777,5/30/2025,,12,80%,1631,2.1,1631,2.1,2025-04-15,2025-04-19,5,0
Liberty Hill,Fireflower,37-100,3,1,1,,777,7/28/2023,,,80%,1579,2.03,1579,2.03,2023-06-22,2023-07-07,16,0
Liberty Hill,Fireflower,37-100,3,1,1,,777,1/12/2026,,12,80%,1664,2.14,1525,1.96,2026-01-06,2026-03-04,58,52
Liberty Hill,Fireflower,37-96,,1,1,,777,6/26/2024,,11,80%,1638,2.11,1638,2.11,2024-05-21,2024-06-04,15,0
Liberty Hill,Fireflower,29-76,,1,1,,777,6/19/2023,,,80%,1554,2,1554,2,2023-06-19,2023-06-21,3,3
Liberty Hill,Fireflower,29-76,,1,1,,777,10/29/2023,,,80%,1501,1.93,1501,1.93,2023-10-25,2024-01-14,82,78
Liberty Hill,Fireflower,29-76,,1,1,,777,1/25/2025,,11,80%,1399,1.8,1399,1.8,2024-12-13,2025-02-27,77,34
Liberty Hill,Fireflower,29-76,,1,1,,777,5/1/2026,,12,80%,1640,2.11,1640,2.11,2026-03-17,2026-06-12,88,43
Liberty Hill,Fireflower,35-122,3,1,1,,777,6/7/2026,,12,80%,1644,2.12,1602,2.06,2026-04-30,2026-05-05,6,0
Liberty Hill,Fireflower,36-106,,1,1,,777,8/4/2025,,12,80%,1699,2.19,1557,2,2025-07-15,2025-08-22,39,19
Liberty Hill,Fireflower,29-72,,1,1,,777,6/26/2024,,12,80%,1501,1.93,1501,1.93,2024-06-20,2024-07-17,28,22
Liberty Hill,Fireflower,29-72,,1,1,,777,8/1/2025,,12,80%,1699,2.19,1557,2,2025-07-02,2025-08-24,54,24
Liberty Hill,Fireflower,27-44,,1,1,,777,5/24/2024,,12,80%,1597,2.06,1474,1.9,2024-04-19,2024-05-17,29,0
Liberty Hill,Fireflower,27-44,,1,1,,777,6/15/2026,,12,80%,1650,2.12,1608,2.07,2026-03-24,2026-04-25,33,0
Liberty Hill,Fireflower,27-54,,1,1,,777,11/24/2023,,12,80%,1527,1.97,1527,1.97,2023-10-20,2024-03-07,140,105
Liberty Hill,Fireflower,27-54,,1,1,,777,3/20/2026,,12,80%,1692,2.18,1551,2,2026-02-05,2026-02-13,9,0
Liberty Hill,Fireflower,39-72,,1,1,,777,7/19/2024,,12,80%,1501,1.93,1501,1.93,2024-06-11,2024-07-23,43,5
Liberty Hill,Fireflower,39-72,,1,1,,777,3/16/2026,,12,80%,1692,2.18,1551,2,2026-02-21,2026-02-22,2,0
Liberty Hill,Larkspur,46-50,,2,2,1,1010,9/17/2023,,,60%,1780,1.76,1780,1.76,2023-08-03,2023-09-01,30,0
Liberty Hill,Larkspur,46-50,,2,2,1,1010,11/15/2024,,12,60%,1634,1.62,1498,1.48,2024-11-09,2024-12-11,33,27
Liberty Hill,Larkspur,01-75,,2,2,1,1010,2/3/2025,,12,60%,1634,1.62,1498,1.48,2024-12-06,2024-12-08,3,0
Liberty Hill,Larkspur,40-60,,2,2,1,1010,12/22/2024,,12,60%,1636,1.62,1500,1.49,2024-10-22,2025-01-11,82,21
Liberty Hill,Larkspur,42-30,,2,2,1,1010,3/6/2025,,12,60%,1642,1.63,1600,1.58,2025-01-30,2025-02-04,6,0
Liberty Hill,Larkspur,43-26,,2,2,1,1010,12/22/2024,,12,60%,1642,1.63,1600,1.58,2024-11-19,2025-01-30,73,40
Liberty Hill,Larkspur,02-65,,2,2,1,1010,6/7/2024,,12,60%,1680,1.66,1680,1.66,2024-05-06,2024-05-21,16,0
Liberty Hill,Larkspur,02-65,,2,2,1,1010,11/7/2024,,12,60%,1644,1.63,1507,1.49,2024-10-16,2025-01-18,95,73
Liberty Hill,Larkspur,18-44,,2,2,1,1010,4/6/2025,,12,60%,1645,1.63,1603,1.59,2025-01-28,2025-02-05,9,0
Liberty Hill,Larkspur,06-11,,2,2,1,1010,1/28/2025,,12,60%,1645,1.63,1603,1.59,2025-01-22,2025-02-11,21,15
Liberty Hill,Larkspur,01-83,,2,2,1,1010,8/13/2023,,,60%,1799,1.78,1799,1.78,2023-07-18,2023-07-19,2,0
Liberty Hill,Larkspur,01-83,,2,2,1,1010,2/20/2025,,12,60%,1648,1.63,1511,1.5,2025-01-04,2025-01-24,21,0
Liberty Hill,Larkspur,05-27,,2,2,1,1010,8/9/2023,,,60%,1654,1.64,1654,1.64,2023-06-26,2023-06-29,4,0
Liberty Hill,Larkspur,18-48,1,2,2,1,1010,9/8/2023,,,80%,1782,1.76,1782,1.76,2023-09-05,2023-09-20,16,13
Liberty Hill,Larkspur,18-48,1,2,2,1,1010,9/28/2024,,12,80%,1695,1.68,1628,1.61,2024-08-22,2024-10-22,62,25
Liberty Hill,Larkspur,06-13,,2,2,1,1010,9/10/2024,,12,80%,1695,1.68,1695,1.68,2024-09-04,2024-10-06,33,27
Liberty Hill,Larkspur,18-46,,2,2,1,1010,8/7/2023,,,80%,1780,1.76,1780,1.76,2023-07-30,2023-09-13,46,38
Liberty Hill,Larkspur,18-46,,2,2,1,1010,10/5/2024,,12,80%,1695,1.68,1695,1.68,2024-08-30,2024-10-09,41,5
Liberty Hill,Larkspur,12-69,,2,2,1,1010,8/20/2024,,12,80%,1695,1.68,1695,1.68,2024-07-14,2024-09-13,62,25
Liberty Hill,Larkspur,12-69,,2,2,1,1010,10/3/2025,,12,80%,1699,1.68,1557,1.54,2025-08-28,2025-11-10,75,39
Liberty Hill,Larkspur,20-70,,2,2,1,1010,5/21/2025,,12,80%,1699,1.68,1666,1.65,2025-04-08,2025-08-09,124,81
Liberty Hill,Larkspur,10-42,,2,2,1,1010,7/28/2024,,12,80%,1699,1.68,1699,1.68,2024-06-25,2024-08-13,50,17
Liberty Hill,Larkspur,11-58,,2,2,1,1010,7/20/2024,,12,80%,1699,1.68,1699,1.68,2024-05-12,2024-08-11,92,23
Liberty Hill,Larkspur,10-46,,2,2,1,1010,5/10/2024,,12,80%,1680,1.66,1551,1.54,2024-04-05,2024-05-12,38,3
Liberty Hill,Larkspur,10-46,,2,2,1,1010,5/29/2025,,12,80%,1699,1.68,1699,1.68,2025-04-01,2025-07-24,115,57
Liberty Hill,Larkspur,07-43,,2,2,1,1010,2/3/2024,,12,80%,1714,1.7,1714,1.7,2023-12-15,2024-04-02,110,60
Liberty Hill,Larkspur,02-61,,2,2,1,1010,11/10/2024,,12,80%,1634,1.62,1498,1.48,2024-09-14,2024-12-13,91,34
Liberty Hill,Larkspur,02-61,,2,2,1,1010,10/7/2025,,12,80%,1715,1.7,1572,1.56,2025-09-25,2026-01-11,109,97
Liberty Hill,Larkspur,42-34,,2,2,1,1010,6/1/2024,,,80%,1746,1.73,1746,1.73,2024-04-30,2024-05-04,5,0
Liberty Hill,Larkspur,42-34,,2,2,1,1010,1/31/2026,,12,80%,1715,1.7,1572,1.56,2025-06-03,2026-01-07,219,0
Liberty Hill,Larkspur,10-44,,2,2,1,1010,4/26/2024,,12,80%,1732,1.71,1732,1.71,2024-03-20,2024-04-30,42,5
Liberty Hill,Larkspur,10-44,,2,2,1,1010,5/7/2025,,12,80%,1728,1.71,1728,1.71,2025-04-15,2025-06-03,50,28
Liberty Hill,Larkspur,10-44,,2,2,1,1010,11/11/2025,,12,80%,1722,1.7,1578,1.56,2025-09-25,2026-01-21,119,72
Liberty Hill,Larkspur,05-31,,2,2,1,1010,8/10/2025,,12,80%,1725,1.71,1725,1.71,2025-06-28,2025-07-15,18,0
Liberty Hill,Larkspur,42-32,,2,2,1,1010,9/2/2024,,12,80%,1695,1.68,1695,1.68,2024-07-25,2024-09-26,64,25
Liberty Hill,Larkspur,42-32,,2,2,1,1010,10/11/2025,,12,80%,1729,1.71,1585,1.57,2025-09-04,2025-11-25,83,46
Liberty Hill,Larkspur,03-53,,2,2,1,1010,10/13/2023,,,80%,1762,1.74,1762,1.74,2023-10-12,2024-02-07,119,118
Liberty Hill,Larkspur,03-53,,2,2,1,1010,11/7/2025,,12,80%,1729,1.71,1585,1.57,2025-10-20,2025-11-26,38,20
Liberty Hill,Larkspur,40-56,,2,2,1,1010,2/9/2024,,,80%,1782,1.76,1782,1.76,2024-01-03,2024-01-25,23,0
Liberty Hill,Larkspur,40-56,,2,2,1,1010,8/2/2025,,12,80%,1729,1.71,1729,1.71,2025-06-27,2025-07-20,24,0
Liberty Hill,Larkspur,11-64,,2,2,1,1010,8/26/2024,,12,80%,1695,1.68,1628,1.61,2024-07-23,2024-10-18,88,54
Liberty Hill,Larkspur,11-64,,2,2,1,1010,5/21/2025,,12,80%,1729,1.71,1729,1.71,2025-05-07,2025-07-20,75,61
Liberty Hill,Larkspur,46-46,,2,2,1,1010,6/17/2024,,12,80%,1797,1.78,1797,1.78,2024-06-11,2024-06-14,4,0
Liberty Hill,Larkspur,46-46,,2,2,1,1010,7/3/2025,,12,80%,1729,1.71,1729,1.71,2025-05-29,2025-07-22,55,20
Liberty Hill,Larkspur,05-23,,2,2,1,1010,12/7/2024,,12,80%,1649,1.63,1566,1.55,2024-11-02,2024-11-13,12,0
Liberty Hill,Larkspur,05-23,,2,2,1,1010,10/13/2025,,12,80%,1730,1.71,1586,1.57,2025-09-09,2026-02-12,157,123
Liberty Hill,Larkspur,18-52,,2,2,1,1010,6/25/2025,,12,80%,1738,1.72,1738,1.72,2025-05-03,2025-06-12,41,0
Liberty Hill,Larkspur,01-77,,2,2,1,1010,4/13/2025,,12,80%,1743,1.73,1743,1.73,2025-03-11,2025-03-13,3,0
Liberty Hill,Larkspur,20-68,,2,2,1,1010,3/28/2025,,12,80%,1743,1.73,1743,1.73,2025-02-20,2025-03-01,10,0
Liberty Hill,Larkspur,43-22,,2,2,1,1010,6/22/2024,,12,80%,1726,1.71,1726,1.71,2024-05-14,2024-05-24,11,0
Liberty Hill,Larkspur,43-22,,2,2,1,1010,1/7/2025,,12,80%,1743,1.73,1743,1.73,2024-11-26,2025-02-20,87,45
Liberty Hill,Larkspur,07-47,,2,2,1,1010,3/31/2024,,12,80%,1714,1.7,1714,1.7,2024-02-24,2024-04-17,54,18
Liberty Hill,Larkspur,07-47,,2,2,1,1010,3/8/2025,,12,80%,1743,1.73,1743,1.73,2025-02-14,2025-02-19,6,0
Liberty Hill,Larkspur,13-65,,2,2,1,1010,8/28/2023,,,80%,1799,1.78,1799,1.78,2023-07-22,2023-07-25,4,0
Liberty Hill,Larkspur,13-65,,2,2,1,1010,9/6/2024,,12,80%,1695,1.68,1695,1.68,2024-08-11,2024-09-01,22,0
Liberty Hill,Larkspur,13-65,,2,2,1,1010,10/4/2025,,12,80%,1744,1.73,1677,1.66,2025-08-26,2025-10-08,44,5
Liberty Hill,Larkspur,43-16,,2,2,1,1010,5/17/2025,,12,80%,1749,1.73,1749,1.73,2025-04-15,2025-04-19,5,0
Liberty Hill,Larkspur,46-40,,2,2,1,1010,7/20/2024,,12,80%,1797,1.78,1797,1.78,2024-06-08,2024-06-18,11,0
Liberty Hill,Larkspur,46-40,,2,2,1,1010,9/8/2025,,12,80%,1750,1.73,1604,1.59,2025-08-30,2025-09-16,18,9
Liberty Hill,Larkspur,18-42,,2,2,1,1010,8/22/2024,,12,80%,1695,1.68,1695,1.68,2024-07-17,2024-09-24,70,34
Liberty Hill,Larkspur,18-42,,2,2,1,1010,10/14/2025,,12,80%,1751,1.73,1605,1.59,2025-10-01,2025-11-06,37,24
Liberty Hill,Larkspur,02-59,,2,2,1,1010,5/14/2025,,12,80%,1758,1.74,1758,1.74,2025-04-08,2025-05-28,51,15
Liberty Hill,Larkspur,04-39,,2,2,1,1010,4/8/2024,,12,80%,1758,1.74,1758,1.74,2024-03-01,2024-03-07,7,0
Liberty Hill,Larkspur,02-69,,2,2,1,1010,8/24/2024,,12,80%,1756,1.74,1756,1.74,2024-07-18,2024-08-10,24,0
Liberty Hill,Larkspur,02-69,,2,2,1,1010,10/7/2025,,12,80%,1758,1.74,1612,1.6,2025-07-31,2025-08-23,24,0
Liberty Hill,Larkspur,19-58,,2,2,1,1010,1/5/2024,,,80%,1776,1.76,1776,1.76,2023-12-30,2024-01-16,18,12
Liberty Hill,Larkspur,19-58,,2,2,1,1010,1/17/2025,,12,80%,1634,1.62,1498,1.48,2024-12-20,2024-12-24,5,0
Liberty Hill,Larkspur,19-58,,2,2,1,1010,1/27/2026,,12,80%,1781,1.76,1633,1.62,2026-01-21,2026-02-02,13,7
Liberty Hill,Larkspur,02-63,,2,2,1,1010,6/9/2024,,12,80%,1790,1.77,1790,1.77,2024-05-04,2024-06-26,54,18
Liberty Hill,Larkspur,02-63,,2,2,1,1010,1/7/2026,,12,80%,1781,1.76,1633,1.62,2025-11-12,2026-02-02,83,27
Liberty Hill,Larkspur,11-56,,2,2,1,1010,3/18/2024,,12,80%,1710,1.69,1710,1.69,2024-02-13,2024-04-14,62,28
Liberty Hill,Larkspur,11-56,,2,2,1,1010,5/2/2025,,12,80%,1781,1.76,1781,1.76,2025-04-01,2025-04-09,9,0
Liberty Hill,Larkspur,42-40,,2,2,1,1010,2/29/2024,,,80%,1782,1.76,1782,1.76,2024-02-02,2024-02-13,12,0
Liberty Hill,Larkspur,08-24,,2,2,1,1010,4/7/2025,,12,80%,1785,1.77,1785,1.77,2025-03-20,2025-04-08,20,2
Liberty Hill,Larkspur,10-48,,2,2,1,1010,10/30/2025,,12,80%,1786,1.77,1786,1.77,2025-09-30,2025-11-05,37,7
Liberty Hill,Larkspur,04-43,,2,2,1,1010,9/20/2023,,,80%,1786,1.77,1786,1.77,2023-08-02,2023-10-24,84,35
Liberty Hill,Larkspur,04-41,,2,2,1,1010,9/25/2023,,,80%,1787,1.77,1787,1.77,2023-08-09,2023-11-23,107,60
Liberty Hill,Larkspur,20-74,,2,2,1,1010,5/13/2024,,12,80%,1680,1.66,1551,1.54,2024-04-27,2024-05-11,15,0
Liberty Hill,Larkspur,20-74,,2,2,1,1010,1/29/2025,,12,80%,1642,1.63,1505,1.49,2025-01-23,2025-01-28,6,0
Liberty Hill,Larkspur,20-74,,2,2,1,1010,3/4/2026,,12,80%,1788,1.77,1639,1.62,2026-01-25,2026-03-11,46,8
Liberty Hill,Larkspur,46-38,,2,2,1,1010,10/31/2025,,12,80%,1788,1.77,1639,1.62,2025-09-17,2026-03-18,183,139
Liberty Hill,Larkspur,06-19,,2,2,1,1010,12/31/2025,,12,80%,1789,1.77,1789,1.77,2024-08-31,2025-04-05,218,0
Liberty Hill,Larkspur,19-60,,2,2,1,1010,1/17/2026,,12,80%,1790,1.77,1641,1.62,2025-12-11,2025-12-18,8,0
Liberty Hill,Larkspur,42-38,,2,2,1,1010,8/17/2023,,,80%,1729,1.71,1729,1.71,2023-08-02,2023-12-15,136,121
Liberty Hill,Larkspur,42-38,,2,2,1,1010,9/2/2024,,12,80%,1634,1.62,1498,1.48,2024-09-01,2024-12-25,116,115
Liberty Hill,Larkspur,42-38,,2,2,1,1010,1/10/2026,,12,80%,1790,1.77,1641,1.62,2025-12-09,2025-12-10,2,0
Liberty Hill,Larkspur,05-25,,2,2,1,1010,8/8/2023,,,80%,1791,1.77,1791,1.77,2023-07-04,2023-10-12,101,66
Liberty Hill,Larkspur,43-18,,2,2,1,1010,7/14/2024,,12,80%,1797,1.78,1797,1.78,2024-06-02,2024-06-09,8,0
Liberty Hill,Larkspur,43-18,,2,2,1,1010,7/25/2025,,12,80%,1792,1.77,1643,1.63,2025-06-13,2025-08-30,79,37
Liberty Hill,Larkspur,11-62,,2,2,1,1010,5/7/2024,,12,80%,1722,1.7,1722,1.7,2024-04-17,2024-04-21,5,0
Liberty Hill,Larkspur,11-62,,2,2,1,1010,8/7/2025,,12,80%,1792,1.77,1643,1.63,2025-06-24,2025-08-30,68,24
Liberty Hill,Larkspur,18-50,,2,2,1,1010,6/24/2024,,12,80%,1688,1.67,1688,1.67,2024-05-21,2024-05-23,3,0
Liberty Hill,Larkspur,18-50,,2,2,1,1010,1/7/2026,,12,80%,1812,1.79,1661,1.64,2025-12-02,2026-02-25,86,50
Liberty Hill,Larkspur,05-21,,2,2,1,1010,7/12/2024,,12,80%,1749,1.73,1749,1.73,2024-06-02,2024-06-07,6,0
Liberty Hill,Larkspur,05-21,,2,2,1,1010,4/7/2026,,12,80%,1818,1.8,1666,1.65,2026-03-01,2026-03-10,10,0
Liberty Hill,Larkspur,12-73,,2,2,1,1010,8/15/2024,,12,80%,1695,1.68,1695,1.68,2024-07-09,2024-08-30,53,16
Liberty Hill,Larkspur,12-73,,2,2,1,1010,9/19/2025,,12,80%,1744,1.73,1677,1.66,2025-08-19,2025-10-11,54,23
Liberty Hill,Larkspur,12-73,,2,2,1,1010,1/13/2026,,12,80%,1819,1.8,1667,1.65,2026-01-11,2026-02-20,41,39
Liberty Hill,Larkspur,43-24,,2,2,1,1010,7/7/2023,,,80%,1821,1.8,1821,1.8,2023-06-29,2023-08-09,42,34
Liberty Hill,Larkspur,09-36,,2,2,1,1010,9/27/2023,,,80%,1734,1.72,1734,1.72,2023-08-27,2024-01-02,129,98
Liberty Hill,Larkspur,09-36,,2,2,1,1010,1/16/2026,,12,80%,1823,1.8,1671,1.65,2025-11-05,2026-03-25,141,69
Liberty Hill,Larkspur,07-39,,2,2,1,1010,12/7/2023,,,80%,1774,1.76,1774,1.76,2023-11-04,2024-01-12,70,37
Liberty Hill,Larkspur,07-39,,2,2,1,1010,5/18/2024,,12,80%,1734,1.72,1734,1.72,2024-04-14,2024-05-07,24,0
Liberty Hill,Larkspur,07-39,,2,2,1,1010,6/6/2025,,12,80%,1726,1.71,1726,1.71,2025-04-03,2025-07-16,105,41
Liberty Hill,Larkspur,07-39,,2,2,1,1010,3/28/2026,,12,80%,1823,1.8,1671,1.65,2026-03-04,2026-03-21,18,0
Liberty Hill,Larkspur,40-54,,2,2,1,1010,1/19/2024,,,80%,1756,1.74,1756,1.74,2023-12-07,2024-01-04,29,0
Liberty Hill,Larkspur,40-54,,2,2,1,1010,12/31/2026,,12,80%,1829,1.81,1677,1.66,2025-08-01,2026-03-31,243,0
Liberty Hill,Larkspur,01-81,,2,2,1,1010,4/22/2026,,12,80%,1853,1.83,1699,1.68,2026-03-18,2026-03-25,8,0
Liberty Hill,Larkspur,09-40,,2,2,1,1010,4/8/2026,,12,80%,1867,1.85,1711,1.69,2026-03-03,2026-03-28,26,0
Liberty Hill,Larkspur,19-64,1,2,2,1,1010,8/9/2024,,12,80%,1853,1.83,1853,1.83,2024-07-04,2024-07-12,9,0
Liberty Hill,Larkspur,19-64,1,2,2,1,1010,Now,,12,80%,1870,1.85,1714,1.7,2026-05-05,,70,66
Liberty Hill,Larkspur,40-58,,2,2,1,1010,5/22/2026,,12,80%,1874,1.86,1718,1.7,2026-04-09,2026-04-12,4,0
Liberty Hill,Larkspur,06-17,,2,2,1,1010,4/2/2024,,12,80%,1733,1.72,1733,1.72,2024-02-27,2024-04-21,55,20
Liberty Hill,Larkspur,06-17,,2,2,1,1010,12/31/2025,,12,80%,1788,1.77,1788,1.77,2024-08-31,2025-05-10,253,0
Liberty Hill,Larkspur,06-17,,2,2,1,1010,5/24/2026,,12,80%,1899,1.88,1741,1.72,2026-04-11,2026-06-27,78,35
Liberty Hill,Larkspur,11-60,,2,2,1,1010,6/7/2026,,12,80%,1926,1.91,1926,1.91,2026-04-16,2026-04-30,15,0
Liberty Hill,Larkspur,43-20,,2,2,1,1010,1/15/2025,,12,80%,1680,1.66,1680,1.66,2024-04-02,2024-05-18,47,0
Liberty Hill,Larkspur,43-20,,2,2,1,1010,Now,,12,80%,1926,1.91,1766,1.75,2026-05-11,,64,45
Liberty Hill,Larkspur,04-35,,2,2,1,1010,Now,,12,80%,1926,1.91,1766,1.75,2026-06-25,,19,11
Liberty Hill,Larkspur,41-48,,2,2,1,1010,1/15/2025,,12,80%,1753,1.74,1753,1.74,2024-05-10,2024-05-29,20,0
Liberty Hill,Larkspur,41-48,,2,2,1,1010,Now,,12,80%,1926,1.91,1766,1.75,2026-05-19,,56,23
Liberty Hill,Larkspur,09-38,,2,2,1,1010,6/7/2024,,12,80%,1688,1.67,1688,1.67,2024-05-01,2024-05-23,23,0
Liberty Hill,Larkspur,09-38,,2,2,1,1010,7/16/2026,,12,80%,1926,1.91,1766,1.75,2026-06-13,,31,0
Liberty Hill,Larkspur,05-29,,2,2,1,1010,5/15/2025,,12,80%,1740,1.72,1740,1.72,2025-04-09,2025-06-17,70,34
Liberty Hill,Larkspur,05-29,,2,2,1,1010,7/2/2026,,12,80%,1937,1.92,1937,1.92,2026-05-13,2026-05-28,16,0
Liberty Hill,Larkspur,03-49,,2,2,1,1010,5/13/2024,,12,80%,1680,1.66,1551,1.54,2024-03-30,2024-05-16,48,4
Liberty Hill,Larkspur,03-49,,2,2,1,1010,6/4/2025,,12,80%,1747,1.73,1747,1.73,2025-05-01,2025-06-19,50,16
Liberty Hill,Larkspur,03-49,,2,2,1,1010,7/7/2026,,12,80%,1951,1.93,1951,1.93,2026-05-06,2026-05-11,6,0
Liberty Hill,Larkspur,01-79,,2,2,1,1010,7/14/2024,,12,80%,1795,1.78,1795,1.78,2024-06-12,2024-06-21,10,0
Liberty Hill,Larkspur,01-79,,2,2,1,1010,8/1/2026,,12,80%,1956,1.94,1793,1.78,2026-06-24,,20,0
Liberty Hill,Larkspur,02-67,,2,2,1,1010,10/9/2023,,,80%,1820,1.8,1820,1.8,2023-09-20,2023-11-04,46,27
Liberty Hill,Larkspur,02-67,,2,2,1,1010,8/14/2026,,12,80%,1956,1.94,1793,1.78,2026-07-12,,2,0
Liberty Hill,Larkspur,06-15,,2,2,1,1010,7/8/2025,,12,80%,1715,1.7,1715,1.7,2025-06-18,2025-06-30,13,0
Liberty Hill,Larkspur,06-15,,2,2,1,1010,8/7/2026,,12,80%,1956,1.94,1793,1.78,2026-07-01,,13,0
Liberty Hill,Larkspur,13-63,,2,2,1,1010,4/6/2024,,,80%,1782,1.76,1782,1.76,2024-01-10,2024-01-18,9,0
Liberty Hill,Larkspur,13-63,,2,2,1,1010,8/7/2026,,12,80%,1956,1.94,1793,1.78,2026-07-01,2026-07-06,6,0
Liberty Hill,Larkspur,20-72,,2,2,1,1010,7/15/2024,,12,80%,1790,1.77,1790,1.77,2024-06-19,2024-06-23,5,0
Liberty Hill,Larkspur,20-72,,2,2,1,1010,7/21/2026,,12,80%,1956,1.94,1793,1.78,2026-06-16,,28,0
Liberty Hill,Wintercress,26-31,,2,2,1,1030,3/16/2024,,11,80%,1866,1.81,1866,1.81,2024-02-09,2024-04-21,73,37
Liberty Hill,Wintercress,26-31,,2,2,1,1030,10/30/2024,,12,80%,1714,1.66,1571,1.53,2024-10-25,2024-12-14,51,46
Liberty Hill,Wintercress,24-47,,2,2,1,1030,10/7/2023,,,80%,1899,1.84,1899,1.84,2023-09-02,2023-10-06,35,0
Liberty Hill,Wintercress,24-47,,2,2,1,1030,11/8/2024,,12,80%,1714,1.66,1571,1.53,2024-09-18,2025-01-04,109,58
Liberty Hill,Wintercress,22-83,,2,2,1,1030,12/11/2024,,12,80%,1714,1.66,1571,1.53,2024-10-23,2025-01-04,74,25
Liberty Hill,Wintercress,23-61,,2,2,1,1030,1/22/2025,,12,80%,1716,1.67,1573,1.53,2024-12-14,2025-01-05,23,0
Liberty Hill,Wintercress,33-85,,2,2,1,1030,9/27/2023,,,80%,1899,1.84,1899,1.84,2023-09-21,2023-10-07,17,11
Liberty Hill,Wintercress,33-85,,2,2,1,1030,11/12/2024,,12,80%,1720,1.67,1577,1.53,2024-09-11,2025-01-15,127,65
Liberty Hill,Wintercress,25-43,,2,2,1,1030,1/7/2024,,,80%,1894,1.84,1894,1.84,2023-12-07,2024-01-23,48,17
Liberty Hill,Wintercress,25-43,,2,2,1,1030,11/7/2024,,12,80%,1724,1.67,1580,1.53,2024-11-01,2025-01-18,79,73
Liberty Hill,Wintercress,33-89,,2,2,1,1030,8/17/2023,,,80%,1879,1.82,1879,1.82,2023-07-11,2023-09-01,53,16
Liberty Hill,Wintercress,33-89,,2,2,1,1030,9/21/2024,,12,80%,1729,1.68,1646,1.6,2024-08-03,2024-11-17,107,58
Liberty Hill,Wintercress,22-77,,2,2,1,1030,3/19/2024,,12,80%,1856,1.8,1856,1.8,2024-02-13,2024-06-11,120,85
Liberty Hill,Wintercress,22-77,,2,2,1,1030,11/7/2024,,12,80%,1765,1.71,1765,1.71,2024-10-03,2024-11-02,31,0
Liberty Hill,Wintercress,23-71,,2,2,1,1030,5/10/2024,,,80%,1864,1.81,1864,1.81,2024-03-28,2024-05-02,36,0
Liberty Hill,Wintercress,23-71,,2,2,1,1030,11/23/2025,,12,80%,1781,1.73,1633,1.59,2025-10-24,2025-12-05,43,13
Liberty Hill,Wintercress,34-65,,2,2,1,1030,1/7/2024,,,80%,1894,1.84,1894,1.84,2023-12-02,2024-01-24,54,18
Liberty Hill,Wintercress,34-65,,2,2,1,1030,1/6/2026,,12,80%,1789,1.74,1640,1.59,2025-11-14,2025-12-17,34,0
Liberty Hill,Wintercress,24-49,,2,2,1,1030,8/21/2024,,12,80%,1795,1.74,1795,1.74,2024-07-16,2024-09-07,54,18
Liberty Hill,Wintercress,23-69,,2,2,1,1030,10/5/2023,,,80%,1879,1.82,1879,1.82,2023-08-29,2023-09-09,12,0
Liberty Hill,Wintercress,23-69,,2,2,1,1030,10/21/2024,,12,80%,1795,1.74,1795,1.74,2024-09-11,2024-09-15,5,0
Liberty Hill,Wintercress,24-51,,2,2,1,1030,6/19/2023,,,80%,1818,1.77,1818,1.77,2023-06-19,2023-06-22,4,4
Liberty Hill,Wintercress,23-67,,2,2,1,1030,7/8/2023,,,80%,1905,1.85,1905,1.85,2023-07-01,2023-07-21,21,14
Liberty Hill,Wintercress,23-67,,2,2,1,1030,11/19/2025,,12,80%,1820,1.77,1668,1.62,2025-10-15,2026-01-04,82,47
Liberty Hill,Wintercress,32-97,,2,2,1,1030,7/10/2023,,,80%,1905,1.85,1905,1.85,2023-07-09,2023-07-14,6,5
Liberty Hill,Wintercress,32-97,,2,2,1,1030,7/24/2024,,12,80%,1898,1.84,1898,1.84,2024-06-18,2024-06-23,6,0
Liberty Hill,Wintercress,32-97,,2,2,1,1030,3/7/2025,,12,80%,1824,1.77,1824,1.77,2025-02-05,2025-03-13,37,7
Liberty Hill,Wintercress,22-79,,2,2,1,1030,8/4/2023,,,80%,1884,1.83,1884,1.83,2023-06-19,2023-08-26,69,23
Liberty Hill,Wintercress,22-79,,2,2,1,1030,9/15/2024,,12,80%,1795,1.74,1795,1.74,2024-08-09,2024-10-01,54,17
Liberty Hill,Wintercress,22-79,,2,2,1,1030,10/7/2025,,12,80%,1827,1.77,1757,1.71,2025-09-03,2025-10-11,39,5
Liberty Hill,Wintercress,34-69,,2,2,1,1030,4/15/2024,,,80%,1864,1.81,1864,1.81,2024-03-12,2024-05-03,53,19
Liberty Hill,Wintercress,34-69,,2,2,1,1030,8/13/2024,,12,80%,1836,1.78,1836,1.78,2024-08-07,2024-08-24,18,12
Liberty Hill,Wintercress,33-81,,2,2,1,1030,4/3/2024,,12,80%,1836,1.78,1836,1.78,2024-04-02,2024-04-09,8,7
Liberty Hill,Wintercress,34-73,,2,2,1,1030,3/15/2024,,12,80%,1846,1.79,1846,1.79,2024-02-09,2024-04-17,69,34
Liberty Hill,Wintercress,32-103,,2,2,1,1030,2/16/2026,,12,80%,1854,1.8,1700,1.65,2026-01-11,2026-02-27,48,12
Liberty Hill,Wintercress,26-27,,2,2,1,1030,12/7/2023,,,80%,1855,1.8,1855,1.8,2023-11-07,2023-12-24,48,18
Liberty Hill,Wintercress,33-87,,2,2,1,1030,6/13/2024,,12,80%,1866,1.81,1866,1.81,2024-05-10,2024-08-01,84,50
Liberty Hill,Wintercress,32-99,3,2,2,1,1030,3/21/2024,,12,80%,1868,1.81,1868,1.81,2024-02-15,2024-03-02,17,0
Liberty Hill,Wintercress,34-75,,2,2,1,1030,3/7/2024,,12,80%,1874,1.82,1874,1.82,2024-02-09,2024-03-12,33,6
Liberty Hill,Wintercress,26-33,,2,2,1,1030,4/19/2024,,12,80%,1836,1.78,1836,1.78,2024-03-13,2024-04-03,22,0
Liberty Hill,Wintercress,26-33,,2,2,1,1030,5/8/2025,,12,80%,1880,1.83,1880,1.83,2025-04-03,2025-04-06,4,0
Liberty Hill,Wintercress,33-83,3,2,2,1,1030,6/7/2024,,,80%,1878,1.82,1878,1.82,2024-04-28,2024-05-04,7,0
Liberty Hill,Wintercress,33-83,3,2,2,1,1030,6/7/2025,,11,80%,1887,1.83,1887,1.83,2025-05-28,2025-06-25,29,19
Liberty Hill,Wintercress,32-105,,2,2,1,1030,9/6/2025,,12,80%,1901,1.85,1868,1.81,2025-07-26,2025-08-01,7,0
Liberty Hill,Wintercress,32-101,,2,2,1,1030,4/30/2025,,12,80%,1880,1.83,1880,1.83,2025-03-06,2025-03-15,10,0
Liberty Hill,Wintercress,32-101,,2,2,1,1030,5/14/2026,,12,80%,1909,1.85,1909,1.85,2026-04-08,2026-04-14,7,0
Liberty Hill,Wintercress,34-67,,2,2,1,1030,6/18/2024,,12,80%,1898,1.84,1898,1.84,2024-05-11,2024-06-25,46,8
Liberty Hill,Wintercress,34-67,,2,2,1,1030,4/16/2026,,11,80%,1921,1.87,1921,1.87,2026-03-17,2026-04-14,29,0
Liberty Hill,Wintercress,26-29,,2,2,1,1030,6/19/2023,,,80%,1849,1.8,1849,1.8,2023-06-19,2023-06-30,12,12
Liberty Hill,Wintercress,26-29,,2,2,1,1030,4/29/2024,,12,80%,1866,1.81,1866,1.81,2024-04-23,2024-05-07,15,9
Liberty Hill,Wintercress,26-29,,2,2,1,1030,5/23/2025,,11,80%,1887,1.83,1887,1.83,2025-03-18,2025-06-29,104,38
Liberty Hill,Wintercress,26-29,,2,2,1,1030,8/8/2026,,12,80%,1990,1.93,1824,1.77,2026-06-18,,26,0
Liberty Hill,Wintercress,25-39,,2,2,1,1030,12/7/2023,,12,80%,2049,1.99,2049,1.99,2023-11-01,2024-04-02,154,118
Liberty Hill,Wintercress,25-39,,2,2,1,1030,1/7/2025,,12,80%,2024,1.97,2024,1.97,2024-08-20,2025-03-14,207,67
Liberty Hill,Allysum,16-69,,2,2,,982,6/19/2023,,,60%,2001,2.04,2001,2.04,2023-06-19,2023-07-01,13,13
Liberty Hill,Allysum,16-69,,2,2,,982,4/17/2024,,12,60%,1716,1.75,1716,1.75,2024-03-12,2024-03-23,12,0
Liberty Hill,Allysum,16-69,,2,2,,982,8/7/2024,,12,60%,1770,1.8,1770,1.8,2024-07-10,2024-07-12,3,0
Liberty Hill,Allysum,16-69,,2,2,,982,11/15/2024,,12,60%,1650,1.68,1650,1.68,2024-10-11,2024-10-29,19,0
Liberty Hill,Allysum,16-59,1,2,2,,982,6/29/2024,,12,80%,1744,1.78,1744,1.78,2024-05-24,2024-06-29,37,1
Liberty Hill,Allysum,16-59,1,2,2,,982,7/17/2025,,12,80%,1677,1.71,1677,1.71,2025-06-13,2025-07-02,20,0
Liberty Hill,Allysum,16-63,,2,2,,982,6/19/2023,,,80%,1963,2,1963,2,2023-06-19,2023-06-21,3,3
Liberty Hill,Allysum,16-63,,2,2,,982,7/2/2024,,12,80%,1715,1.75,1715,1.75,2024-05-06,2024-05-07,2,0
Liberty Hill,Allysum,16-77,1,2,2,,982,8/25/2023,,,80%,1738,1.77,1738,1.77,2023-08-05,2023-08-30,26,6
Liberty Hill,Allysum,16-77,1,2,2,,982,8/22/2024,,12,80%,1685,1.72,1685,1.72,2024-08-16,2024-08-25,10,4
Liberty Hill,Allysum,16-77,1,2,2,,982,9/21/2025,,12,80%,1728,1.76,1584,1.61,2025-07-23,2025-09-05,45,0
Liberty Hill,Allysum,16-73,,2,2,,982,5/7/2024,,12,80%,1705,1.74,1705,1.74,2024-03-26,2024-03-28,3,0
Liberty Hill,Allysum,16-73,,2,2,,982,5/16/2025,,12,80%,1691,1.72,1691,1.72,2025-03-25,2025-04-15,22,0
Liberty Hill,Allysum,16-73,,2,2,,982,4/29/2026,,12,80%,1853,1.89,1853,1.89,2026-04-25,2026-05-05,11,7
Liberty Hill,Bluebell,44-84,,3,2,1,1157,4/24/2024,,12,80%,2049,1.77,1891,1.63,2024-04-20,2024-05-11,22,18
Liberty Hill,Bluebell,44-84,,3,2,1,1157,12/23/2024,,12,80%,2039,1.76,2039,1.76,2024-12-17,2025-03-20,94,88
Liberty Hill,Bluebell,44-94,,3,2,1,1157,7/14/2025,,12,80%,2058,1.78,1886,1.63,2025-07-08,2025-09-09,64,58
Liberty Hill,Bluebell,15-33,,3,2,1,1157,3/21/2024,,12,80%,2055,1.78,1897,1.64,2024-03-15,2024-05-14,61,55
Liberty Hill,Bluebell,15-33,,3,2,1,1157,6/13/2025,,12,80%,2060,1.78,1888,1.63,2025-05-09,2025-08-19,103,68
Liberty Hill,Bluebell,45-58,,3,2,1,1157,7/6/2025,,12,80%,2060,1.78,1888,1.63,2025-05-30,2025-08-20,83,46
Liberty Hill,Bluebell,15-25,,3,2,1,1157,9/21/2025,,12,80%,2098,1.81,1923,1.66,2025-08-15,2025-08-21,7,0
Liberty Hill,Bluebell,45-64,,3,2,1,1157,8/7/2025,,12,80%,2104,1.82,1929,1.67,2025-07-15,2025-09-12,60,37
Liberty Hill,Bluebell,14-47,,3,2,1,1157,5/9/2024,,12,80%,2094,1.81,2094,1.81,2024-04-03,2024-06-06,65,29
Liberty Hill,Bluebell,14-47,,3,2,1,1157,1/7/2025,,12,80%,2110,1.82,2110,1.82,2025-01-01,2025-06-18,169,163
Liberty Hill,Bluebell,21-84,,3,2,1,1157,8/25/2023,,,80%,2205,1.91,2205,1.91,2023-07-18,2023-07-23,6,0
Liberty Hill,Bluebell,21-84,,3,2,1,1157,4/7/2025,,12,80%,2116,1.83,2116,1.83,2025-03-04,2025-06-12,101,67
Liberty Hill,Bluebell,15-35,,3,2,1,1157,8/25/2024,,12,80%,2166,1.87,2166,1.87,2024-07-01,2024-07-11,11,0
Liberty Hill,Bluebell,17-30,,3,2,1,1157,7/20/2024,,12,80%,2115,1.83,2115,1.83,2024-06-09,2024-06-14,6,0
Liberty Hill,Bluebell,17-30,,3,2,1,1157,8/1/2026,,12,80%,2171,1.88,1990,1.72,2026-06-30,,14,0
Liberty Hill,Bluebell,21-86,,3,2,1,1157,Now,,12,80%,2171,1.88,1990,1.72,2026-04-22,,83,21
Liberty Hill,Bluebell,17-38,,3,2,1,1157,3/12/2024,,12,80%,2242,1.94,2242,1.94,2024-02-02,2024-03-14,42,3
Liberty Hill,Bluebell,17-38,,3,2,1,1157,11/7/2024,,12,80%,2189,1.89,2106,1.82,2024-10-26,2024-11-12,18,6
Liberty Hill,Bluebell,17-38,,3,2,1,1157,3/25/2025,,10,80%,2147,1.86,2147,1.86,2025-02-21,2025-05-27,96,64
Liberty Hill,Bluebell,17-38,,3,2,1,1157,12/8/2025,,12,80%,2211,1.91,2027,1.75,2025-11-06,2025-12-18,43,11
Liberty Hill,Bluebell,17-38,,3,2,1,1157,8/19/2026,,12,80%,2171,1.88,1990,1.72,2026-07-12,,2,0
Liberty Hill,Bluebell,15-29,,3,2,1,1157,6/7/2025,,12,80%,2115,1.83,2115,1.83,2025-04-30,2025-05-14,15,0
Liberty Hill,Bluebell,15-29,,3,2,1,1157,Now,,12,80%,2171,1.88,1990,1.72,2026-01-22,,173,30
Liberty Hill,Bluebell,17-36,,3,2,1,1157,2/21/2024,,,80%,2151,1.86,2151,1.86,2024-01-17,2024-05-02,107,72
Liberty Hill,Bluebell,17-36,,3,2,1,1157,5/7/2025,,11,80%,2150,1.86,2150,1.86,2025-02-28,2025-03-23,24,0
Liberty Hill,Bluebell,17-36,,3,2,1,1157,Now,,12,80%,2171,1.88,1990,1.72,2026-04-15,,90,54
Liberty Hill,Bluebell,14-45,,3,2,1,1157,5/26/2024,,9,80%,2173,1.88,2173,1.88,2024-04-20,2024-06-19,61,25
Liberty Hill,Bluebell,14-49,,3,2,1,1157,6/19/2023,,,80%,1971,1.7,1971,1.7,2023-06-19,2023-06-29,11,11
Liberty Hill,Bluebell,14-49,,3,2,1,1157,6/13/2026,,12,80%,2187,1.89,2187,1.89,2026-05-05,2026-06-25,52,13
Liberty Hill,Bluebell,44-82,,3,2,1,1157,11/18/2023,,,80%,2255,1.95,2255,1.95,2023-09-17,2023-10-07,21,0
Liberty Hill,Bluebell,44-82,,3,2,1,1157,11/29/2024,,12,80%,2192,1.89,2009,1.74,2024-10-25,2024-12-01,38,3
Liberty Hill,Bluebell,21-82,,3,2,1,1157,5/8/2024,,10,80%,2201,1.9,2201,1.9,2024-03-28,2024-05-07,41,0
Liberty Hill,Bluebell,45-56,,3,2,1,1157,7/22/2023,,,80%,2223,1.92,2223,1.92,2023-07-13,2023-08-30,49,40
Liberty Hill,Bluebell,17-28,1,3,2,1,1157,7/21/2025,,12,80%,2068,1.79,1896,1.64,2025-07-04,2025-08-15,43,26
Liberty Hill,Bluebell,17-28,1,3,2,1,1157,2/26/2026,,12,80%,2235,1.93,2049,1.77,2026-02-20,2026-02-24,5,0
Liberty Hill,Bluebell,21-78,,3,2,1,1157,8/14/2023,,,80%,2074,1.79,2074,1.79,2023-07-08,2023-07-12,5,0
Liberty Hill,Bluebell,21-78,,3,2,1,1157,3/18/2026,,12,80%,2244,1.94,2057,1.78,2026-03-10,2026-03-18,9,1
Liberty Hill,Bluebell,21-80,,3,2,1,1157,2/27/2024,,11,80%,2137,1.85,2137,1.85,2024-01-21,2024-04-27,98,61
Liberty Hill,Bluebell,21-80,,3,2,1,1157,5/9/2026,,12,80%,2262,1.96,2074,1.79,2026-04-07,2026-04-08,2,0